Warning: Can't read link_library file '/home1/14_nmts/14_nmts/stdcell_hvt/db_ccs/*.db'. (UID-3)
Warning: Can't read link_library file '/home1/14_nmts/14_nmts/stdcell_lvt/db_ccs/*.db'. (UID-3)
Warning: Can't read link_library file '/home1/14_nmts/14_nmts/stdcell_rvt/db_ccs/*.dc'. (UID-3)
Warning: Can't read link_library file '/home1/14_nmts/14_nmts/stdcell_slvt/db_ccs/*.db'. (UID-3)
Error: Could not read the following target libraries:
/home1/14_nmts/14_nmts/stdcell_hvt/db_ccs/*.db /home1/14_nmts/14_nmts/stdcell_lvt/db_ccs/*.db /home1/14_nmts/14_nmts/stdcell_rvt/db_ccs/*.dc /home1/14_nmts/14_nmts/stdcell_slvt/db_ccs/*.db 
 (UIO-3)
Information: Checking out the license 'DesignWare'. (SEC-104)
Warning: Can't read link_library file '/home1/14_nmts/14_nmts/stdcell_hvt/db_ccs/*.db'. (UID-3)
Warning: Can't read link_library file '/home1/14_nmts/14_nmts/stdcell_lvt/db_ccs/*.db'. (UID-3)
Warning: Can't read link_library file '/home1/14_nmts/14_nmts/stdcell_rvt/db_ccs/*.dc'. (UID-3)
Warning: Can't read link_library file '/home1/14_nmts/14_nmts/stdcell_slvt/db_ccs/*.db'. (UID-3)
Warning: Can't read link_library file '/home1/14_nmts/14_nmts/stdcell_hvt/db_ccs/*.db'. (UID-3)
Warning: Can't read link_library file '/home1/14_nmts/14_nmts/stdcell_lvt/db_ccs/*.db'. (UID-3)
Warning: Can't read link_library file '/home1/14_nmts/14_nmts/stdcell_rvt/db_ccs/*.dc'. (UID-3)
Warning: Can't read link_library file '/home1/14_nmts/14_nmts/stdcell_slvt/db_ccs/*.db'. (UID-3)
Warning: Can't read link_library file '/home1/14_nmts/14_nmts/stdcell_hvt/db_ccs/*.db'. (UID-3)
Warning: Can't read link_library file '/home1/14_nmts/14_nmts/stdcell_lvt/db_ccs/*.db'. (UID-3)
Warning: Can't read link_library file '/home1/14_nmts/14_nmts/stdcell_rvt/db_ccs/*.dc'. (UID-3)
Warning: Can't read link_library file '/home1/14_nmts/14_nmts/stdcell_slvt/db_ccs/*.db'. (UID-3)
Warning: Can't read link_library file '/home1/14_nmts/14_nmts/stdcell_hvt/db_ccs/*.db'. (UID-3)
Warning: Can't read link_library file '/home1/14_nmts/14_nmts/stdcell_lvt/db_ccs/*.db'. (UID-3)
Warning: Can't read link_library file '/home1/14_nmts/14_nmts/stdcell_rvt/db_ccs/*.dc'. (UID-3)
Warning: Can't read link_library file '/home1/14_nmts/14_nmts/stdcell_slvt/db_ccs/*.db'. (UID-3)
Warning: Can't read link_library file '/home1/14_nmts/14_nmts/stdcell_hvt/db_ccs/*.db'. (UID-3)
Warning: Can't read link_library file '/home1/14_nmts/14_nmts/stdcell_lvt/db_ccs/*.db'. (UID-3)
Warning: Can't read link_library file '/home1/14_nmts/14_nmts/stdcell_rvt/db_ccs/*.dc'. (UID-3)
Warning: Can't read link_library file '/home1/14_nmts/14_nmts/stdcell_slvt/db_ccs/*.db'. (UID-3)
Warning: Can't read link_library file '/home1/14_nmts/14_nmts/stdcell_hvt/db_ccs/*.db'. (UID-3)
Warning: Can't read link_library file '/home1/14_nmts/14_nmts/stdcell_lvt/db_ccs/*.db'. (UID-3)
Warning: Can't read link_library file '/home1/14_nmts/14_nmts/stdcell_rvt/db_ccs/*.dc'. (UID-3)
Warning: Can't read link_library file '/home1/14_nmts/14_nmts/stdcell_slvt/db_ccs/*.db'. (UID-3)
Warning: Can't read link_library file '/home1/14_nmts/14_nmts/stdcell_hvt/db_ccs/*.db'. (UID-3)
Warning: Can't read link_library file '/home1/14_nmts/14_nmts/stdcell_lvt/db_ccs/*.db'. (UID-3)
Warning: Can't read link_library file '/home1/14_nmts/14_nmts/stdcell_rvt/db_ccs/*.dc'. (UID-3)
Warning: Can't read link_library file '/home1/14_nmts/14_nmts/stdcell_slvt/db_ccs/*.db'. (UID-3)
Warning: Can't read link_library file '/home1/14_nmts/14_nmts/stdcell_hvt/db_ccs/*.db'. (UID-3)
Warning: Can't read link_library file '/home1/14_nmts/14_nmts/stdcell_lvt/db_ccs/*.db'. (UID-3)
Warning: Can't read link_library file '/home1/14_nmts/14_nmts/stdcell_rvt/db_ccs/*.dc'. (UID-3)
Warning: Can't read link_library file '/home1/14_nmts/14_nmts/stdcell_slvt/db_ccs/*.db'. (UID-3)
Warning: Can't read link_library file '/home1/14_nmts/14_nmts/stdcell_hvt/db_ccs/*.db'. (UID-3)
Warning: Can't read link_library file '/home1/14_nmts/14_nmts/stdcell_lvt/db_ccs/*.db'. (UID-3)
Warning: Can't read link_library file '/home1/14_nmts/14_nmts/stdcell_rvt/db_ccs/*.dc'. (UID-3)
Warning: Can't read link_library file '/home1/14_nmts/14_nmts/stdcell_slvt/db_ccs/*.db'. (UID-3)
Warning: Can't read link_library file '/home1/14_nmts/14_nmts/stdcell_hvt/db_ccs/*.db'. (UID-3)
Warning: Can't read link_library file '/home1/14_nmts/14_nmts/stdcell_lvt/db_ccs/*.db'. (UID-3)
Warning: Can't read link_library file '/home1/14_nmts/14_nmts/stdcell_rvt/db_ccs/*.dc'. (UID-3)
Warning: Can't read link_library file '/home1/14_nmts/14_nmts/stdcell_slvt/db_ccs/*.db'. (UID-3)
Warning: Can't read link_library file '/home1/14_nmts/14_nmts/stdcell_hvt/db_ccs/*.db'. (UID-3)
Warning: Can't read link_library file '/home1/14_nmts/14_nmts/stdcell_lvt/db_ccs/*.db'. (UID-3)
Warning: Can't read link_library file '/home1/14_nmts/14_nmts/stdcell_rvt/db_ccs/*.dc'. (UID-3)
Warning: Can't read link_library file '/home1/14_nmts/14_nmts/stdcell_slvt/db_ccs/*.db'. (UID-3)
Warning: Can't read link_library file '/home1/14_nmts/14_nmts/stdcell_hvt/db_ccs/*.db'. (UID-3)
Warning: Can't read link_library file '/home1/14_nmts/14_nmts/stdcell_lvt/db_ccs/*.db'. (UID-3)
Warning: Can't read link_library file '/home1/14_nmts/14_nmts/stdcell_rvt/db_ccs/*.dc'. (UID-3)
Warning: Can't read link_library file '/home1/14_nmts/14_nmts/stdcell_slvt/db_ccs/*.db'. (UID-3)
Warning: Can't read link_library file '/home1/14_nmts/14_nmts/stdcell_hvt/db_ccs/*.db'. (UID-3)
Warning: Can't read link_library file '/home1/14_nmts/14_nmts/stdcell_lvt/db_ccs/*.db'. (UID-3)
Warning: Can't read link_library file '/home1/14_nmts/14_nmts/stdcell_rvt/db_ccs/*.dc'. (UID-3)
Warning: Can't read link_library file '/home1/14_nmts/14_nmts/stdcell_slvt/db_ccs/*.db'. (UID-3)
Warning: Can't read link_library file '/home1/14_nmts/14_nmts/stdcell_hvt/db_ccs/*.db'. (UID-3)
Warning: Can't read link_library file '/home1/14_nmts/14_nmts/stdcell_lvt/db_ccs/*.db'. (UID-3)
Warning: Can't read link_library file '/home1/14_nmts/14_nmts/stdcell_rvt/db_ccs/*.dc'. (UID-3)
Warning: Can't read link_library file '/home1/14_nmts/14_nmts/stdcell_slvt/db_ccs/*.db'. (UID-3)
Warning: Can't read link_library file '/home1/14_nmts/14_nmts/stdcell_hvt/db_ccs/*.db'. (UID-3)
Warning: Can't read link_library file '/home1/14_nmts/14_nmts/stdcell_lvt/db_ccs/*.db'. (UID-3)
Warning: Can't read link_library file '/home1/14_nmts/14_nmts/stdcell_rvt/db_ccs/*.dc'. (UID-3)
Warning: Can't read link_library file '/home1/14_nmts/14_nmts/stdcell_slvt/db_ccs/*.db'. (UID-3)
Warning: Can't read link_library file '/home1/14_nmts/14_nmts/stdcell_hvt/db_ccs/*.db'. (UID-3)
Warning: Can't read link_library file '/home1/14_nmts/14_nmts/stdcell_lvt/db_ccs/*.db'. (UID-3)
Warning: Can't read link_library file '/home1/14_nmts/14_nmts/stdcell_rvt/db_ccs/*.dc'. (UID-3)
Warning: Can't read link_library file '/home1/14_nmts/14_nmts/stdcell_slvt/db_ccs/*.db'. (UID-3)
Warning: Can't read link_library file '/home1/14_nmts/14_nmts/stdcell_hvt/db_ccs/*.db'. (UID-3)
Warning: Can't read link_library file '/home1/14_nmts/14_nmts/stdcell_lvt/db_ccs/*.db'. (UID-3)
Warning: Can't read link_library file '/home1/14_nmts/14_nmts/stdcell_rvt/db_ccs/*.dc'. (UID-3)
Warning: Can't read link_library file '/home1/14_nmts/14_nmts/stdcell_slvt/db_ccs/*.db'. (UID-3)
Warning: Can't read link_library file '/home1/14_nmts/14_nmts/stdcell_hvt/db_ccs/*.db'. (UID-3)
Warning: Can't read link_library file '/home1/14_nmts/14_nmts/stdcell_lvt/db_ccs/*.db'. (UID-3)
Warning: Can't read link_library file '/home1/14_nmts/14_nmts/stdcell_rvt/db_ccs/*.dc'. (UID-3)
Warning: Can't read link_library file '/home1/14_nmts/14_nmts/stdcell_slvt/db_ccs/*.db'. (UID-3)
Warning: Can't read link_library file '/home1/14_nmts/14_nmts/stdcell_hvt/db_ccs/*.db'. (UID-3)
Warning: Can't read link_library file '/home1/14_nmts/14_nmts/stdcell_lvt/db_ccs/*.db'. (UID-3)
Warning: Can't read link_library file '/home1/14_nmts/14_nmts/stdcell_rvt/db_ccs/*.dc'. (UID-3)
Warning: Can't read link_library file '/home1/14_nmts/14_nmts/stdcell_slvt/db_ccs/*.db'. (UID-3)
Warning: Can't read link_library file '/home1/14_nmts/14_nmts/stdcell_hvt/db_ccs/*.db'. (UID-3)
Warning: Can't read link_library file '/home1/14_nmts/14_nmts/stdcell_lvt/db_ccs/*.db'. (UID-3)
Warning: Can't read link_library file '/home1/14_nmts/14_nmts/stdcell_rvt/db_ccs/*.dc'. (UID-3)
Warning: Can't read link_library file '/home1/14_nmts/14_nmts/stdcell_slvt/db_ccs/*.db'. (UID-3)
Warning: Can't read link_library file '/home1/14_nmts/14_nmts/stdcell_hvt/db_ccs/*.db'. (UID-3)
Warning: Can't read link_library file '/home1/14_nmts/14_nmts/stdcell_lvt/db_ccs/*.db'. (UID-3)
Warning: Can't read link_library file '/home1/14_nmts/14_nmts/stdcell_rvt/db_ccs/*.dc'. (UID-3)
Warning: Can't read link_library file '/home1/14_nmts/14_nmts/stdcell_slvt/db_ccs/*.db'. (UID-3)
Warning: Can't read link_library file '/home1/14_nmts/14_nmts/stdcell_hvt/db_ccs/*.db'. (UID-3)
Warning: Can't read link_library file '/home1/14_nmts/14_nmts/stdcell_lvt/db_ccs/*.db'. (UID-3)
Warning: Can't read link_library file '/home1/14_nmts/14_nmts/stdcell_rvt/db_ccs/*.dc'. (UID-3)
Warning: Can't read link_library file '/home1/14_nmts/14_nmts/stdcell_slvt/db_ccs/*.db'. (UID-3)
Warning: Can't read link_library file '/home1/14_nmts/14_nmts/stdcell_hvt/db_ccs/*.db'. (UID-3)
Warning: Can't read link_library file '/home1/14_nmts/14_nmts/stdcell_lvt/db_ccs/*.db'. (UID-3)
Warning: Can't read link_library file '/home1/14_nmts/14_nmts/stdcell_rvt/db_ccs/*.dc'. (UID-3)
Warning: Can't read link_library file '/home1/14_nmts/14_nmts/stdcell_slvt/db_ccs/*.db'. (UID-3)
Warning: Can't read link_library file '/home1/14_nmts/14_nmts/stdcell_hvt/db_ccs/*.db'. (UID-3)
Warning: Can't read link_library file '/home1/14_nmts/14_nmts/stdcell_lvt/db_ccs/*.db'. (UID-3)
Warning: Can't read link_library file '/home1/14_nmts/14_nmts/stdcell_rvt/db_ccs/*.dc'. (UID-3)
Warning: Can't read link_library file '/home1/14_nmts/14_nmts/stdcell_slvt/db_ccs/*.db'. (UID-3)
Warning: Can't read link_library file '/home1/14_nmts/14_nmts/stdcell_hvt/db_ccs/*.db'. (UID-3)
Warning: Can't read link_library file '/home1/14_nmts/14_nmts/stdcell_lvt/db_ccs/*.db'. (UID-3)
Warning: Can't read link_library file '/home1/14_nmts/14_nmts/stdcell_rvt/db_ccs/*.dc'. (UID-3)
Warning: Can't read link_library file '/home1/14_nmts/14_nmts/stdcell_slvt/db_ccs/*.db'. (UID-3)
  Allocating blocks in 'DW_div_uns_a_width16_b_width15'
Warning: Can't read link_library file '/home1/14_nmts/14_nmts/stdcell_hvt/db_ccs/*.db'. (UID-3)
Warning: Can't read link_library file '/home1/14_nmts/14_nmts/stdcell_lvt/db_ccs/*.db'. (UID-3)
Warning: Can't read link_library file '/home1/14_nmts/14_nmts/stdcell_rvt/db_ccs/*.dc'. (UID-3)
Warning: Can't read link_library file '/home1/14_nmts/14_nmts/stdcell_slvt/db_ccs/*.db'. (UID-3)
Warning: Can't read link_library file '/home1/14_nmts/14_nmts/stdcell_hvt/db_ccs/*.db'. (UID-3)
Warning: Can't read link_library file '/home1/14_nmts/14_nmts/stdcell_lvt/db_ccs/*.db'. (UID-3)
Warning: Can't read link_library file '/home1/14_nmts/14_nmts/stdcell_rvt/db_ccs/*.dc'. (UID-3)
Warning: Can't read link_library file '/home1/14_nmts/14_nmts/stdcell_slvt/db_ccs/*.db'. (UID-3)
Warning: Can't read link_library file '/home1/14_nmts/14_nmts/stdcell_hvt/db_ccs/*.db'. (UID-3)
Warning: Can't read link_library file '/home1/14_nmts/14_nmts/stdcell_lvt/db_ccs/*.db'. (UID-3)
Warning: Can't read link_library file '/home1/14_nmts/14_nmts/stdcell_rvt/db_ccs/*.dc'. (UID-3)
Warning: Can't read link_library file '/home1/14_nmts/14_nmts/stdcell_slvt/db_ccs/*.db'. (UID-3)
Warning: Can't read link_library file '/home1/14_nmts/14_nmts/stdcell_hvt/db_ccs/*.db'. (UID-3)
Warning: Can't read link_library file '/home1/14_nmts/14_nmts/stdcell_lvt/db_ccs/*.db'. (UID-3)
Warning: Can't read link_library file '/home1/14_nmts/14_nmts/stdcell_rvt/db_ccs/*.dc'. (UID-3)
Warning: Can't read link_library file '/home1/14_nmts/14_nmts/stdcell_slvt/db_ccs/*.db'. (UID-3)
Warning: Can't read link_library file '/home1/14_nmts/14_nmts/stdcell_hvt/db_ccs/*.db'. (UID-3)
Warning: Can't read link_library file '/home1/14_nmts/14_nmts/stdcell_lvt/db_ccs/*.db'. (UID-3)
Warning: Can't read link_library file '/home1/14_nmts/14_nmts/stdcell_rvt/db_ccs/*.dc'. (UID-3)
Warning: Can't read link_library file '/home1/14_nmts/14_nmts/stdcell_slvt/db_ccs/*.db'. (UID-3)
Warning: Can't read link_library file '/home1/14_nmts/14_nmts/stdcell_hvt/db_ccs/*.db'. (UID-3)
Warning: Can't read link_library file '/home1/14_nmts/14_nmts/stdcell_lvt/db_ccs/*.db'. (UID-3)
Warning: Can't read link_library file '/home1/14_nmts/14_nmts/stdcell_rvt/db_ccs/*.dc'. (UID-3)
Warning: Can't read link_library file '/home1/14_nmts/14_nmts/stdcell_slvt/db_ccs/*.db'. (UID-3)
Warning: Can't read link_library file '/home1/14_nmts/14_nmts/stdcell_hvt/db_ccs/*.db'. (UID-3)
Warning: Can't read link_library file '/home1/14_nmts/14_nmts/stdcell_lvt/db_ccs/*.db'. (UID-3)
Warning: Can't read link_library file '/home1/14_nmts/14_nmts/stdcell_rvt/db_ccs/*.dc'. (UID-3)
Warning: Can't read link_library file '/home1/14_nmts/14_nmts/stdcell_slvt/db_ccs/*.db'. (UID-3)
Warning: Can't read link_library file '/home1/14_nmts/14_nmts/stdcell_hvt/db_ccs/*.db'. (UID-3)
Warning: Can't read link_library file '/home1/14_nmts/14_nmts/stdcell_lvt/db_ccs/*.db'. (UID-3)
Warning: Can't read link_library file '/home1/14_nmts/14_nmts/stdcell_rvt/db_ccs/*.dc'. (UID-3)
Warning: Can't read link_library file '/home1/14_nmts/14_nmts/stdcell_slvt/db_ccs/*.db'. (UID-3)
Warning: Can't read link_library file '/home1/14_nmts/14_nmts/stdcell_hvt/db_ccs/*.db'. (UID-3)
Warning: Can't read link_library file '/home1/14_nmts/14_nmts/stdcell_lvt/db_ccs/*.db'. (UID-3)
Warning: Can't read link_library file '/home1/14_nmts/14_nmts/stdcell_rvt/db_ccs/*.dc'. (UID-3)
Warning: Can't read link_library file '/home1/14_nmts/14_nmts/stdcell_slvt/db_ccs/*.db'. (UID-3)
Warning: Can't read link_library file '/home1/14_nmts/14_nmts/stdcell_hvt/db_ccs/*.db'. (UID-3)
Warning: Can't read link_library file '/home1/14_nmts/14_nmts/stdcell_lvt/db_ccs/*.db'. (UID-3)
Warning: Can't read link_library file '/home1/14_nmts/14_nmts/stdcell_rvt/db_ccs/*.dc'. (UID-3)
Warning: Can't read link_library file '/home1/14_nmts/14_nmts/stdcell_slvt/db_ccs/*.db'. (UID-3)
Warning: Can't read link_library file '/home1/14_nmts/14_nmts/stdcell_hvt/db_ccs/*.db'. (UID-3)
Warning: Can't read link_library file '/home1/14_nmts/14_nmts/stdcell_lvt/db_ccs/*.db'. (UID-3)
Warning: Can't read link_library file '/home1/14_nmts/14_nmts/stdcell_rvt/db_ccs/*.dc'. (UID-3)
Warning: Can't read link_library file '/home1/14_nmts/14_nmts/stdcell_slvt/db_ccs/*.db'. (UID-3)
Warning: Can't read link_library file '/home1/14_nmts/14_nmts/stdcell_hvt/db_ccs/*.db'. (UID-3)
Warning: Can't read link_library file '/home1/14_nmts/14_nmts/stdcell_lvt/db_ccs/*.db'. (UID-3)
Warning: Can't read link_library file '/home1/14_nmts/14_nmts/stdcell_rvt/db_ccs/*.dc'. (UID-3)
Warning: Can't read link_library file '/home1/14_nmts/14_nmts/stdcell_slvt/db_ccs/*.db'. (UID-3)
Warning: Can't read link_library file '/home1/14_nmts/14_nmts/stdcell_hvt/db_ccs/*.db'. (UID-3)
Warning: Can't read link_library file '/home1/14_nmts/14_nmts/stdcell_lvt/db_ccs/*.db'. (UID-3)
Warning: Can't read link_library file '/home1/14_nmts/14_nmts/stdcell_rvt/db_ccs/*.dc'. (UID-3)
Warning: Can't read link_library file '/home1/14_nmts/14_nmts/stdcell_slvt/db_ccs/*.db'. (UID-3)
Warning: Can't read link_library file '/home1/14_nmts/14_nmts/stdcell_hvt/db_ccs/*.db'. (UID-3)
Warning: Can't read link_library file '/home1/14_nmts/14_nmts/stdcell_lvt/db_ccs/*.db'. (UID-3)
Warning: Can't read link_library file '/home1/14_nmts/14_nmts/stdcell_rvt/db_ccs/*.dc'. (UID-3)
Warning: Can't read link_library file '/home1/14_nmts/14_nmts/stdcell_slvt/db_ccs/*.db'. (UID-3)
Warning: Can't read link_library file '/home1/14_nmts/14_nmts/stdcell_hvt/db_ccs/*.db'. (UID-3)
Warning: Can't read link_library file '/home1/14_nmts/14_nmts/stdcell_lvt/db_ccs/*.db'. (UID-3)
Warning: Can't read link_library file '/home1/14_nmts/14_nmts/stdcell_rvt/db_ccs/*.dc'. (UID-3)
Warning: Can't read link_library file '/home1/14_nmts/14_nmts/stdcell_slvt/db_ccs/*.db'. (UID-3)
Warning: Can't read link_library file '/home1/14_nmts/14_nmts/stdcell_hvt/db_ccs/*.db'. (UID-3)
Warning: Can't read link_library file '/home1/14_nmts/14_nmts/stdcell_lvt/db_ccs/*.db'. (UID-3)
Warning: Can't read link_library file '/home1/14_nmts/14_nmts/stdcell_rvt/db_ccs/*.dc'. (UID-3)
Warning: Can't read link_library file '/home1/14_nmts/14_nmts/stdcell_slvt/db_ccs/*.db'. (UID-3)
Warning: Can't read link_library file '/home1/14_nmts/14_nmts/stdcell_hvt/db_ccs/*.db'. (UID-3)
Warning: Can't read link_library file '/home1/14_nmts/14_nmts/stdcell_lvt/db_ccs/*.db'. (UID-3)
Warning: Can't read link_library file '/home1/14_nmts/14_nmts/stdcell_rvt/db_ccs/*.dc'. (UID-3)
Warning: Can't read link_library file '/home1/14_nmts/14_nmts/stdcell_slvt/db_ccs/*.db'. (UID-3)
Warning: Can't read link_library file '/home1/14_nmts/14_nmts/stdcell_hvt/db_ccs/*.db'. (UID-3)
Warning: Can't read link_library file '/home1/14_nmts/14_nmts/stdcell_lvt/db_ccs/*.db'. (UID-3)
Warning: Can't read link_library file '/home1/14_nmts/14_nmts/stdcell_rvt/db_ccs/*.dc'. (UID-3)
Warning: Can't read link_library file '/home1/14_nmts/14_nmts/stdcell_slvt/db_ccs/*.db'. (UID-3)
  Allocating blocks in 'DW_div_a_width16_b_width15_tc_mode0_rem_mode1'
Warning: Can't read link_library file '/home1/14_nmts/14_nmts/stdcell_hvt/db_ccs/*.db'. (UID-3)
Warning: Can't read link_library file '/home1/14_nmts/14_nmts/stdcell_lvt/db_ccs/*.db'. (UID-3)
Warning: Can't read link_library file '/home1/14_nmts/14_nmts/stdcell_rvt/db_ccs/*.dc'. (UID-3)
Warning: Can't read link_library file '/home1/14_nmts/14_nmts/stdcell_slvt/db_ccs/*.db'. (UID-3)
Warning: Can't read link_library file '/home1/14_nmts/14_nmts/stdcell_hvt/db_ccs/*.db'. (UID-3)
Warning: Can't read link_library file '/home1/14_nmts/14_nmts/stdcell_lvt/db_ccs/*.db'. (UID-3)
Warning: Can't read link_library file '/home1/14_nmts/14_nmts/stdcell_rvt/db_ccs/*.dc'. (UID-3)
Warning: Can't read link_library file '/home1/14_nmts/14_nmts/stdcell_slvt/db_ccs/*.db'. (UID-3)
Warning: Can't read link_library file '/home1/14_nmts/14_nmts/stdcell_hvt/db_ccs/*.db'. (UID-3)
Warning: Can't read link_library file '/home1/14_nmts/14_nmts/stdcell_lvt/db_ccs/*.db'. (UID-3)
Warning: Can't read link_library file '/home1/14_nmts/14_nmts/stdcell_rvt/db_ccs/*.dc'. (UID-3)
Warning: Can't read link_library file '/home1/14_nmts/14_nmts/stdcell_slvt/db_ccs/*.db'. (UID-3)
Warning: Can't read link_library file '/home1/14_nmts/14_nmts/stdcell_hvt/db_ccs/*.db'. (UID-3)
Warning: Can't read link_library file '/home1/14_nmts/14_nmts/stdcell_lvt/db_ccs/*.db'. (UID-3)
Warning: Can't read link_library file '/home1/14_nmts/14_nmts/stdcell_rvt/db_ccs/*.dc'. (UID-3)
Warning: Can't read link_library file '/home1/14_nmts/14_nmts/stdcell_slvt/db_ccs/*.db'. (UID-3)
Warning: Can't read link_library file '/home1/14_nmts/14_nmts/stdcell_hvt/db_ccs/*.db'. (UID-3)
Warning: Can't read link_library file '/home1/14_nmts/14_nmts/stdcell_lvt/db_ccs/*.db'. (UID-3)
Warning: Can't read link_library file '/home1/14_nmts/14_nmts/stdcell_rvt/db_ccs/*.dc'. (UID-3)
Warning: Can't read link_library file '/home1/14_nmts/14_nmts/stdcell_slvt/db_ccs/*.db'. (UID-3)
Warning: Can't read link_library file '/home1/14_nmts/14_nmts/stdcell_hvt/db_ccs/*.db'. (UID-3)
Warning: Can't read link_library file '/home1/14_nmts/14_nmts/stdcell_lvt/db_ccs/*.db'. (UID-3)
Warning: Can't read link_library file '/home1/14_nmts/14_nmts/stdcell_rvt/db_ccs/*.dc'. (UID-3)
Warning: Can't read link_library file '/home1/14_nmts/14_nmts/stdcell_slvt/db_ccs/*.db'. (UID-3)
Warning: Can't read link_library file '/home1/14_nmts/14_nmts/stdcell_hvt/db_ccs/*.db'. (UID-3)
Warning: Can't read link_library file '/home1/14_nmts/14_nmts/stdcell_lvt/db_ccs/*.db'. (UID-3)
Warning: Can't read link_library file '/home1/14_nmts/14_nmts/stdcell_rvt/db_ccs/*.dc'. (UID-3)
Warning: Can't read link_library file '/home1/14_nmts/14_nmts/stdcell_slvt/db_ccs/*.db'. (UID-3)
Warning: Can't read link_library file '/home1/14_nmts/14_nmts/stdcell_hvt/db_ccs/*.db'. (UID-3)
Warning: Can't read link_library file '/home1/14_nmts/14_nmts/stdcell_lvt/db_ccs/*.db'. (UID-3)
Warning: Can't read link_library file '/home1/14_nmts/14_nmts/stdcell_rvt/db_ccs/*.dc'. (UID-3)
Warning: Can't read link_library file '/home1/14_nmts/14_nmts/stdcell_slvt/db_ccs/*.db'. (UID-3)
Warning: Can't read link_library file '/home1/14_nmts/14_nmts/stdcell_hvt/db_ccs/*.db'. (UID-3)
Warning: Can't read link_library file '/home1/14_nmts/14_nmts/stdcell_lvt/db_ccs/*.db'. (UID-3)
Warning: Can't read link_library file '/home1/14_nmts/14_nmts/stdcell_rvt/db_ccs/*.dc'. (UID-3)
Warning: Can't read link_library file '/home1/14_nmts/14_nmts/stdcell_slvt/db_ccs/*.db'. (UID-3)
Warning: Can't read link_library file '/home1/14_nmts/14_nmts/stdcell_hvt/db_ccs/*.db'. (UID-3)
Warning: Can't read link_library file '/home1/14_nmts/14_nmts/stdcell_lvt/db_ccs/*.db'. (UID-3)
Warning: Can't read link_library file '/home1/14_nmts/14_nmts/stdcell_rvt/db_ccs/*.dc'. (UID-3)
Warning: Can't read link_library file '/home1/14_nmts/14_nmts/stdcell_slvt/db_ccs/*.db'. (UID-3)
Warning: Can't read link_library file '/home1/14_nmts/14_nmts/stdcell_hvt/db_ccs/*.db'. (UID-3)
Warning: Can't read link_library file '/home1/14_nmts/14_nmts/stdcell_lvt/db_ccs/*.db'. (UID-3)
Warning: Can't read link_library file '/home1/14_nmts/14_nmts/stdcell_rvt/db_ccs/*.dc'. (UID-3)
Warning: Can't read link_library file '/home1/14_nmts/14_nmts/stdcell_slvt/db_ccs/*.db'. (UID-3)
Warning: Can't read link_library file '/home1/14_nmts/14_nmts/stdcell_hvt/db_ccs/*.db'. (UID-3)
Warning: Can't read link_library file '/home1/14_nmts/14_nmts/stdcell_lvt/db_ccs/*.db'. (UID-3)
Warning: Can't read link_library file '/home1/14_nmts/14_nmts/stdcell_rvt/db_ccs/*.dc'. (UID-3)
Warning: Can't read link_library file '/home1/14_nmts/14_nmts/stdcell_slvt/db_ccs/*.db'. (UID-3)
Warning: Can't read link_library file '/home1/14_nmts/14_nmts/stdcell_hvt/db_ccs/*.db'. (UID-3)
Warning: Can't read link_library file '/home1/14_nmts/14_nmts/stdcell_lvt/db_ccs/*.db'. (UID-3)
Warning: Can't read link_library file '/home1/14_nmts/14_nmts/stdcell_rvt/db_ccs/*.dc'. (UID-3)
Warning: Can't read link_library file '/home1/14_nmts/14_nmts/stdcell_slvt/db_ccs/*.db'. (UID-3)
Warning: Can't read link_library file '/home1/14_nmts/14_nmts/stdcell_hvt/db_ccs/*.db'. (UID-3)
Warning: Can't read link_library file '/home1/14_nmts/14_nmts/stdcell_lvt/db_ccs/*.db'. (UID-3)
Warning: Can't read link_library file '/home1/14_nmts/14_nmts/stdcell_rvt/db_ccs/*.dc'. (UID-3)
Warning: Can't read link_library file '/home1/14_nmts/14_nmts/stdcell_slvt/db_ccs/*.db'. (UID-3)
Warning: Can't read link_library file '/home1/14_nmts/14_nmts/stdcell_hvt/db_ccs/*.db'. (UID-3)
Warning: Can't read link_library file '/home1/14_nmts/14_nmts/stdcell_lvt/db_ccs/*.db'. (UID-3)
Warning: Can't read link_library file '/home1/14_nmts/14_nmts/stdcell_rvt/db_ccs/*.dc'. (UID-3)
Warning: Can't read link_library file '/home1/14_nmts/14_nmts/stdcell_slvt/db_ccs/*.db'. (UID-3)
Warning: Can't read link_library file '/home1/14_nmts/14_nmts/stdcell_hvt/db_ccs/*.db'. (UID-3)
Warning: Can't read link_library file '/home1/14_nmts/14_nmts/stdcell_lvt/db_ccs/*.db'. (UID-3)
Warning: Can't read link_library file '/home1/14_nmts/14_nmts/stdcell_rvt/db_ccs/*.dc'. (UID-3)
Warning: Can't read link_library file '/home1/14_nmts/14_nmts/stdcell_slvt/db_ccs/*.db'. (UID-3)
Warning: Can't read link_library file '/home1/14_nmts/14_nmts/stdcell_hvt/db_ccs/*.db'. (UID-3)
Warning: Can't read link_library file '/home1/14_nmts/14_nmts/stdcell_lvt/db_ccs/*.db'. (UID-3)
Warning: Can't read link_library file '/home1/14_nmts/14_nmts/stdcell_rvt/db_ccs/*.dc'. (UID-3)
Warning: Can't read link_library file '/home1/14_nmts/14_nmts/stdcell_slvt/db_ccs/*.db'. (UID-3)
Warning: Can't read link_library file '/home1/14_nmts/14_nmts/stdcell_hvt/db_ccs/*.db'. (UID-3)
Warning: Can't read link_library file '/home1/14_nmts/14_nmts/stdcell_lvt/db_ccs/*.db'. (UID-3)
Warning: Can't read link_library file '/home1/14_nmts/14_nmts/stdcell_rvt/db_ccs/*.dc'. (UID-3)
Warning: Can't read link_library file '/home1/14_nmts/14_nmts/stdcell_slvt/db_ccs/*.db'. (UID-3)
Warning: Can't read link_library file '/home1/14_nmts/14_nmts/stdcell_hvt/db_ccs/*.db'. (UID-3)
Warning: Can't read link_library file '/home1/14_nmts/14_nmts/stdcell_lvt/db_ccs/*.db'. (UID-3)
Warning: Can't read link_library file '/home1/14_nmts/14_nmts/stdcell_rvt/db_ccs/*.dc'. (UID-3)
Warning: Can't read link_library file '/home1/14_nmts/14_nmts/stdcell_slvt/db_ccs/*.db'. (UID-3)
Warning: Can't read link_library file '/home1/14_nmts/14_nmts/stdcell_hvt/db_ccs/*.db'. (UID-3)
Warning: Can't read link_library file '/home1/14_nmts/14_nmts/stdcell_lvt/db_ccs/*.db'. (UID-3)
Warning: Can't read link_library file '/home1/14_nmts/14_nmts/stdcell_rvt/db_ccs/*.dc'. (UID-3)
Warning: Can't read link_library file '/home1/14_nmts/14_nmts/stdcell_slvt/db_ccs/*.db'. (UID-3)
Warning: Can't read link_library file '/home1/14_nmts/14_nmts/stdcell_hvt/db_ccs/*.db'. (UID-3)
Warning: Can't read link_library file '/home1/14_nmts/14_nmts/stdcell_lvt/db_ccs/*.db'. (UID-3)
Warning: Can't read link_library file '/home1/14_nmts/14_nmts/stdcell_rvt/db_ccs/*.dc'. (UID-3)
Warning: Can't read link_library file '/home1/14_nmts/14_nmts/stdcell_slvt/db_ccs/*.db'. (UID-3)
Warning: Can't read link_library file '/home1/14_nmts/14_nmts/stdcell_hvt/db_ccs/*.db'. (UID-3)
Warning: Can't read link_library file '/home1/14_nmts/14_nmts/stdcell_lvt/db_ccs/*.db'. (UID-3)
Warning: Can't read link_library file '/home1/14_nmts/14_nmts/stdcell_rvt/db_ccs/*.dc'. (UID-3)
Warning: Can't read link_library file '/home1/14_nmts/14_nmts/stdcell_slvt/db_ccs/*.db'. (UID-3)
Warning: Can't read link_library file '/home1/14_nmts/14_nmts/stdcell_hvt/db_ccs/*.db'. (UID-3)
Warning: Can't read link_library file '/home1/14_nmts/14_nmts/stdcell_lvt/db_ccs/*.db'. (UID-3)
Warning: Can't read link_library file '/home1/14_nmts/14_nmts/stdcell_rvt/db_ccs/*.dc'. (UID-3)
Warning: Can't read link_library file '/home1/14_nmts/14_nmts/stdcell_slvt/db_ccs/*.db'. (UID-3)
Warning: Can't read link_library file '/home1/14_nmts/14_nmts/stdcell_hvt/db_ccs/*.db'. (UID-3)
Warning: Can't read link_library file '/home1/14_nmts/14_nmts/stdcell_lvt/db_ccs/*.db'. (UID-3)
Warning: Can't read link_library file '/home1/14_nmts/14_nmts/stdcell_rvt/db_ccs/*.dc'. (UID-3)
Warning: Can't read link_library file '/home1/14_nmts/14_nmts/stdcell_slvt/db_ccs/*.db'. (UID-3)
Warning: Can't read link_library file '/home1/14_nmts/14_nmts/stdcell_hvt/db_ccs/*.db'. (UID-3)
Warning: Can't read link_library file '/home1/14_nmts/14_nmts/stdcell_lvt/db_ccs/*.db'. (UID-3)
Warning: Can't read link_library file '/home1/14_nmts/14_nmts/stdcell_rvt/db_ccs/*.dc'. (UID-3)
Warning: Can't read link_library file '/home1/14_nmts/14_nmts/stdcell_slvt/db_ccs/*.db'. (UID-3)
Warning: Can't read link_library file '/home1/14_nmts/14_nmts/stdcell_hvt/db_ccs/*.db'. (UID-3)
Warning: Can't read link_library file '/home1/14_nmts/14_nmts/stdcell_lvt/db_ccs/*.db'. (UID-3)
Warning: Can't read link_library file '/home1/14_nmts/14_nmts/stdcell_rvt/db_ccs/*.dc'. (UID-3)
Warning: Can't read link_library file '/home1/14_nmts/14_nmts/stdcell_slvt/db_ccs/*.db'. (UID-3)
Warning: Can't read link_library file '/home1/14_nmts/14_nmts/stdcell_hvt/db_ccs/*.db'. (UID-3)
Warning: Can't read link_library file '/home1/14_nmts/14_nmts/stdcell_lvt/db_ccs/*.db'. (UID-3)
Warning: Can't read link_library file '/home1/14_nmts/14_nmts/stdcell_rvt/db_ccs/*.dc'. (UID-3)
Warning: Can't read link_library file '/home1/14_nmts/14_nmts/stdcell_slvt/db_ccs/*.db'. (UID-3)
Warning: Can't read link_library file '/home1/14_nmts/14_nmts/stdcell_hvt/db_ccs/*.db'. (UID-3)
Warning: Can't read link_library file '/home1/14_nmts/14_nmts/stdcell_lvt/db_ccs/*.db'. (UID-3)
Warning: Can't read link_library file '/home1/14_nmts/14_nmts/stdcell_rvt/db_ccs/*.dc'. (UID-3)
Warning: Can't read link_library file '/home1/14_nmts/14_nmts/stdcell_slvt/db_ccs/*.db'. (UID-3)
Warning: Can't read link_library file '/home1/14_nmts/14_nmts/stdcell_hvt/db_ccs/*.db'. (UID-3)
Warning: Can't read link_library file '/home1/14_nmts/14_nmts/stdcell_lvt/db_ccs/*.db'. (UID-3)
Warning: Can't read link_library file '/home1/14_nmts/14_nmts/stdcell_rvt/db_ccs/*.dc'. (UID-3)
Warning: Can't read link_library file '/home1/14_nmts/14_nmts/stdcell_slvt/db_ccs/*.db'. (UID-3)
Warning: Can't read link_library file '/home1/14_nmts/14_nmts/stdcell_hvt/db_ccs/*.db'. (UID-3)
Warning: Can't read link_library file '/home1/14_nmts/14_nmts/stdcell_lvt/db_ccs/*.db'. (UID-3)
Warning: Can't read link_library file '/home1/14_nmts/14_nmts/stdcell_rvt/db_ccs/*.dc'. (UID-3)
Warning: Can't read link_library file '/home1/14_nmts/14_nmts/stdcell_slvt/db_ccs/*.db'. (UID-3)
Warning: Can't read link_library file '/home1/14_nmts/14_nmts/stdcell_hvt/db_ccs/*.db'. (UID-3)
Warning: Can't read link_library file '/home1/14_nmts/14_nmts/stdcell_lvt/db_ccs/*.db'. (UID-3)
Warning: Can't read link_library file '/home1/14_nmts/14_nmts/stdcell_rvt/db_ccs/*.dc'. (UID-3)
Warning: Can't read link_library file '/home1/14_nmts/14_nmts/stdcell_slvt/db_ccs/*.db'. (UID-3)
Warning: Can't read link_library file '/home1/14_nmts/14_nmts/stdcell_hvt/db_ccs/*.db'. (UID-3)
Warning: Can't read link_library file '/home1/14_nmts/14_nmts/stdcell_lvt/db_ccs/*.db'. (UID-3)
Warning: Can't read link_library file '/home1/14_nmts/14_nmts/stdcell_rvt/db_ccs/*.dc'. (UID-3)
Warning: Can't read link_library file '/home1/14_nmts/14_nmts/stdcell_slvt/db_ccs/*.db'. (UID-3)
Warning: Can't read link_library file '/home1/14_nmts/14_nmts/stdcell_hvt/db_ccs/*.db'. (UID-3)
Warning: Can't read link_library file '/home1/14_nmts/14_nmts/stdcell_lvt/db_ccs/*.db'. (UID-3)
Warning: Can't read link_library file '/home1/14_nmts/14_nmts/stdcell_rvt/db_ccs/*.dc'. (UID-3)
Warning: Can't read link_library file '/home1/14_nmts/14_nmts/stdcell_slvt/db_ccs/*.db'. (UID-3)
Warning: Can't read link_library file '/home1/14_nmts/14_nmts/stdcell_hvt/db_ccs/*.db'. (UID-3)
Warning: Can't read link_library file '/home1/14_nmts/14_nmts/stdcell_lvt/db_ccs/*.db'. (UID-3)
Warning: Can't read link_library file '/home1/14_nmts/14_nmts/stdcell_rvt/db_ccs/*.dc'. (UID-3)
Warning: Can't read link_library file '/home1/14_nmts/14_nmts/stdcell_slvt/db_ccs/*.db'. (UID-3)
Warning: Can't read link_library file '/home1/14_nmts/14_nmts/stdcell_hvt/db_ccs/*.db'. (UID-3)
Warning: Can't read link_library file '/home1/14_nmts/14_nmts/stdcell_lvt/db_ccs/*.db'. (UID-3)
Warning: Can't read link_library file '/home1/14_nmts/14_nmts/stdcell_rvt/db_ccs/*.dc'. (UID-3)
Warning: Can't read link_library file '/home1/14_nmts/14_nmts/stdcell_slvt/db_ccs/*.db'. (UID-3)
Warning: Can't read link_library file '/home1/14_nmts/14_nmts/stdcell_hvt/db_ccs/*.db'. (UID-3)
Warning: Can't read link_library file '/home1/14_nmts/14_nmts/stdcell_lvt/db_ccs/*.db'. (UID-3)
Warning: Can't read link_library file '/home1/14_nmts/14_nmts/stdcell_rvt/db_ccs/*.dc'. (UID-3)
Warning: Can't read link_library file '/home1/14_nmts/14_nmts/stdcell_slvt/db_ccs/*.db'. (UID-3)
Warning: Can't read link_library file '/home1/14_nmts/14_nmts/stdcell_hvt/db_ccs/*.db'. (UID-3)
Warning: Can't read link_library file '/home1/14_nmts/14_nmts/stdcell_lvt/db_ccs/*.db'. (UID-3)
Warning: Can't read link_library file '/home1/14_nmts/14_nmts/stdcell_rvt/db_ccs/*.dc'. (UID-3)
Warning: Can't read link_library file '/home1/14_nmts/14_nmts/stdcell_slvt/db_ccs/*.db'. (UID-3)
Warning: Can't read link_library file '/home1/14_nmts/14_nmts/stdcell_hvt/db_ccs/*.db'. (UID-3)
Warning: Can't read link_library file '/home1/14_nmts/14_nmts/stdcell_lvt/db_ccs/*.db'. (UID-3)
Warning: Can't read link_library file '/home1/14_nmts/14_nmts/stdcell_rvt/db_ccs/*.dc'. (UID-3)
Warning: Can't read link_library file '/home1/14_nmts/14_nmts/stdcell_slvt/db_ccs/*.db'. (UID-3)
Warning: Can't read link_library file '/home1/14_nmts/14_nmts/stdcell_hvt/db_ccs/*.db'. (UID-3)
Warning: Can't read link_library file '/home1/14_nmts/14_nmts/stdcell_lvt/db_ccs/*.db'. (UID-3)
Warning: Can't read link_library file '/home1/14_nmts/14_nmts/stdcell_rvt/db_ccs/*.dc'. (UID-3)
Warning: Can't read link_library file '/home1/14_nmts/14_nmts/stdcell_slvt/db_ccs/*.db'. (UID-3)
Warning: Can't read link_library file '/home1/14_nmts/14_nmts/stdcell_hvt/db_ccs/*.db'. (UID-3)
Warning: Can't read link_library file '/home1/14_nmts/14_nmts/stdcell_lvt/db_ccs/*.db'. (UID-3)
Warning: Can't read link_library file '/home1/14_nmts/14_nmts/stdcell_rvt/db_ccs/*.dc'. (UID-3)
Warning: Can't read link_library file '/home1/14_nmts/14_nmts/stdcell_slvt/db_ccs/*.db'. (UID-3)
Warning: Can't read link_library file '/home1/14_nmts/14_nmts/stdcell_hvt/db_ccs/*.db'. (UID-3)
Warning: Can't read link_library file '/home1/14_nmts/14_nmts/stdcell_lvt/db_ccs/*.db'. (UID-3)
Warning: Can't read link_library file '/home1/14_nmts/14_nmts/stdcell_rvt/db_ccs/*.dc'. (UID-3)
Warning: Can't read link_library file '/home1/14_nmts/14_nmts/stdcell_slvt/db_ccs/*.db'. (UID-3)
Warning: Can't read link_library file '/home1/14_nmts/14_nmts/stdcell_hvt/db_ccs/*.db'. (UID-3)
Warning: Can't read link_library file '/home1/14_nmts/14_nmts/stdcell_lvt/db_ccs/*.db'. (UID-3)
Warning: Can't read link_library file '/home1/14_nmts/14_nmts/stdcell_rvt/db_ccs/*.dc'. (UID-3)
Warning: Can't read link_library file '/home1/14_nmts/14_nmts/stdcell_slvt/db_ccs/*.db'. (UID-3)
Warning: Can't read link_library file '/home1/14_nmts/14_nmts/stdcell_hvt/db_ccs/*.db'. (UID-3)
Warning: Can't read link_library file '/home1/14_nmts/14_nmts/stdcell_lvt/db_ccs/*.db'. (UID-3)
Warning: Can't read link_library file '/home1/14_nmts/14_nmts/stdcell_rvt/db_ccs/*.dc'. (UID-3)
Warning: Can't read link_library file '/home1/14_nmts/14_nmts/stdcell_slvt/db_ccs/*.db'. (UID-3)
Warning: Can't read link_library file '/home1/14_nmts/14_nmts/stdcell_hvt/db_ccs/*.db'. (UID-3)
Warning: Can't read link_library file '/home1/14_nmts/14_nmts/stdcell_lvt/db_ccs/*.db'. (UID-3)
Warning: Can't read link_library file '/home1/14_nmts/14_nmts/stdcell_rvt/db_ccs/*.dc'. (UID-3)
Warning: Can't read link_library file '/home1/14_nmts/14_nmts/stdcell_slvt/db_ccs/*.db'. (UID-3)
Warning: Can't read link_library file '/home1/14_nmts/14_nmts/stdcell_hvt/db_ccs/*.db'. (UID-3)
Warning: Can't read link_library file '/home1/14_nmts/14_nmts/stdcell_lvt/db_ccs/*.db'. (UID-3)
Warning: Can't read link_library file '/home1/14_nmts/14_nmts/stdcell_rvt/db_ccs/*.dc'. (UID-3)
Warning: Can't read link_library file '/home1/14_nmts/14_nmts/stdcell_slvt/db_ccs/*.db'. (UID-3)
Warning: Can't read link_library file '/home1/14_nmts/14_nmts/stdcell_hvt/db_ccs/*.db'. (UID-3)
Warning: Can't read link_library file '/home1/14_nmts/14_nmts/stdcell_lvt/db_ccs/*.db'. (UID-3)
Warning: Can't read link_library file '/home1/14_nmts/14_nmts/stdcell_rvt/db_ccs/*.dc'. (UID-3)
Warning: Can't read link_library file '/home1/14_nmts/14_nmts/stdcell_slvt/db_ccs/*.db'. (UID-3)
Warning: Can't read link_library file '/home1/14_nmts/14_nmts/stdcell_hvt/db_ccs/*.db'. (UID-3)
Warning: Can't read link_library file '/home1/14_nmts/14_nmts/stdcell_lvt/db_ccs/*.db'. (UID-3)
Warning: Can't read link_library file '/home1/14_nmts/14_nmts/stdcell_rvt/db_ccs/*.dc'. (UID-3)
Warning: Can't read link_library file '/home1/14_nmts/14_nmts/stdcell_slvt/db_ccs/*.db'. (UID-3)
Warning: Can't read link_library file '/home1/14_nmts/14_nmts/stdcell_hvt/db_ccs/*.db'. (UID-3)
Warning: Can't read link_library file '/home1/14_nmts/14_nmts/stdcell_lvt/db_ccs/*.db'. (UID-3)
Warning: Can't read link_library file '/home1/14_nmts/14_nmts/stdcell_rvt/db_ccs/*.dc'. (UID-3)
Warning: Can't read link_library file '/home1/14_nmts/14_nmts/stdcell_slvt/db_ccs/*.db'. (UID-3)
Warning: Can't read link_library file '/home1/14_nmts/14_nmts/stdcell_hvt/db_ccs/*.db'. (UID-3)
Warning: Can't read link_library file '/home1/14_nmts/14_nmts/stdcell_lvt/db_ccs/*.db'. (UID-3)
Warning: Can't read link_library file '/home1/14_nmts/14_nmts/stdcell_rvt/db_ccs/*.dc'. (UID-3)
Warning: Can't read link_library file '/home1/14_nmts/14_nmts/stdcell_slvt/db_ccs/*.db'. (UID-3)
Warning: Can't read link_library file '/home1/14_nmts/14_nmts/stdcell_hvt/db_ccs/*.db'. (UID-3)
Warning: Can't read link_library file '/home1/14_nmts/14_nmts/stdcell_lvt/db_ccs/*.db'. (UID-3)
Warning: Can't read link_library file '/home1/14_nmts/14_nmts/stdcell_rvt/db_ccs/*.dc'. (UID-3)
Warning: Can't read link_library file '/home1/14_nmts/14_nmts/stdcell_slvt/db_ccs/*.db'. (UID-3)
Warning: Can't read link_library file '/home1/14_nmts/14_nmts/stdcell_hvt/db_ccs/*.db'. (UID-3)
Warning: Can't read link_library file '/home1/14_nmts/14_nmts/stdcell_lvt/db_ccs/*.db'. (UID-3)
Warning: Can't read link_library file '/home1/14_nmts/14_nmts/stdcell_rvt/db_ccs/*.dc'. (UID-3)
Warning: Can't read link_library file '/home1/14_nmts/14_nmts/stdcell_slvt/db_ccs/*.db'. (UID-3)
Warning: Can't read link_library file '/home1/14_nmts/14_nmts/stdcell_hvt/db_ccs/*.db'. (UID-3)
Warning: Can't read link_library file '/home1/14_nmts/14_nmts/stdcell_lvt/db_ccs/*.db'. (UID-3)
Warning: Can't read link_library file '/home1/14_nmts/14_nmts/stdcell_rvt/db_ccs/*.dc'. (UID-3)
Warning: Can't read link_library file '/home1/14_nmts/14_nmts/stdcell_slvt/db_ccs/*.db'. (UID-3)
Warning: Can't read link_library file '/home1/14_nmts/14_nmts/stdcell_hvt/db_ccs/*.db'. (UID-3)
Warning: Can't read link_library file '/home1/14_nmts/14_nmts/stdcell_lvt/db_ccs/*.db'. (UID-3)
Warning: Can't read link_library file '/home1/14_nmts/14_nmts/stdcell_rvt/db_ccs/*.dc'. (UID-3)
Warning: Can't read link_library file '/home1/14_nmts/14_nmts/stdcell_slvt/db_ccs/*.db'. (UID-3)
Warning: Can't read link_library file '/home1/14_nmts/14_nmts/stdcell_hvt/db_ccs/*.db'. (UID-3)
Warning: Can't read link_library file '/home1/14_nmts/14_nmts/stdcell_lvt/db_ccs/*.db'. (UID-3)
Warning: Can't read link_library file '/home1/14_nmts/14_nmts/stdcell_rvt/db_ccs/*.dc'. (UID-3)
Warning: Can't read link_library file '/home1/14_nmts/14_nmts/stdcell_slvt/db_ccs/*.db'. (UID-3)
Warning: Can't read link_library file '/home1/14_nmts/14_nmts/stdcell_hvt/db_ccs/*.db'. (UID-3)
Warning: Can't read link_library file '/home1/14_nmts/14_nmts/stdcell_lvt/db_ccs/*.db'. (UID-3)
Warning: Can't read link_library file '/home1/14_nmts/14_nmts/stdcell_rvt/db_ccs/*.dc'. (UID-3)
Warning: Can't read link_library file '/home1/14_nmts/14_nmts/stdcell_slvt/db_ccs/*.db'. (UID-3)
Warning: Can't read link_library file '/home1/14_nmts/14_nmts/stdcell_hvt/db_ccs/*.db'. (UID-3)
Warning: Can't read link_library file '/home1/14_nmts/14_nmts/stdcell_lvt/db_ccs/*.db'. (UID-3)
Warning: Can't read link_library file '/home1/14_nmts/14_nmts/stdcell_rvt/db_ccs/*.dc'. (UID-3)
Warning: Can't read link_library file '/home1/14_nmts/14_nmts/stdcell_slvt/db_ccs/*.db'. (UID-3)
Warning: Can't read link_library file '/home1/14_nmts/14_nmts/stdcell_hvt/db_ccs/*.db'. (UID-3)
Warning: Can't read link_library file '/home1/14_nmts/14_nmts/stdcell_lvt/db_ccs/*.db'. (UID-3)
Warning: Can't read link_library file '/home1/14_nmts/14_nmts/stdcell_rvt/db_ccs/*.dc'. (UID-3)
Warning: Can't read link_library file '/home1/14_nmts/14_nmts/stdcell_slvt/db_ccs/*.db'. (UID-3)
Warning: Can't read link_library file '/home1/14_nmts/14_nmts/stdcell_hvt/db_ccs/*.db'. (UID-3)
Warning: Can't read link_library file '/home1/14_nmts/14_nmts/stdcell_lvt/db_ccs/*.db'. (UID-3)
Warning: Can't read link_library file '/home1/14_nmts/14_nmts/stdcell_rvt/db_ccs/*.dc'. (UID-3)
Warning: Can't read link_library file '/home1/14_nmts/14_nmts/stdcell_slvt/db_ccs/*.db'. (UID-3)
Warning: Can't read link_library file '/home1/14_nmts/14_nmts/stdcell_hvt/db_ccs/*.db'. (UID-3)
Warning: Can't read link_library file '/home1/14_nmts/14_nmts/stdcell_lvt/db_ccs/*.db'. (UID-3)
Warning: Can't read link_library file '/home1/14_nmts/14_nmts/stdcell_rvt/db_ccs/*.dc'. (UID-3)
Warning: Can't read link_library file '/home1/14_nmts/14_nmts/stdcell_slvt/db_ccs/*.db'. (UID-3)
Warning: Can't read link_library file '/home1/14_nmts/14_nmts/stdcell_hvt/db_ccs/*.db'. (UID-3)
Warning: Can't read link_library file '/home1/14_nmts/14_nmts/stdcell_lvt/db_ccs/*.db'. (UID-3)
Warning: Can't read link_library file '/home1/14_nmts/14_nmts/stdcell_rvt/db_ccs/*.dc'. (UID-3)
Warning: Can't read link_library file '/home1/14_nmts/14_nmts/stdcell_slvt/db_ccs/*.db'. (UID-3)
Warning: Can't read link_library file '/home1/14_nmts/14_nmts/stdcell_hvt/db_ccs/*.db'. (UID-3)
Warning: Can't read link_library file '/home1/14_nmts/14_nmts/stdcell_lvt/db_ccs/*.db'. (UID-3)
Warning: Can't read link_library file '/home1/14_nmts/14_nmts/stdcell_rvt/db_ccs/*.dc'. (UID-3)
Warning: Can't read link_library file '/home1/14_nmts/14_nmts/stdcell_slvt/db_ccs/*.db'. (UID-3)
Warning: Can't read link_library file '/home1/14_nmts/14_nmts/stdcell_hvt/db_ccs/*.db'. (UID-3)
Warning: Can't read link_library file '/home1/14_nmts/14_nmts/stdcell_lvt/db_ccs/*.db'. (UID-3)
Warning: Can't read link_library file '/home1/14_nmts/14_nmts/stdcell_rvt/db_ccs/*.dc'. (UID-3)
Warning: Can't read link_library file '/home1/14_nmts/14_nmts/stdcell_slvt/db_ccs/*.db'. (UID-3)
Warning: Can't read link_library file '/home1/14_nmts/14_nmts/stdcell_hvt/db_ccs/*.db'. (UID-3)
Warning: Can't read link_library file '/home1/14_nmts/14_nmts/stdcell_lvt/db_ccs/*.db'. (UID-3)
Warning: Can't read link_library file '/home1/14_nmts/14_nmts/stdcell_rvt/db_ccs/*.dc'. (UID-3)
Warning: Can't read link_library file '/home1/14_nmts/14_nmts/stdcell_slvt/db_ccs/*.db'. (UID-3)
Warning: Can't read link_library file '/home1/14_nmts/14_nmts/stdcell_hvt/db_ccs/*.db'. (UID-3)
Warning: Can't read link_library file '/home1/14_nmts/14_nmts/stdcell_lvt/db_ccs/*.db'. (UID-3)
Warning: Can't read link_library file '/home1/14_nmts/14_nmts/stdcell_rvt/db_ccs/*.dc'. (UID-3)
Warning: Can't read link_library file '/home1/14_nmts/14_nmts/stdcell_slvt/db_ccs/*.db'. (UID-3)
Warning: Can't read link_library file '/home1/14_nmts/14_nmts/stdcell_hvt/db_ccs/*.db'. (UID-3)
Warning: Can't read link_library file '/home1/14_nmts/14_nmts/stdcell_lvt/db_ccs/*.db'. (UID-3)
Warning: Can't read link_library file '/home1/14_nmts/14_nmts/stdcell_rvt/db_ccs/*.dc'. (UID-3)
Warning: Can't read link_library file '/home1/14_nmts/14_nmts/stdcell_slvt/db_ccs/*.db'. (UID-3)
Warning: Can't read link_library file '/home1/14_nmts/14_nmts/stdcell_hvt/db_ccs/*.db'. (UID-3)
Warning: Can't read link_library file '/home1/14_nmts/14_nmts/stdcell_lvt/db_ccs/*.db'. (UID-3)
Warning: Can't read link_library file '/home1/14_nmts/14_nmts/stdcell_rvt/db_ccs/*.dc'. (UID-3)
Warning: Can't read link_library file '/home1/14_nmts/14_nmts/stdcell_slvt/db_ccs/*.db'. (UID-3)
Warning: Can't read link_library file '/home1/14_nmts/14_nmts/stdcell_hvt/db_ccs/*.db'. (UID-3)
Warning: Can't read link_library file '/home1/14_nmts/14_nmts/stdcell_lvt/db_ccs/*.db'. (UID-3)
Warning: Can't read link_library file '/home1/14_nmts/14_nmts/stdcell_rvt/db_ccs/*.dc'. (UID-3)
Warning: Can't read link_library file '/home1/14_nmts/14_nmts/stdcell_slvt/db_ccs/*.db'. (UID-3)
Warning: Can't read link_library file '/home1/14_nmts/14_nmts/stdcell_hvt/db_ccs/*.db'. (UID-3)
Warning: Can't read link_library file '/home1/14_nmts/14_nmts/stdcell_lvt/db_ccs/*.db'. (UID-3)
Warning: Can't read link_library file '/home1/14_nmts/14_nmts/stdcell_rvt/db_ccs/*.dc'. (UID-3)
Warning: Can't read link_library file '/home1/14_nmts/14_nmts/stdcell_slvt/db_ccs/*.db'. (UID-3)
Warning: Can't read link_library file '/home1/14_nmts/14_nmts/stdcell_hvt/db_ccs/*.db'. (UID-3)
Warning: Can't read link_library file '/home1/14_nmts/14_nmts/stdcell_lvt/db_ccs/*.db'. (UID-3)
Warning: Can't read link_library file '/home1/14_nmts/14_nmts/stdcell_rvt/db_ccs/*.dc'. (UID-3)
Warning: Can't read link_library file '/home1/14_nmts/14_nmts/stdcell_slvt/db_ccs/*.db'. (UID-3)
Warning: Can't read link_library file '/home1/14_nmts/14_nmts/stdcell_hvt/db_ccs/*.db'. (UID-3)
Warning: Can't read link_library file '/home1/14_nmts/14_nmts/stdcell_lvt/db_ccs/*.db'. (UID-3)
Warning: Can't read link_library file '/home1/14_nmts/14_nmts/stdcell_rvt/db_ccs/*.dc'. (UID-3)
Warning: Can't read link_library file '/home1/14_nmts/14_nmts/stdcell_slvt/db_ccs/*.db'. (UID-3)
Warning: Can't read link_library file '/home1/14_nmts/14_nmts/stdcell_hvt/db_ccs/*.db'. (UID-3)
Warning: Can't read link_library file '/home1/14_nmts/14_nmts/stdcell_lvt/db_ccs/*.db'. (UID-3)
Warning: Can't read link_library file '/home1/14_nmts/14_nmts/stdcell_rvt/db_ccs/*.dc'. (UID-3)
Warning: Can't read link_library file '/home1/14_nmts/14_nmts/stdcell_slvt/db_ccs/*.db'. (UID-3)
Warning: Can't read link_library file '/home1/14_nmts/14_nmts/stdcell_hvt/db_ccs/*.db'. (UID-3)
Warning: Can't read link_library file '/home1/14_nmts/14_nmts/stdcell_lvt/db_ccs/*.db'. (UID-3)
Warning: Can't read link_library file '/home1/14_nmts/14_nmts/stdcell_rvt/db_ccs/*.dc'. (UID-3)
Warning: Can't read link_library file '/home1/14_nmts/14_nmts/stdcell_slvt/db_ccs/*.db'. (UID-3)
Warning: Can't read link_library file '/home1/14_nmts/14_nmts/stdcell_hvt/db_ccs/*.db'. (UID-3)
Warning: Can't read link_library file '/home1/14_nmts/14_nmts/stdcell_lvt/db_ccs/*.db'. (UID-3)
Warning: Can't read link_library file '/home1/14_nmts/14_nmts/stdcell_rvt/db_ccs/*.dc'. (UID-3)
Warning: Can't read link_library file '/home1/14_nmts/14_nmts/stdcell_slvt/db_ccs/*.db'. (UID-3)
Warning: Can't read link_library file '/home1/14_nmts/14_nmts/stdcell_hvt/db_ccs/*.db'. (UID-3)
Warning: Can't read link_library file '/home1/14_nmts/14_nmts/stdcell_lvt/db_ccs/*.db'. (UID-3)
Warning: Can't read link_library file '/home1/14_nmts/14_nmts/stdcell_rvt/db_ccs/*.dc'. (UID-3)
Warning: Can't read link_library file '/home1/14_nmts/14_nmts/stdcell_slvt/db_ccs/*.db'. (UID-3)
Warning: Can't read link_library file '/home1/14_nmts/14_nmts/stdcell_hvt/db_ccs/*.db'. (UID-3)
Warning: Can't read link_library file '/home1/14_nmts/14_nmts/stdcell_lvt/db_ccs/*.db'. (UID-3)
Warning: Can't read link_library file '/home1/14_nmts/14_nmts/stdcell_rvt/db_ccs/*.dc'. (UID-3)
Warning: Can't read link_library file '/home1/14_nmts/14_nmts/stdcell_slvt/db_ccs/*.db'. (UID-3)
Warning: Can't read link_library file '/home1/14_nmts/14_nmts/stdcell_hvt/db_ccs/*.db'. (UID-3)
Warning: Can't read link_library file '/home1/14_nmts/14_nmts/stdcell_lvt/db_ccs/*.db'. (UID-3)
Warning: Can't read link_library file '/home1/14_nmts/14_nmts/stdcell_rvt/db_ccs/*.dc'. (UID-3)
Warning: Can't read link_library file '/home1/14_nmts/14_nmts/stdcell_slvt/db_ccs/*.db'. (UID-3)
Warning: Can't read link_library file '/home1/14_nmts/14_nmts/stdcell_hvt/db_ccs/*.db'. (UID-3)
Warning: Can't read link_library file '/home1/14_nmts/14_nmts/stdcell_lvt/db_ccs/*.db'. (UID-3)
Warning: Can't read link_library file '/home1/14_nmts/14_nmts/stdcell_rvt/db_ccs/*.dc'. (UID-3)
Warning: Can't read link_library file '/home1/14_nmts/14_nmts/stdcell_slvt/db_ccs/*.db'. (UID-3)
Warning: Can't read link_library file '/home1/14_nmts/14_nmts/stdcell_hvt/db_ccs/*.db'. (UID-3)
Warning: Can't read link_library file '/home1/14_nmts/14_nmts/stdcell_lvt/db_ccs/*.db'. (UID-3)
Warning: Can't read link_library file '/home1/14_nmts/14_nmts/stdcell_rvt/db_ccs/*.dc'. (UID-3)
Warning: Can't read link_library file '/home1/14_nmts/14_nmts/stdcell_slvt/db_ccs/*.db'. (UID-3)
Warning: Can't read link_library file '/home1/14_nmts/14_nmts/stdcell_hvt/db_ccs/*.db'. (UID-3)
Warning: Can't read link_library file '/home1/14_nmts/14_nmts/stdcell_lvt/db_ccs/*.db'. (UID-3)
Warning: Can't read link_library file '/home1/14_nmts/14_nmts/stdcell_rvt/db_ccs/*.dc'. (UID-3)
Warning: Can't read link_library file '/home1/14_nmts/14_nmts/stdcell_slvt/db_ccs/*.db'. (UID-3)
Warning: Can't read link_library file '/home1/14_nmts/14_nmts/stdcell_hvt/db_ccs/*.db'. (UID-3)
Warning: Can't read link_library file '/home1/14_nmts/14_nmts/stdcell_lvt/db_ccs/*.db'. (UID-3)
Warning: Can't read link_library file '/home1/14_nmts/14_nmts/stdcell_rvt/db_ccs/*.dc'. (UID-3)
Warning: Can't read link_library file '/home1/14_nmts/14_nmts/stdcell_slvt/db_ccs/*.db'. (UID-3)
Warning: Can't read link_library file '/home1/14_nmts/14_nmts/stdcell_hvt/db_ccs/*.db'. (UID-3)
Warning: Can't read link_library file '/home1/14_nmts/14_nmts/stdcell_lvt/db_ccs/*.db'. (UID-3)
Warning: Can't read link_library file '/home1/14_nmts/14_nmts/stdcell_rvt/db_ccs/*.dc'. (UID-3)
Warning: Can't read link_library file '/home1/14_nmts/14_nmts/stdcell_slvt/db_ccs/*.db'. (UID-3)
Warning: Can't read link_library file '/home1/14_nmts/14_nmts/stdcell_hvt/db_ccs/*.db'. (UID-3)
Warning: Can't read link_library file '/home1/14_nmts/14_nmts/stdcell_lvt/db_ccs/*.db'. (UID-3)
Warning: Can't read link_library file '/home1/14_nmts/14_nmts/stdcell_rvt/db_ccs/*.dc'. (UID-3)
Warning: Can't read link_library file '/home1/14_nmts/14_nmts/stdcell_slvt/db_ccs/*.db'. (UID-3)
Warning: Can't read link_library file '/home1/14_nmts/14_nmts/stdcell_hvt/db_ccs/*.db'. (UID-3)
Warning: Can't read link_library file '/home1/14_nmts/14_nmts/stdcell_lvt/db_ccs/*.db'. (UID-3)
Warning: Can't read link_library file '/home1/14_nmts/14_nmts/stdcell_rvt/db_ccs/*.dc'. (UID-3)
Warning: Can't read link_library file '/home1/14_nmts/14_nmts/stdcell_slvt/db_ccs/*.db'. (UID-3)
Warning: Can't read link_library file '/home1/14_nmts/14_nmts/stdcell_hvt/db_ccs/*.db'. (UID-3)
Warning: Can't read link_library file '/home1/14_nmts/14_nmts/stdcell_lvt/db_ccs/*.db'. (UID-3)
Warning: Can't read link_library file '/home1/14_nmts/14_nmts/stdcell_rvt/db_ccs/*.dc'. (UID-3)
Warning: Can't read link_library file '/home1/14_nmts/14_nmts/stdcell_slvt/db_ccs/*.db'. (UID-3)
Warning: Can't read link_library file '/home1/14_nmts/14_nmts/stdcell_hvt/db_ccs/*.db'. (UID-3)
Warning: Can't read link_library file '/home1/14_nmts/14_nmts/stdcell_lvt/db_ccs/*.db'. (UID-3)
Warning: Can't read link_library file '/home1/14_nmts/14_nmts/stdcell_rvt/db_ccs/*.dc'. (UID-3)
Warning: Can't read link_library file '/home1/14_nmts/14_nmts/stdcell_slvt/db_ccs/*.db'. (UID-3)
Warning: Can't read link_library file '/home1/14_nmts/14_nmts/stdcell_hvt/db_ccs/*.db'. (UID-3)
Warning: Can't read link_library file '/home1/14_nmts/14_nmts/stdcell_lvt/db_ccs/*.db'. (UID-3)
Warning: Can't read link_library file '/home1/14_nmts/14_nmts/stdcell_rvt/db_ccs/*.dc'. (UID-3)
Warning: Can't read link_library file '/home1/14_nmts/14_nmts/stdcell_slvt/db_ccs/*.db'. (UID-3)
Warning: Can't read link_library file '/home1/14_nmts/14_nmts/stdcell_hvt/db_ccs/*.db'. (UID-3)
Warning: Can't read link_library file '/home1/14_nmts/14_nmts/stdcell_lvt/db_ccs/*.db'. (UID-3)
Warning: Can't read link_library file '/home1/14_nmts/14_nmts/stdcell_rvt/db_ccs/*.dc'. (UID-3)
Warning: Can't read link_library file '/home1/14_nmts/14_nmts/stdcell_slvt/db_ccs/*.db'. (UID-3)
Warning: Can't read link_library file '/home1/14_nmts/14_nmts/stdcell_hvt/db_ccs/*.db'. (UID-3)
Warning: Can't read link_library file '/home1/14_nmts/14_nmts/stdcell_lvt/db_ccs/*.db'. (UID-3)
Warning: Can't read link_library file '/home1/14_nmts/14_nmts/stdcell_rvt/db_ccs/*.dc'. (UID-3)
Warning: Can't read link_library file '/home1/14_nmts/14_nmts/stdcell_slvt/db_ccs/*.db'. (UID-3)
Warning: Can't read link_library file '/home1/14_nmts/14_nmts/stdcell_hvt/db_ccs/*.db'. (UID-3)
Warning: Can't read link_library file '/home1/14_nmts/14_nmts/stdcell_lvt/db_ccs/*.db'. (UID-3)
Warning: Can't read link_library file '/home1/14_nmts/14_nmts/stdcell_rvt/db_ccs/*.dc'. (UID-3)
Warning: Can't read link_library file '/home1/14_nmts/14_nmts/stdcell_slvt/db_ccs/*.db'. (UID-3)
Warning: Can't read link_library file '/home1/14_nmts/14_nmts/stdcell_hvt/db_ccs/*.db'. (UID-3)
Warning: Can't read link_library file '/home1/14_nmts/14_nmts/stdcell_lvt/db_ccs/*.db'. (UID-3)
Warning: Can't read link_library file '/home1/14_nmts/14_nmts/stdcell_rvt/db_ccs/*.dc'. (UID-3)
Warning: Can't read link_library file '/home1/14_nmts/14_nmts/stdcell_slvt/db_ccs/*.db'. (UID-3)
Warning: Design 'DW_div_uns_a_width16_b_width15' inherited license information from design 'DW_div_a_width16_b_width15_tc_mode0_rem_mode1'. (DDB-74)
Warning: Can't read link_library file '/home1/14_nmts/14_nmts/stdcell_hvt/db_ccs/*.db'. (UID-3)
Warning: Can't read link_library file '/home1/14_nmts/14_nmts/stdcell_lvt/db_ccs/*.db'. (UID-3)
Warning: Can't read link_library file '/home1/14_nmts/14_nmts/stdcell_rvt/db_ccs/*.dc'. (UID-3)
Warning: Can't read link_library file '/home1/14_nmts/14_nmts/stdcell_slvt/db_ccs/*.db'. (UID-3)
Warning: Can't read link_library file '/home1/14_nmts/14_nmts/stdcell_hvt/db_ccs/*.db'. (UID-3)
Warning: Can't read link_library file '/home1/14_nmts/14_nmts/stdcell_lvt/db_ccs/*.db'. (UID-3)
Warning: Can't read link_library file '/home1/14_nmts/14_nmts/stdcell_rvt/db_ccs/*.dc'. (UID-3)
Warning: Can't read link_library file '/home1/14_nmts/14_nmts/stdcell_slvt/db_ccs/*.db'. (UID-3)
Warning: Can't read link_library file '/home1/14_nmts/14_nmts/stdcell_hvt/db_ccs/*.db'. (UID-3)
Warning: Can't read link_library file '/home1/14_nmts/14_nmts/stdcell_lvt/db_ccs/*.db'. (UID-3)
Warning: Can't read link_library file '/home1/14_nmts/14_nmts/stdcell_rvt/db_ccs/*.dc'. (UID-3)
Warning: Can't read link_library file '/home1/14_nmts/14_nmts/stdcell_slvt/db_ccs/*.db'. (UID-3)
Warning: Can't read link_library file '/home1/14_nmts/14_nmts/stdcell_hvt/db_ccs/*.db'. (UID-3)
Warning: Can't read link_library file '/home1/14_nmts/14_nmts/stdcell_lvt/db_ccs/*.db'. (UID-3)
Warning: Can't read link_library file '/home1/14_nmts/14_nmts/stdcell_rvt/db_ccs/*.dc'. (UID-3)
Warning: Can't read link_library file '/home1/14_nmts/14_nmts/stdcell_slvt/db_ccs/*.db'. (UID-3)
Warning: Can't read link_library file '/home1/14_nmts/14_nmts/stdcell_hvt/db_ccs/*.db'. (UID-3)
Warning: Can't read link_library file '/home1/14_nmts/14_nmts/stdcell_lvt/db_ccs/*.db'. (UID-3)
Warning: Can't read link_library file '/home1/14_nmts/14_nmts/stdcell_rvt/db_ccs/*.dc'. (UID-3)
Warning: Can't read link_library file '/home1/14_nmts/14_nmts/stdcell_slvt/db_ccs/*.db'. (UID-3)
Warning: Can't read link_library file '/home1/14_nmts/14_nmts/stdcell_hvt/db_ccs/*.db'. (UID-3)
Warning: Can't read link_library file '/home1/14_nmts/14_nmts/stdcell_lvt/db_ccs/*.db'. (UID-3)
Warning: Can't read link_library file '/home1/14_nmts/14_nmts/stdcell_rvt/db_ccs/*.dc'. (UID-3)
Warning: Can't read link_library file '/home1/14_nmts/14_nmts/stdcell_slvt/db_ccs/*.db'. (UID-3)
Warning: Can't read link_library file '/home1/14_nmts/14_nmts/stdcell_hvt/db_ccs/*.db'. (UID-3)
Warning: Can't read link_library file '/home1/14_nmts/14_nmts/stdcell_lvt/db_ccs/*.db'. (UID-3)
Warning: Can't read link_library file '/home1/14_nmts/14_nmts/stdcell_rvt/db_ccs/*.dc'. (UID-3)
Warning: Can't read link_library file '/home1/14_nmts/14_nmts/stdcell_slvt/db_ccs/*.db'. (UID-3)
Warning: Can't read link_library file '/home1/14_nmts/14_nmts/stdcell_hvt/db_ccs/*.db'. (UID-3)
Warning: Can't read link_library file '/home1/14_nmts/14_nmts/stdcell_lvt/db_ccs/*.db'. (UID-3)
Warning: Can't read link_library file '/home1/14_nmts/14_nmts/stdcell_rvt/db_ccs/*.dc'. (UID-3)
Warning: Can't read link_library file '/home1/14_nmts/14_nmts/stdcell_slvt/db_ccs/*.db'. (UID-3)
  Allocating blocks in 'DW_div_uns_a_width32_b_width17'
Warning: Can't read link_library file '/home1/14_nmts/14_nmts/stdcell_hvt/db_ccs/*.db'. (UID-3)
Warning: Can't read link_library file '/home1/14_nmts/14_nmts/stdcell_lvt/db_ccs/*.db'. (UID-3)
Warning: Can't read link_library file '/home1/14_nmts/14_nmts/stdcell_rvt/db_ccs/*.dc'. (UID-3)
Warning: Can't read link_library file '/home1/14_nmts/14_nmts/stdcell_slvt/db_ccs/*.db'. (UID-3)
Warning: Can't read link_library file '/home1/14_nmts/14_nmts/stdcell_hvt/db_ccs/*.db'. (UID-3)
Warning: Can't read link_library file '/home1/14_nmts/14_nmts/stdcell_lvt/db_ccs/*.db'. (UID-3)
Warning: Can't read link_library file '/home1/14_nmts/14_nmts/stdcell_rvt/db_ccs/*.dc'. (UID-3)
Warning: Can't read link_library file '/home1/14_nmts/14_nmts/stdcell_slvt/db_ccs/*.db'. (UID-3)
Warning: Can't read link_library file '/home1/14_nmts/14_nmts/stdcell_hvt/db_ccs/*.db'. (UID-3)
Warning: Can't read link_library file '/home1/14_nmts/14_nmts/stdcell_lvt/db_ccs/*.db'. (UID-3)
Warning: Can't read link_library file '/home1/14_nmts/14_nmts/stdcell_rvt/db_ccs/*.dc'. (UID-3)
Warning: Can't read link_library file '/home1/14_nmts/14_nmts/stdcell_slvt/db_ccs/*.db'. (UID-3)
  Allocating blocks in 'DW_div_a_width32_b_width17_tc_mode0_rem_mode1'
Warning: Can't read link_library file '/home1/14_nmts/14_nmts/stdcell_hvt/db_ccs/*.db'. (UID-3)
Warning: Can't read link_library file '/home1/14_nmts/14_nmts/stdcell_lvt/db_ccs/*.db'. (UID-3)
Warning: Can't read link_library file '/home1/14_nmts/14_nmts/stdcell_rvt/db_ccs/*.dc'. (UID-3)
Warning: Can't read link_library file '/home1/14_nmts/14_nmts/stdcell_slvt/db_ccs/*.db'. (UID-3)
Warning: Can't read link_library file '/home1/14_nmts/14_nmts/stdcell_hvt/db_ccs/*.db'. (UID-3)
Warning: Can't read link_library file '/home1/14_nmts/14_nmts/stdcell_lvt/db_ccs/*.db'. (UID-3)
Warning: Can't read link_library file '/home1/14_nmts/14_nmts/stdcell_rvt/db_ccs/*.dc'. (UID-3)
Warning: Can't read link_library file '/home1/14_nmts/14_nmts/stdcell_slvt/db_ccs/*.db'. (UID-3)
Warning: Can't read link_library file '/home1/14_nmts/14_nmts/stdcell_hvt/db_ccs/*.db'. (UID-3)
Warning: Can't read link_library file '/home1/14_nmts/14_nmts/stdcell_lvt/db_ccs/*.db'. (UID-3)
Warning: Can't read link_library file '/home1/14_nmts/14_nmts/stdcell_rvt/db_ccs/*.dc'. (UID-3)
Warning: Can't read link_library file '/home1/14_nmts/14_nmts/stdcell_slvt/db_ccs/*.db'. (UID-3)
Warning: Can't read link_library file '/home1/14_nmts/14_nmts/stdcell_hvt/db_ccs/*.db'. (UID-3)
Warning: Can't read link_library file '/home1/14_nmts/14_nmts/stdcell_lvt/db_ccs/*.db'. (UID-3)
Warning: Can't read link_library file '/home1/14_nmts/14_nmts/stdcell_rvt/db_ccs/*.dc'. (UID-3)
Warning: Can't read link_library file '/home1/14_nmts/14_nmts/stdcell_slvt/db_ccs/*.db'. (UID-3)
Warning: Can't read link_library file '/home1/14_nmts/14_nmts/stdcell_hvt/db_ccs/*.db'. (UID-3)
Warning: Can't read link_library file '/home1/14_nmts/14_nmts/stdcell_lvt/db_ccs/*.db'. (UID-3)
Warning: Can't read link_library file '/home1/14_nmts/14_nmts/stdcell_rvt/db_ccs/*.dc'. (UID-3)
Warning: Can't read link_library file '/home1/14_nmts/14_nmts/stdcell_slvt/db_ccs/*.db'. (UID-3)
Warning: Can't read link_library file '/home1/14_nmts/14_nmts/stdcell_hvt/db_ccs/*.db'. (UID-3)
Warning: Can't read link_library file '/home1/14_nmts/14_nmts/stdcell_lvt/db_ccs/*.db'. (UID-3)
Warning: Can't read link_library file '/home1/14_nmts/14_nmts/stdcell_rvt/db_ccs/*.dc'. (UID-3)
Warning: Can't read link_library file '/home1/14_nmts/14_nmts/stdcell_slvt/db_ccs/*.db'. (UID-3)
Warning: Can't read link_library file '/home1/14_nmts/14_nmts/stdcell_hvt/db_ccs/*.db'. (UID-3)
Warning: Can't read link_library file '/home1/14_nmts/14_nmts/stdcell_lvt/db_ccs/*.db'. (UID-3)
Warning: Can't read link_library file '/home1/14_nmts/14_nmts/stdcell_rvt/db_ccs/*.dc'. (UID-3)
Warning: Can't read link_library file '/home1/14_nmts/14_nmts/stdcell_slvt/db_ccs/*.db'. (UID-3)
Warning: Can't read link_library file '/home1/14_nmts/14_nmts/stdcell_hvt/db_ccs/*.db'. (UID-3)
Warning: Can't read link_library file '/home1/14_nmts/14_nmts/stdcell_lvt/db_ccs/*.db'. (UID-3)
Warning: Can't read link_library file '/home1/14_nmts/14_nmts/stdcell_rvt/db_ccs/*.dc'. (UID-3)
Warning: Can't read link_library file '/home1/14_nmts/14_nmts/stdcell_slvt/db_ccs/*.db'. (UID-3)
Warning: Can't read link_library file '/home1/14_nmts/14_nmts/stdcell_hvt/db_ccs/*.db'. (UID-3)
Warning: Can't read link_library file '/home1/14_nmts/14_nmts/stdcell_lvt/db_ccs/*.db'. (UID-3)
Warning: Can't read link_library file '/home1/14_nmts/14_nmts/stdcell_rvt/db_ccs/*.dc'. (UID-3)
Warning: Can't read link_library file '/home1/14_nmts/14_nmts/stdcell_slvt/db_ccs/*.db'. (UID-3)
Warning: Can't read link_library file '/home1/14_nmts/14_nmts/stdcell_hvt/db_ccs/*.db'. (UID-3)
Warning: Can't read link_library file '/home1/14_nmts/14_nmts/stdcell_lvt/db_ccs/*.db'. (UID-3)
Warning: Can't read link_library file '/home1/14_nmts/14_nmts/stdcell_rvt/db_ccs/*.dc'. (UID-3)
Warning: Can't read link_library file '/home1/14_nmts/14_nmts/stdcell_slvt/db_ccs/*.db'. (UID-3)
Warning: Can't read link_library file '/home1/14_nmts/14_nmts/stdcell_hvt/db_ccs/*.db'. (UID-3)
Warning: Can't read link_library file '/home1/14_nmts/14_nmts/stdcell_lvt/db_ccs/*.db'. (UID-3)
Warning: Can't read link_library file '/home1/14_nmts/14_nmts/stdcell_rvt/db_ccs/*.dc'. (UID-3)
Warning: Can't read link_library file '/home1/14_nmts/14_nmts/stdcell_slvt/db_ccs/*.db'. (UID-3)
Warning: Can't read link_library file '/home1/14_nmts/14_nmts/stdcell_hvt/db_ccs/*.db'. (UID-3)
Warning: Can't read link_library file '/home1/14_nmts/14_nmts/stdcell_lvt/db_ccs/*.db'. (UID-3)
Warning: Can't read link_library file '/home1/14_nmts/14_nmts/stdcell_rvt/db_ccs/*.dc'. (UID-3)
Warning: Can't read link_library file '/home1/14_nmts/14_nmts/stdcell_slvt/db_ccs/*.db'. (UID-3)
Warning: Can't read link_library file '/home1/14_nmts/14_nmts/stdcell_hvt/db_ccs/*.db'. (UID-3)
Warning: Can't read link_library file '/home1/14_nmts/14_nmts/stdcell_lvt/db_ccs/*.db'. (UID-3)
Warning: Can't read link_library file '/home1/14_nmts/14_nmts/stdcell_rvt/db_ccs/*.dc'. (UID-3)
Warning: Can't read link_library file '/home1/14_nmts/14_nmts/stdcell_slvt/db_ccs/*.db'. (UID-3)
Warning: Can't read link_library file '/home1/14_nmts/14_nmts/stdcell_hvt/db_ccs/*.db'. (UID-3)
Warning: Can't read link_library file '/home1/14_nmts/14_nmts/stdcell_lvt/db_ccs/*.db'. (UID-3)
Warning: Can't read link_library file '/home1/14_nmts/14_nmts/stdcell_rvt/db_ccs/*.dc'. (UID-3)
Warning: Can't read link_library file '/home1/14_nmts/14_nmts/stdcell_slvt/db_ccs/*.db'. (UID-3)
Warning: Can't read link_library file '/home1/14_nmts/14_nmts/stdcell_hvt/db_ccs/*.db'. (UID-3)
Warning: Can't read link_library file '/home1/14_nmts/14_nmts/stdcell_lvt/db_ccs/*.db'. (UID-3)
Warning: Can't read link_library file '/home1/14_nmts/14_nmts/stdcell_rvt/db_ccs/*.dc'. (UID-3)
Warning: Can't read link_library file '/home1/14_nmts/14_nmts/stdcell_slvt/db_ccs/*.db'. (UID-3)
Warning: Can't read link_library file '/home1/14_nmts/14_nmts/stdcell_hvt/db_ccs/*.db'. (UID-3)
Warning: Can't read link_library file '/home1/14_nmts/14_nmts/stdcell_lvt/db_ccs/*.db'. (UID-3)
Warning: Can't read link_library file '/home1/14_nmts/14_nmts/stdcell_rvt/db_ccs/*.dc'. (UID-3)
Warning: Can't read link_library file '/home1/14_nmts/14_nmts/stdcell_slvt/db_ccs/*.db'. (UID-3)
Warning: Can't read link_library file '/home1/14_nmts/14_nmts/stdcell_hvt/db_ccs/*.db'. (UID-3)
Warning: Can't read link_library file '/home1/14_nmts/14_nmts/stdcell_lvt/db_ccs/*.db'. (UID-3)
Warning: Can't read link_library file '/home1/14_nmts/14_nmts/stdcell_rvt/db_ccs/*.dc'. (UID-3)
Warning: Can't read link_library file '/home1/14_nmts/14_nmts/stdcell_slvt/db_ccs/*.db'. (UID-3)
Warning: Can't read link_library file '/home1/14_nmts/14_nmts/stdcell_hvt/db_ccs/*.db'. (UID-3)
Warning: Can't read link_library file '/home1/14_nmts/14_nmts/stdcell_lvt/db_ccs/*.db'. (UID-3)
Warning: Can't read link_library file '/home1/14_nmts/14_nmts/stdcell_rvt/db_ccs/*.dc'. (UID-3)
Warning: Can't read link_library file '/home1/14_nmts/14_nmts/stdcell_slvt/db_ccs/*.db'. (UID-3)
Warning: Can't read link_library file '/home1/14_nmts/14_nmts/stdcell_hvt/db_ccs/*.db'. (UID-3)
Warning: Can't read link_library file '/home1/14_nmts/14_nmts/stdcell_lvt/db_ccs/*.db'. (UID-3)
Warning: Can't read link_library file '/home1/14_nmts/14_nmts/stdcell_rvt/db_ccs/*.dc'. (UID-3)
Warning: Can't read link_library file '/home1/14_nmts/14_nmts/stdcell_slvt/db_ccs/*.db'. (UID-3)
Warning: Can't read link_library file '/home1/14_nmts/14_nmts/stdcell_hvt/db_ccs/*.db'. (UID-3)
Warning: Can't read link_library file '/home1/14_nmts/14_nmts/stdcell_lvt/db_ccs/*.db'. (UID-3)
Warning: Can't read link_library file '/home1/14_nmts/14_nmts/stdcell_rvt/db_ccs/*.dc'. (UID-3)
Warning: Can't read link_library file '/home1/14_nmts/14_nmts/stdcell_slvt/db_ccs/*.db'. (UID-3)
Warning: Can't read link_library file '/home1/14_nmts/14_nmts/stdcell_hvt/db_ccs/*.db'. (UID-3)
Warning: Can't read link_library file '/home1/14_nmts/14_nmts/stdcell_lvt/db_ccs/*.db'. (UID-3)
Warning: Can't read link_library file '/home1/14_nmts/14_nmts/stdcell_rvt/db_ccs/*.dc'. (UID-3)
Warning: Can't read link_library file '/home1/14_nmts/14_nmts/stdcell_slvt/db_ccs/*.db'. (UID-3)
Warning: Can't read link_library file '/home1/14_nmts/14_nmts/stdcell_hvt/db_ccs/*.db'. (UID-3)
Warning: Can't read link_library file '/home1/14_nmts/14_nmts/stdcell_lvt/db_ccs/*.db'. (UID-3)
Warning: Can't read link_library file '/home1/14_nmts/14_nmts/stdcell_rvt/db_ccs/*.dc'. (UID-3)
Warning: Can't read link_library file '/home1/14_nmts/14_nmts/stdcell_slvt/db_ccs/*.db'. (UID-3)
Warning: Can't read link_library file '/home1/14_nmts/14_nmts/stdcell_hvt/db_ccs/*.db'. (UID-3)
Warning: Can't read link_library file '/home1/14_nmts/14_nmts/stdcell_lvt/db_ccs/*.db'. (UID-3)
Warning: Can't read link_library file '/home1/14_nmts/14_nmts/stdcell_rvt/db_ccs/*.dc'. (UID-3)
Warning: Can't read link_library file '/home1/14_nmts/14_nmts/stdcell_slvt/db_ccs/*.db'. (UID-3)
Warning: Can't read link_library file '/home1/14_nmts/14_nmts/stdcell_hvt/db_ccs/*.db'. (UID-3)
Warning: Can't read link_library file '/home1/14_nmts/14_nmts/stdcell_lvt/db_ccs/*.db'. (UID-3)
Warning: Can't read link_library file '/home1/14_nmts/14_nmts/stdcell_rvt/db_ccs/*.dc'. (UID-3)
Warning: Can't read link_library file '/home1/14_nmts/14_nmts/stdcell_slvt/db_ccs/*.db'. (UID-3)
Warning: Can't read link_library file '/home1/14_nmts/14_nmts/stdcell_hvt/db_ccs/*.db'. (UID-3)
Warning: Can't read link_library file '/home1/14_nmts/14_nmts/stdcell_lvt/db_ccs/*.db'. (UID-3)
Warning: Can't read link_library file '/home1/14_nmts/14_nmts/stdcell_rvt/db_ccs/*.dc'. (UID-3)
Warning: Can't read link_library file '/home1/14_nmts/14_nmts/stdcell_slvt/db_ccs/*.db'. (UID-3)
Warning: Can't read link_library file '/home1/14_nmts/14_nmts/stdcell_hvt/db_ccs/*.db'. (UID-3)
Warning: Can't read link_library file '/home1/14_nmts/14_nmts/stdcell_lvt/db_ccs/*.db'. (UID-3)
Warning: Can't read link_library file '/home1/14_nmts/14_nmts/stdcell_rvt/db_ccs/*.dc'. (UID-3)
Warning: Can't read link_library file '/home1/14_nmts/14_nmts/stdcell_slvt/db_ccs/*.db'. (UID-3)
Warning: Can't read link_library file '/home1/14_nmts/14_nmts/stdcell_hvt/db_ccs/*.db'. (UID-3)
Warning: Can't read link_library file '/home1/14_nmts/14_nmts/stdcell_lvt/db_ccs/*.db'. (UID-3)
Warning: Can't read link_library file '/home1/14_nmts/14_nmts/stdcell_rvt/db_ccs/*.dc'. (UID-3)
Warning: Can't read link_library file '/home1/14_nmts/14_nmts/stdcell_slvt/db_ccs/*.db'. (UID-3)
Warning: Can't read link_library file '/home1/14_nmts/14_nmts/stdcell_hvt/db_ccs/*.db'. (UID-3)
Warning: Can't read link_library file '/home1/14_nmts/14_nmts/stdcell_lvt/db_ccs/*.db'. (UID-3)
Warning: Can't read link_library file '/home1/14_nmts/14_nmts/stdcell_rvt/db_ccs/*.dc'. (UID-3)
Warning: Can't read link_library file '/home1/14_nmts/14_nmts/stdcell_slvt/db_ccs/*.db'. (UID-3)
Warning: Can't read link_library file '/home1/14_nmts/14_nmts/stdcell_hvt/db_ccs/*.db'. (UID-3)
Warning: Can't read link_library file '/home1/14_nmts/14_nmts/stdcell_lvt/db_ccs/*.db'. (UID-3)
Warning: Can't read link_library file '/home1/14_nmts/14_nmts/stdcell_rvt/db_ccs/*.dc'. (UID-3)
Warning: Can't read link_library file '/home1/14_nmts/14_nmts/stdcell_slvt/db_ccs/*.db'. (UID-3)
Warning: Can't read link_library file '/home1/14_nmts/14_nmts/stdcell_hvt/db_ccs/*.db'. (UID-3)
Warning: Can't read link_library file '/home1/14_nmts/14_nmts/stdcell_lvt/db_ccs/*.db'. (UID-3)
Warning: Can't read link_library file '/home1/14_nmts/14_nmts/stdcell_rvt/db_ccs/*.dc'. (UID-3)
Warning: Can't read link_library file '/home1/14_nmts/14_nmts/stdcell_slvt/db_ccs/*.db'. (UID-3)
Warning: Can't read link_library file '/home1/14_nmts/14_nmts/stdcell_hvt/db_ccs/*.db'. (UID-3)
Warning: Can't read link_library file '/home1/14_nmts/14_nmts/stdcell_lvt/db_ccs/*.db'. (UID-3)
Warning: Can't read link_library file '/home1/14_nmts/14_nmts/stdcell_rvt/db_ccs/*.dc'. (UID-3)
Warning: Can't read link_library file '/home1/14_nmts/14_nmts/stdcell_slvt/db_ccs/*.db'. (UID-3)
Warning: Can't read link_library file '/home1/14_nmts/14_nmts/stdcell_hvt/db_ccs/*.db'. (UID-3)
Warning: Can't read link_library file '/home1/14_nmts/14_nmts/stdcell_lvt/db_ccs/*.db'. (UID-3)
Warning: Can't read link_library file '/home1/14_nmts/14_nmts/stdcell_rvt/db_ccs/*.dc'. (UID-3)
Warning: Can't read link_library file '/home1/14_nmts/14_nmts/stdcell_slvt/db_ccs/*.db'. (UID-3)
Warning: Can't read link_library file '/home1/14_nmts/14_nmts/stdcell_hvt/db_ccs/*.db'. (UID-3)
Warning: Can't read link_library file '/home1/14_nmts/14_nmts/stdcell_lvt/db_ccs/*.db'. (UID-3)
Warning: Can't read link_library file '/home1/14_nmts/14_nmts/stdcell_rvt/db_ccs/*.dc'. (UID-3)
Warning: Can't read link_library file '/home1/14_nmts/14_nmts/stdcell_slvt/db_ccs/*.db'. (UID-3)
Warning: Can't read link_library file '/home1/14_nmts/14_nmts/stdcell_hvt/db_ccs/*.db'. (UID-3)
Warning: Can't read link_library file '/home1/14_nmts/14_nmts/stdcell_lvt/db_ccs/*.db'. (UID-3)
Warning: Can't read link_library file '/home1/14_nmts/14_nmts/stdcell_rvt/db_ccs/*.dc'. (UID-3)
Warning: Can't read link_library file '/home1/14_nmts/14_nmts/stdcell_slvt/db_ccs/*.db'. (UID-3)
Warning: Can't read link_library file '/home1/14_nmts/14_nmts/stdcell_hvt/db_ccs/*.db'. (UID-3)
Warning: Can't read link_library file '/home1/14_nmts/14_nmts/stdcell_lvt/db_ccs/*.db'. (UID-3)
Warning: Can't read link_library file '/home1/14_nmts/14_nmts/stdcell_rvt/db_ccs/*.dc'. (UID-3)
Warning: Can't read link_library file '/home1/14_nmts/14_nmts/stdcell_slvt/db_ccs/*.db'. (UID-3)
Warning: Can't read link_library file '/home1/14_nmts/14_nmts/stdcell_hvt/db_ccs/*.db'. (UID-3)
Warning: Can't read link_library file '/home1/14_nmts/14_nmts/stdcell_lvt/db_ccs/*.db'. (UID-3)
Warning: Can't read link_library file '/home1/14_nmts/14_nmts/stdcell_rvt/db_ccs/*.dc'. (UID-3)
Warning: Can't read link_library file '/home1/14_nmts/14_nmts/stdcell_slvt/db_ccs/*.db'. (UID-3)
Warning: Can't read link_library file '/home1/14_nmts/14_nmts/stdcell_hvt/db_ccs/*.db'. (UID-3)
Warning: Can't read link_library file '/home1/14_nmts/14_nmts/stdcell_lvt/db_ccs/*.db'. (UID-3)
Warning: Can't read link_library file '/home1/14_nmts/14_nmts/stdcell_rvt/db_ccs/*.dc'. (UID-3)
Warning: Can't read link_library file '/home1/14_nmts/14_nmts/stdcell_slvt/db_ccs/*.db'. (UID-3)
Warning: Can't read link_library file '/home1/14_nmts/14_nmts/stdcell_hvt/db_ccs/*.db'. (UID-3)
Warning: Can't read link_library file '/home1/14_nmts/14_nmts/stdcell_lvt/db_ccs/*.db'. (UID-3)
Warning: Can't read link_library file '/home1/14_nmts/14_nmts/stdcell_rvt/db_ccs/*.dc'. (UID-3)
Warning: Can't read link_library file '/home1/14_nmts/14_nmts/stdcell_slvt/db_ccs/*.db'. (UID-3)
Warning: Can't read link_library file '/home1/14_nmts/14_nmts/stdcell_hvt/db_ccs/*.db'. (UID-3)
Warning: Can't read link_library file '/home1/14_nmts/14_nmts/stdcell_lvt/db_ccs/*.db'. (UID-3)
Warning: Can't read link_library file '/home1/14_nmts/14_nmts/stdcell_rvt/db_ccs/*.dc'. (UID-3)
Warning: Can't read link_library file '/home1/14_nmts/14_nmts/stdcell_slvt/db_ccs/*.db'. (UID-3)
Warning: Can't read link_library file '/home1/14_nmts/14_nmts/stdcell_hvt/db_ccs/*.db'. (UID-3)
Warning: Can't read link_library file '/home1/14_nmts/14_nmts/stdcell_lvt/db_ccs/*.db'. (UID-3)
Warning: Can't read link_library file '/home1/14_nmts/14_nmts/stdcell_rvt/db_ccs/*.dc'. (UID-3)
Warning: Can't read link_library file '/home1/14_nmts/14_nmts/stdcell_slvt/db_ccs/*.db'. (UID-3)
Warning: Can't read link_library file '/home1/14_nmts/14_nmts/stdcell_hvt/db_ccs/*.db'. (UID-3)
Warning: Can't read link_library file '/home1/14_nmts/14_nmts/stdcell_lvt/db_ccs/*.db'. (UID-3)
Warning: Can't read link_library file '/home1/14_nmts/14_nmts/stdcell_rvt/db_ccs/*.dc'. (UID-3)
Warning: Can't read link_library file '/home1/14_nmts/14_nmts/stdcell_slvt/db_ccs/*.db'. (UID-3)
Warning: Can't read link_library file '/home1/14_nmts/14_nmts/stdcell_hvt/db_ccs/*.db'. (UID-3)
Warning: Can't read link_library file '/home1/14_nmts/14_nmts/stdcell_lvt/db_ccs/*.db'. (UID-3)
Warning: Can't read link_library file '/home1/14_nmts/14_nmts/stdcell_rvt/db_ccs/*.dc'. (UID-3)
Warning: Can't read link_library file '/home1/14_nmts/14_nmts/stdcell_slvt/db_ccs/*.db'. (UID-3)
Warning: Can't read link_library file '/home1/14_nmts/14_nmts/stdcell_hvt/db_ccs/*.db'. (UID-3)
Warning: Can't read link_library file '/home1/14_nmts/14_nmts/stdcell_lvt/db_ccs/*.db'. (UID-3)
Warning: Can't read link_library file '/home1/14_nmts/14_nmts/stdcell_rvt/db_ccs/*.dc'. (UID-3)
Warning: Can't read link_library file '/home1/14_nmts/14_nmts/stdcell_slvt/db_ccs/*.db'. (UID-3)
Warning: Can't read link_library file '/home1/14_nmts/14_nmts/stdcell_hvt/db_ccs/*.db'. (UID-3)
Warning: Can't read link_library file '/home1/14_nmts/14_nmts/stdcell_lvt/db_ccs/*.db'. (UID-3)
Warning: Can't read link_library file '/home1/14_nmts/14_nmts/stdcell_rvt/db_ccs/*.dc'. (UID-3)
Warning: Can't read link_library file '/home1/14_nmts/14_nmts/stdcell_slvt/db_ccs/*.db'. (UID-3)
Warning: Can't read link_library file '/home1/14_nmts/14_nmts/stdcell_hvt/db_ccs/*.db'. (UID-3)
Warning: Can't read link_library file '/home1/14_nmts/14_nmts/stdcell_lvt/db_ccs/*.db'. (UID-3)
Warning: Can't read link_library file '/home1/14_nmts/14_nmts/stdcell_rvt/db_ccs/*.dc'. (UID-3)
Warning: Can't read link_library file '/home1/14_nmts/14_nmts/stdcell_slvt/db_ccs/*.db'. (UID-3)
Warning: Can't read link_library file '/home1/14_nmts/14_nmts/stdcell_hvt/db_ccs/*.db'. (UID-3)
Warning: Can't read link_library file '/home1/14_nmts/14_nmts/stdcell_lvt/db_ccs/*.db'. (UID-3)
Warning: Can't read link_library file '/home1/14_nmts/14_nmts/stdcell_rvt/db_ccs/*.dc'. (UID-3)
Warning: Can't read link_library file '/home1/14_nmts/14_nmts/stdcell_slvt/db_ccs/*.db'. (UID-3)
Warning: Can't read link_library file '/home1/14_nmts/14_nmts/stdcell_hvt/db_ccs/*.db'. (UID-3)
Warning: Can't read link_library file '/home1/14_nmts/14_nmts/stdcell_lvt/db_ccs/*.db'. (UID-3)
Warning: Can't read link_library file '/home1/14_nmts/14_nmts/stdcell_rvt/db_ccs/*.dc'. (UID-3)
Warning: Can't read link_library file '/home1/14_nmts/14_nmts/stdcell_slvt/db_ccs/*.db'. (UID-3)
Warning: Can't read link_library file '/home1/14_nmts/14_nmts/stdcell_hvt/db_ccs/*.db'. (UID-3)
Warning: Can't read link_library file '/home1/14_nmts/14_nmts/stdcell_lvt/db_ccs/*.db'. (UID-3)
Warning: Can't read link_library file '/home1/14_nmts/14_nmts/stdcell_rvt/db_ccs/*.dc'. (UID-3)
Warning: Can't read link_library file '/home1/14_nmts/14_nmts/stdcell_slvt/db_ccs/*.db'. (UID-3)
Warning: Can't read link_library file '/home1/14_nmts/14_nmts/stdcell_hvt/db_ccs/*.db'. (UID-3)
Warning: Can't read link_library file '/home1/14_nmts/14_nmts/stdcell_lvt/db_ccs/*.db'. (UID-3)
Warning: Can't read link_library file '/home1/14_nmts/14_nmts/stdcell_rvt/db_ccs/*.dc'. (UID-3)
Warning: Can't read link_library file '/home1/14_nmts/14_nmts/stdcell_slvt/db_ccs/*.db'. (UID-3)
Warning: Can't read link_library file '/home1/14_nmts/14_nmts/stdcell_hvt/db_ccs/*.db'. (UID-3)
Warning: Can't read link_library file '/home1/14_nmts/14_nmts/stdcell_lvt/db_ccs/*.db'. (UID-3)
Warning: Can't read link_library file '/home1/14_nmts/14_nmts/stdcell_rvt/db_ccs/*.dc'. (UID-3)
Warning: Can't read link_library file '/home1/14_nmts/14_nmts/stdcell_slvt/db_ccs/*.db'. (UID-3)
Warning: Can't read link_library file '/home1/14_nmts/14_nmts/stdcell_hvt/db_ccs/*.db'. (UID-3)
Warning: Can't read link_library file '/home1/14_nmts/14_nmts/stdcell_lvt/db_ccs/*.db'. (UID-3)
Warning: Can't read link_library file '/home1/14_nmts/14_nmts/stdcell_rvt/db_ccs/*.dc'. (UID-3)
Warning: Can't read link_library file '/home1/14_nmts/14_nmts/stdcell_slvt/db_ccs/*.db'. (UID-3)
Warning: Can't read link_library file '/home1/14_nmts/14_nmts/stdcell_hvt/db_ccs/*.db'. (UID-3)
Warning: Can't read link_library file '/home1/14_nmts/14_nmts/stdcell_lvt/db_ccs/*.db'. (UID-3)
Warning: Can't read link_library file '/home1/14_nmts/14_nmts/stdcell_rvt/db_ccs/*.dc'. (UID-3)
Warning: Can't read link_library file '/home1/14_nmts/14_nmts/stdcell_slvt/db_ccs/*.db'. (UID-3)
Warning: Can't read link_library file '/home1/14_nmts/14_nmts/stdcell_hvt/db_ccs/*.db'. (UID-3)
Warning: Can't read link_library file '/home1/14_nmts/14_nmts/stdcell_lvt/db_ccs/*.db'. (UID-3)
Warning: Can't read link_library file '/home1/14_nmts/14_nmts/stdcell_rvt/db_ccs/*.dc'. (UID-3)
Warning: Can't read link_library file '/home1/14_nmts/14_nmts/stdcell_slvt/db_ccs/*.db'. (UID-3)
Warning: Can't read link_library file '/home1/14_nmts/14_nmts/stdcell_hvt/db_ccs/*.db'. (UID-3)
Warning: Can't read link_library file '/home1/14_nmts/14_nmts/stdcell_lvt/db_ccs/*.db'. (UID-3)
Warning: Can't read link_library file '/home1/14_nmts/14_nmts/stdcell_rvt/db_ccs/*.dc'. (UID-3)
Warning: Can't read link_library file '/home1/14_nmts/14_nmts/stdcell_slvt/db_ccs/*.db'. (UID-3)
Warning: Can't read link_library file '/home1/14_nmts/14_nmts/stdcell_hvt/db_ccs/*.db'. (UID-3)
Warning: Can't read link_library file '/home1/14_nmts/14_nmts/stdcell_lvt/db_ccs/*.db'. (UID-3)
Warning: Can't read link_library file '/home1/14_nmts/14_nmts/stdcell_rvt/db_ccs/*.dc'. (UID-3)
Warning: Can't read link_library file '/home1/14_nmts/14_nmts/stdcell_slvt/db_ccs/*.db'. (UID-3)
Warning: Can't read link_library file '/home1/14_nmts/14_nmts/stdcell_hvt/db_ccs/*.db'. (UID-3)
Warning: Can't read link_library file '/home1/14_nmts/14_nmts/stdcell_lvt/db_ccs/*.db'. (UID-3)
Warning: Can't read link_library file '/home1/14_nmts/14_nmts/stdcell_rvt/db_ccs/*.dc'. (UID-3)
Warning: Can't read link_library file '/home1/14_nmts/14_nmts/stdcell_slvt/db_ccs/*.db'. (UID-3)
Warning: Can't read link_library file '/home1/14_nmts/14_nmts/stdcell_hvt/db_ccs/*.db'. (UID-3)
Warning: Can't read link_library file '/home1/14_nmts/14_nmts/stdcell_lvt/db_ccs/*.db'. (UID-3)
Warning: Can't read link_library file '/home1/14_nmts/14_nmts/stdcell_rvt/db_ccs/*.dc'. (UID-3)
Warning: Can't read link_library file '/home1/14_nmts/14_nmts/stdcell_slvt/db_ccs/*.db'. (UID-3)
Warning: Can't read link_library file '/home1/14_nmts/14_nmts/stdcell_hvt/db_ccs/*.db'. (UID-3)
Warning: Can't read link_library file '/home1/14_nmts/14_nmts/stdcell_lvt/db_ccs/*.db'. (UID-3)
Warning: Can't read link_library file '/home1/14_nmts/14_nmts/stdcell_rvt/db_ccs/*.dc'. (UID-3)
Warning: Can't read link_library file '/home1/14_nmts/14_nmts/stdcell_slvt/db_ccs/*.db'. (UID-3)
Warning: Can't read link_library file '/home1/14_nmts/14_nmts/stdcell_hvt/db_ccs/*.db'. (UID-3)
Warning: Can't read link_library file '/home1/14_nmts/14_nmts/stdcell_lvt/db_ccs/*.db'. (UID-3)
Warning: Can't read link_library file '/home1/14_nmts/14_nmts/stdcell_rvt/db_ccs/*.dc'. (UID-3)
Warning: Can't read link_library file '/home1/14_nmts/14_nmts/stdcell_slvt/db_ccs/*.db'. (UID-3)
Warning: Can't read link_library file '/home1/14_nmts/14_nmts/stdcell_hvt/db_ccs/*.db'. (UID-3)
Warning: Can't read link_library file '/home1/14_nmts/14_nmts/stdcell_lvt/db_ccs/*.db'. (UID-3)
Warning: Can't read link_library file '/home1/14_nmts/14_nmts/stdcell_rvt/db_ccs/*.dc'. (UID-3)
Warning: Can't read link_library file '/home1/14_nmts/14_nmts/stdcell_slvt/db_ccs/*.db'. (UID-3)
Warning: Can't read link_library file '/home1/14_nmts/14_nmts/stdcell_hvt/db_ccs/*.db'. (UID-3)
Warning: Can't read link_library file '/home1/14_nmts/14_nmts/stdcell_lvt/db_ccs/*.db'. (UID-3)
Warning: Can't read link_library file '/home1/14_nmts/14_nmts/stdcell_rvt/db_ccs/*.dc'. (UID-3)
Warning: Can't read link_library file '/home1/14_nmts/14_nmts/stdcell_slvt/db_ccs/*.db'. (UID-3)
Warning: Can't read link_library file '/home1/14_nmts/14_nmts/stdcell_hvt/db_ccs/*.db'. (UID-3)
Warning: Can't read link_library file '/home1/14_nmts/14_nmts/stdcell_lvt/db_ccs/*.db'. (UID-3)
Warning: Can't read link_library file '/home1/14_nmts/14_nmts/stdcell_rvt/db_ccs/*.dc'. (UID-3)
Warning: Can't read link_library file '/home1/14_nmts/14_nmts/stdcell_slvt/db_ccs/*.db'. (UID-3)
Warning: Can't read link_library file '/home1/14_nmts/14_nmts/stdcell_hvt/db_ccs/*.db'. (UID-3)
Warning: Can't read link_library file '/home1/14_nmts/14_nmts/stdcell_lvt/db_ccs/*.db'. (UID-3)
Warning: Can't read link_library file '/home1/14_nmts/14_nmts/stdcell_rvt/db_ccs/*.dc'. (UID-3)
Warning: Can't read link_library file '/home1/14_nmts/14_nmts/stdcell_slvt/db_ccs/*.db'. (UID-3)
Warning: Can't read link_library file '/home1/14_nmts/14_nmts/stdcell_hvt/db_ccs/*.db'. (UID-3)
Warning: Can't read link_library file '/home1/14_nmts/14_nmts/stdcell_lvt/db_ccs/*.db'. (UID-3)
Warning: Can't read link_library file '/home1/14_nmts/14_nmts/stdcell_rvt/db_ccs/*.dc'. (UID-3)
Warning: Can't read link_library file '/home1/14_nmts/14_nmts/stdcell_slvt/db_ccs/*.db'. (UID-3)
Warning: Can't read link_library file '/home1/14_nmts/14_nmts/stdcell_hvt/db_ccs/*.db'. (UID-3)
Warning: Can't read link_library file '/home1/14_nmts/14_nmts/stdcell_lvt/db_ccs/*.db'. (UID-3)
Warning: Can't read link_library file '/home1/14_nmts/14_nmts/stdcell_rvt/db_ccs/*.dc'. (UID-3)
Warning: Can't read link_library file '/home1/14_nmts/14_nmts/stdcell_slvt/db_ccs/*.db'. (UID-3)
Warning: Can't read link_library file '/home1/14_nmts/14_nmts/stdcell_hvt/db_ccs/*.db'. (UID-3)
Warning: Can't read link_library file '/home1/14_nmts/14_nmts/stdcell_lvt/db_ccs/*.db'. (UID-3)
Warning: Can't read link_library file '/home1/14_nmts/14_nmts/stdcell_rvt/db_ccs/*.dc'. (UID-3)
Warning: Can't read link_library file '/home1/14_nmts/14_nmts/stdcell_slvt/db_ccs/*.db'. (UID-3)
Warning: Can't read link_library file '/home1/14_nmts/14_nmts/stdcell_hvt/db_ccs/*.db'. (UID-3)
Warning: Can't read link_library file '/home1/14_nmts/14_nmts/stdcell_lvt/db_ccs/*.db'. (UID-3)
Warning: Can't read link_library file '/home1/14_nmts/14_nmts/stdcell_rvt/db_ccs/*.dc'. (UID-3)
Warning: Can't read link_library file '/home1/14_nmts/14_nmts/stdcell_slvt/db_ccs/*.db'. (UID-3)
Warning: Can't read link_library file '/home1/14_nmts/14_nmts/stdcell_hvt/db_ccs/*.db'. (UID-3)
Warning: Can't read link_library file '/home1/14_nmts/14_nmts/stdcell_lvt/db_ccs/*.db'. (UID-3)
Warning: Can't read link_library file '/home1/14_nmts/14_nmts/stdcell_rvt/db_ccs/*.dc'. (UID-3)
Warning: Can't read link_library file '/home1/14_nmts/14_nmts/stdcell_slvt/db_ccs/*.db'. (UID-3)
Warning: Can't read link_library file '/home1/14_nmts/14_nmts/stdcell_hvt/db_ccs/*.db'. (UID-3)
Warning: Can't read link_library file '/home1/14_nmts/14_nmts/stdcell_lvt/db_ccs/*.db'. (UID-3)
Warning: Can't read link_library file '/home1/14_nmts/14_nmts/stdcell_rvt/db_ccs/*.dc'. (UID-3)
Warning: Can't read link_library file '/home1/14_nmts/14_nmts/stdcell_slvt/db_ccs/*.db'. (UID-3)
Warning: Can't read link_library file '/home1/14_nmts/14_nmts/stdcell_hvt/db_ccs/*.db'. (UID-3)
Warning: Can't read link_library file '/home1/14_nmts/14_nmts/stdcell_lvt/db_ccs/*.db'. (UID-3)
Warning: Can't read link_library file '/home1/14_nmts/14_nmts/stdcell_rvt/db_ccs/*.dc'. (UID-3)
Warning: Can't read link_library file '/home1/14_nmts/14_nmts/stdcell_slvt/db_ccs/*.db'. (UID-3)
Warning: Can't read link_library file '/home1/14_nmts/14_nmts/stdcell_hvt/db_ccs/*.db'. (UID-3)
Warning: Can't read link_library file '/home1/14_nmts/14_nmts/stdcell_lvt/db_ccs/*.db'. (UID-3)
Warning: Can't read link_library file '/home1/14_nmts/14_nmts/stdcell_rvt/db_ccs/*.dc'. (UID-3)
Warning: Can't read link_library file '/home1/14_nmts/14_nmts/stdcell_slvt/db_ccs/*.db'. (UID-3)
Warning: Can't read link_library file '/home1/14_nmts/14_nmts/stdcell_hvt/db_ccs/*.db'. (UID-3)
Warning: Can't read link_library file '/home1/14_nmts/14_nmts/stdcell_lvt/db_ccs/*.db'. (UID-3)
Warning: Can't read link_library file '/home1/14_nmts/14_nmts/stdcell_rvt/db_ccs/*.dc'. (UID-3)
Warning: Can't read link_library file '/home1/14_nmts/14_nmts/stdcell_slvt/db_ccs/*.db'. (UID-3)
Warning: Can't read link_library file '/home1/14_nmts/14_nmts/stdcell_hvt/db_ccs/*.db'. (UID-3)
Warning: Can't read link_library file '/home1/14_nmts/14_nmts/stdcell_lvt/db_ccs/*.db'. (UID-3)
Warning: Can't read link_library file '/home1/14_nmts/14_nmts/stdcell_rvt/db_ccs/*.dc'. (UID-3)
Warning: Can't read link_library file '/home1/14_nmts/14_nmts/stdcell_slvt/db_ccs/*.db'. (UID-3)
Warning: Can't read link_library file '/home1/14_nmts/14_nmts/stdcell_hvt/db_ccs/*.db'. (UID-3)
Warning: Can't read link_library file '/home1/14_nmts/14_nmts/stdcell_lvt/db_ccs/*.db'. (UID-3)
Warning: Can't read link_library file '/home1/14_nmts/14_nmts/stdcell_rvt/db_ccs/*.dc'. (UID-3)
Warning: Can't read link_library file '/home1/14_nmts/14_nmts/stdcell_slvt/db_ccs/*.db'. (UID-3)
Warning: Can't read link_library file '/home1/14_nmts/14_nmts/stdcell_hvt/db_ccs/*.db'. (UID-3)
Warning: Can't read link_library file '/home1/14_nmts/14_nmts/stdcell_lvt/db_ccs/*.db'. (UID-3)
Warning: Can't read link_library file '/home1/14_nmts/14_nmts/stdcell_rvt/db_ccs/*.dc'. (UID-3)
Warning: Can't read link_library file '/home1/14_nmts/14_nmts/stdcell_slvt/db_ccs/*.db'. (UID-3)
Warning: Can't read link_library file '/home1/14_nmts/14_nmts/stdcell_hvt/db_ccs/*.db'. (UID-3)
Warning: Can't read link_library file '/home1/14_nmts/14_nmts/stdcell_lvt/db_ccs/*.db'. (UID-3)
Warning: Can't read link_library file '/home1/14_nmts/14_nmts/stdcell_rvt/db_ccs/*.dc'. (UID-3)
Warning: Can't read link_library file '/home1/14_nmts/14_nmts/stdcell_slvt/db_ccs/*.db'. (UID-3)
Warning: Can't read link_library file '/home1/14_nmts/14_nmts/stdcell_hvt/db_ccs/*.db'. (UID-3)
Warning: Can't read link_library file '/home1/14_nmts/14_nmts/stdcell_lvt/db_ccs/*.db'. (UID-3)
Warning: Can't read link_library file '/home1/14_nmts/14_nmts/stdcell_rvt/db_ccs/*.dc'. (UID-3)
Warning: Can't read link_library file '/home1/14_nmts/14_nmts/stdcell_slvt/db_ccs/*.db'. (UID-3)
Warning: Can't read link_library file '/home1/14_nmts/14_nmts/stdcell_hvt/db_ccs/*.db'. (UID-3)
Warning: Can't read link_library file '/home1/14_nmts/14_nmts/stdcell_lvt/db_ccs/*.db'. (UID-3)
Warning: Can't read link_library file '/home1/14_nmts/14_nmts/stdcell_rvt/db_ccs/*.dc'. (UID-3)
Warning: Can't read link_library file '/home1/14_nmts/14_nmts/stdcell_slvt/db_ccs/*.db'. (UID-3)
Warning: Can't read link_library file '/home1/14_nmts/14_nmts/stdcell_hvt/db_ccs/*.db'. (UID-3)
Warning: Can't read link_library file '/home1/14_nmts/14_nmts/stdcell_lvt/db_ccs/*.db'. (UID-3)
Warning: Can't read link_library file '/home1/14_nmts/14_nmts/stdcell_rvt/db_ccs/*.dc'. (UID-3)
Warning: Can't read link_library file '/home1/14_nmts/14_nmts/stdcell_slvt/db_ccs/*.db'. (UID-3)
Warning: Can't read link_library file '/home1/14_nmts/14_nmts/stdcell_hvt/db_ccs/*.db'. (UID-3)
Warning: Can't read link_library file '/home1/14_nmts/14_nmts/stdcell_lvt/db_ccs/*.db'. (UID-3)
Warning: Can't read link_library file '/home1/14_nmts/14_nmts/stdcell_rvt/db_ccs/*.dc'. (UID-3)
Warning: Can't read link_library file '/home1/14_nmts/14_nmts/stdcell_slvt/db_ccs/*.db'. (UID-3)
Warning: Can't read link_library file '/home1/14_nmts/14_nmts/stdcell_hvt/db_ccs/*.db'. (UID-3)
Warning: Can't read link_library file '/home1/14_nmts/14_nmts/stdcell_lvt/db_ccs/*.db'. (UID-3)
Warning: Can't read link_library file '/home1/14_nmts/14_nmts/stdcell_rvt/db_ccs/*.dc'. (UID-3)
Warning: Can't read link_library file '/home1/14_nmts/14_nmts/stdcell_slvt/db_ccs/*.db'. (UID-3)
Warning: Can't read link_library file '/home1/14_nmts/14_nmts/stdcell_hvt/db_ccs/*.db'. (UID-3)
Warning: Can't read link_library file '/home1/14_nmts/14_nmts/stdcell_lvt/db_ccs/*.db'. (UID-3)
Warning: Can't read link_library file '/home1/14_nmts/14_nmts/stdcell_rvt/db_ccs/*.dc'. (UID-3)
Warning: Can't read link_library file '/home1/14_nmts/14_nmts/stdcell_slvt/db_ccs/*.db'. (UID-3)
Warning: Can't read link_library file '/home1/14_nmts/14_nmts/stdcell_hvt/db_ccs/*.db'. (UID-3)
Warning: Can't read link_library file '/home1/14_nmts/14_nmts/stdcell_lvt/db_ccs/*.db'. (UID-3)
Warning: Can't read link_library file '/home1/14_nmts/14_nmts/stdcell_rvt/db_ccs/*.dc'. (UID-3)
Warning: Can't read link_library file '/home1/14_nmts/14_nmts/stdcell_slvt/db_ccs/*.db'. (UID-3)
Warning: Can't read link_library file '/home1/14_nmts/14_nmts/stdcell_hvt/db_ccs/*.db'. (UID-3)
Warning: Can't read link_library file '/home1/14_nmts/14_nmts/stdcell_lvt/db_ccs/*.db'. (UID-3)
Warning: Can't read link_library file '/home1/14_nmts/14_nmts/stdcell_rvt/db_ccs/*.dc'. (UID-3)
Warning: Can't read link_library file '/home1/14_nmts/14_nmts/stdcell_slvt/db_ccs/*.db'. (UID-3)
Warning: Can't read link_library file '/home1/14_nmts/14_nmts/stdcell_hvt/db_ccs/*.db'. (UID-3)
Warning: Can't read link_library file '/home1/14_nmts/14_nmts/stdcell_lvt/db_ccs/*.db'. (UID-3)
Warning: Can't read link_library file '/home1/14_nmts/14_nmts/stdcell_rvt/db_ccs/*.dc'. (UID-3)
Warning: Can't read link_library file '/home1/14_nmts/14_nmts/stdcell_slvt/db_ccs/*.db'. (UID-3)
Warning: Can't read link_library file '/home1/14_nmts/14_nmts/stdcell_hvt/db_ccs/*.db'. (UID-3)
Warning: Can't read link_library file '/home1/14_nmts/14_nmts/stdcell_lvt/db_ccs/*.db'. (UID-3)
Warning: Can't read link_library file '/home1/14_nmts/14_nmts/stdcell_rvt/db_ccs/*.dc'. (UID-3)
Warning: Can't read link_library file '/home1/14_nmts/14_nmts/stdcell_slvt/db_ccs/*.db'. (UID-3)
Warning: Can't read link_library file '/home1/14_nmts/14_nmts/stdcell_hvt/db_ccs/*.db'. (UID-3)
Warning: Can't read link_library file '/home1/14_nmts/14_nmts/stdcell_lvt/db_ccs/*.db'. (UID-3)
Warning: Can't read link_library file '/home1/14_nmts/14_nmts/stdcell_rvt/db_ccs/*.dc'. (UID-3)
Warning: Can't read link_library file '/home1/14_nmts/14_nmts/stdcell_slvt/db_ccs/*.db'. (UID-3)
Warning: Can't read link_library file '/home1/14_nmts/14_nmts/stdcell_hvt/db_ccs/*.db'. (UID-3)
Warning: Can't read link_library file '/home1/14_nmts/14_nmts/stdcell_lvt/db_ccs/*.db'. (UID-3)
Warning: Can't read link_library file '/home1/14_nmts/14_nmts/stdcell_rvt/db_ccs/*.dc'. (UID-3)
Warning: Can't read link_library file '/home1/14_nmts/14_nmts/stdcell_slvt/db_ccs/*.db'. (UID-3)
Warning: Can't read link_library file '/home1/14_nmts/14_nmts/stdcell_hvt/db_ccs/*.db'. (UID-3)
Warning: Can't read link_library file '/home1/14_nmts/14_nmts/stdcell_lvt/db_ccs/*.db'. (UID-3)
Warning: Can't read link_library file '/home1/14_nmts/14_nmts/stdcell_rvt/db_ccs/*.dc'. (UID-3)
Warning: Can't read link_library file '/home1/14_nmts/14_nmts/stdcell_slvt/db_ccs/*.db'. (UID-3)
Warning: Can't read link_library file '/home1/14_nmts/14_nmts/stdcell_hvt/db_ccs/*.db'. (UID-3)
Warning: Can't read link_library file '/home1/14_nmts/14_nmts/stdcell_lvt/db_ccs/*.db'. (UID-3)
Warning: Can't read link_library file '/home1/14_nmts/14_nmts/stdcell_rvt/db_ccs/*.dc'. (UID-3)
Warning: Can't read link_library file '/home1/14_nmts/14_nmts/stdcell_slvt/db_ccs/*.db'. (UID-3)
Warning: Can't read link_library file '/home1/14_nmts/14_nmts/stdcell_hvt/db_ccs/*.db'. (UID-3)
Warning: Can't read link_library file '/home1/14_nmts/14_nmts/stdcell_lvt/db_ccs/*.db'. (UID-3)
Warning: Can't read link_library file '/home1/14_nmts/14_nmts/stdcell_rvt/db_ccs/*.dc'. (UID-3)
Warning: Can't read link_library file '/home1/14_nmts/14_nmts/stdcell_slvt/db_ccs/*.db'. (UID-3)
Warning: Can't read link_library file '/home1/14_nmts/14_nmts/stdcell_hvt/db_ccs/*.db'. (UID-3)
Warning: Can't read link_library file '/home1/14_nmts/14_nmts/stdcell_lvt/db_ccs/*.db'. (UID-3)
Warning: Can't read link_library file '/home1/14_nmts/14_nmts/stdcell_rvt/db_ccs/*.dc'. (UID-3)
Warning: Can't read link_library file '/home1/14_nmts/14_nmts/stdcell_slvt/db_ccs/*.db'. (UID-3)
Warning: Can't read link_library file '/home1/14_nmts/14_nmts/stdcell_hvt/db_ccs/*.db'. (UID-3)
Warning: Can't read link_library file '/home1/14_nmts/14_nmts/stdcell_lvt/db_ccs/*.db'. (UID-3)
Warning: Can't read link_library file '/home1/14_nmts/14_nmts/stdcell_rvt/db_ccs/*.dc'. (UID-3)
Warning: Can't read link_library file '/home1/14_nmts/14_nmts/stdcell_slvt/db_ccs/*.db'. (UID-3)
Warning: Can't read link_library file '/home1/14_nmts/14_nmts/stdcell_hvt/db_ccs/*.db'. (UID-3)
Warning: Can't read link_library file '/home1/14_nmts/14_nmts/stdcell_lvt/db_ccs/*.db'. (UID-3)
Warning: Can't read link_library file '/home1/14_nmts/14_nmts/stdcell_rvt/db_ccs/*.dc'. (UID-3)
Warning: Can't read link_library file '/home1/14_nmts/14_nmts/stdcell_slvt/db_ccs/*.db'. (UID-3)
Warning: Can't read link_library file '/home1/14_nmts/14_nmts/stdcell_hvt/db_ccs/*.db'. (UID-3)
Warning: Can't read link_library file '/home1/14_nmts/14_nmts/stdcell_lvt/db_ccs/*.db'. (UID-3)
Warning: Can't read link_library file '/home1/14_nmts/14_nmts/stdcell_rvt/db_ccs/*.dc'. (UID-3)
Warning: Can't read link_library file '/home1/14_nmts/14_nmts/stdcell_slvt/db_ccs/*.db'. (UID-3)
Warning: Can't read link_library file '/home1/14_nmts/14_nmts/stdcell_hvt/db_ccs/*.db'. (UID-3)
Warning: Can't read link_library file '/home1/14_nmts/14_nmts/stdcell_lvt/db_ccs/*.db'. (UID-3)
Warning: Can't read link_library file '/home1/14_nmts/14_nmts/stdcell_rvt/db_ccs/*.dc'. (UID-3)
Warning: Can't read link_library file '/home1/14_nmts/14_nmts/stdcell_slvt/db_ccs/*.db'. (UID-3)
Warning: Can't read link_library file '/home1/14_nmts/14_nmts/stdcell_hvt/db_ccs/*.db'. (UID-3)
Warning: Can't read link_library file '/home1/14_nmts/14_nmts/stdcell_lvt/db_ccs/*.db'. (UID-3)
Warning: Can't read link_library file '/home1/14_nmts/14_nmts/stdcell_rvt/db_ccs/*.dc'. (UID-3)
Warning: Can't read link_library file '/home1/14_nmts/14_nmts/stdcell_slvt/db_ccs/*.db'. (UID-3)
Warning: Can't read link_library file '/home1/14_nmts/14_nmts/stdcell_hvt/db_ccs/*.db'. (UID-3)
Warning: Can't read link_library file '/home1/14_nmts/14_nmts/stdcell_lvt/db_ccs/*.db'. (UID-3)
Warning: Can't read link_library file '/home1/14_nmts/14_nmts/stdcell_rvt/db_ccs/*.dc'. (UID-3)
Warning: Can't read link_library file '/home1/14_nmts/14_nmts/stdcell_slvt/db_ccs/*.db'. (UID-3)
Warning: Can't read link_library file '/home1/14_nmts/14_nmts/stdcell_hvt/db_ccs/*.db'. (UID-3)
Warning: Can't read link_library file '/home1/14_nmts/14_nmts/stdcell_lvt/db_ccs/*.db'. (UID-3)
Warning: Can't read link_library file '/home1/14_nmts/14_nmts/stdcell_rvt/db_ccs/*.dc'. (UID-3)
Warning: Can't read link_library file '/home1/14_nmts/14_nmts/stdcell_slvt/db_ccs/*.db'. (UID-3)
Warning: Can't read link_library file '/home1/14_nmts/14_nmts/stdcell_hvt/db_ccs/*.db'. (UID-3)
Warning: Can't read link_library file '/home1/14_nmts/14_nmts/stdcell_lvt/db_ccs/*.db'. (UID-3)
Warning: Can't read link_library file '/home1/14_nmts/14_nmts/stdcell_rvt/db_ccs/*.dc'. (UID-3)
Warning: Can't read link_library file '/home1/14_nmts/14_nmts/stdcell_slvt/db_ccs/*.db'. (UID-3)
Warning: Can't read link_library file '/home1/14_nmts/14_nmts/stdcell_hvt/db_ccs/*.db'. (UID-3)
Warning: Can't read link_library file '/home1/14_nmts/14_nmts/stdcell_lvt/db_ccs/*.db'. (UID-3)
Warning: Can't read link_library file '/home1/14_nmts/14_nmts/stdcell_rvt/db_ccs/*.dc'. (UID-3)
Warning: Can't read link_library file '/home1/14_nmts/14_nmts/stdcell_slvt/db_ccs/*.db'. (UID-3)
Warning: Can't read link_library file '/home1/14_nmts/14_nmts/stdcell_hvt/db_ccs/*.db'. (UID-3)
Warning: Can't read link_library file '/home1/14_nmts/14_nmts/stdcell_lvt/db_ccs/*.db'. (UID-3)
Warning: Can't read link_library file '/home1/14_nmts/14_nmts/stdcell_rvt/db_ccs/*.dc'. (UID-3)
Warning: Can't read link_library file '/home1/14_nmts/14_nmts/stdcell_slvt/db_ccs/*.db'. (UID-3)
Warning: Can't read link_library file '/home1/14_nmts/14_nmts/stdcell_hvt/db_ccs/*.db'. (UID-3)
Warning: Can't read link_library file '/home1/14_nmts/14_nmts/stdcell_lvt/db_ccs/*.db'. (UID-3)
Warning: Can't read link_library file '/home1/14_nmts/14_nmts/stdcell_rvt/db_ccs/*.dc'. (UID-3)
Warning: Can't read link_library file '/home1/14_nmts/14_nmts/stdcell_slvt/db_ccs/*.db'. (UID-3)
Warning: Can't read link_library file '/home1/14_nmts/14_nmts/stdcell_hvt/db_ccs/*.db'. (UID-3)
Warning: Can't read link_library file '/home1/14_nmts/14_nmts/stdcell_lvt/db_ccs/*.db'. (UID-3)
Warning: Can't read link_library file '/home1/14_nmts/14_nmts/stdcell_rvt/db_ccs/*.dc'. (UID-3)
Warning: Can't read link_library file '/home1/14_nmts/14_nmts/stdcell_slvt/db_ccs/*.db'. (UID-3)
Warning: Can't read link_library file '/home1/14_nmts/14_nmts/stdcell_hvt/db_ccs/*.db'. (UID-3)
Warning: Can't read link_library file '/home1/14_nmts/14_nmts/stdcell_lvt/db_ccs/*.db'. (UID-3)
Warning: Can't read link_library file '/home1/14_nmts/14_nmts/stdcell_rvt/db_ccs/*.dc'. (UID-3)
Warning: Can't read link_library file '/home1/14_nmts/14_nmts/stdcell_slvt/db_ccs/*.db'. (UID-3)
Warning: Can't read link_library file '/home1/14_nmts/14_nmts/stdcell_hvt/db_ccs/*.db'. (UID-3)
Warning: Can't read link_library file '/home1/14_nmts/14_nmts/stdcell_lvt/db_ccs/*.db'. (UID-3)
Warning: Can't read link_library file '/home1/14_nmts/14_nmts/stdcell_rvt/db_ccs/*.dc'. (UID-3)
Warning: Can't read link_library file '/home1/14_nmts/14_nmts/stdcell_slvt/db_ccs/*.db'. (UID-3)
Warning: Can't read link_library file '/home1/14_nmts/14_nmts/stdcell_hvt/db_ccs/*.db'. (UID-3)
Warning: Can't read link_library file '/home1/14_nmts/14_nmts/stdcell_lvt/db_ccs/*.db'. (UID-3)
Warning: Can't read link_library file '/home1/14_nmts/14_nmts/stdcell_rvt/db_ccs/*.dc'. (UID-3)
Warning: Can't read link_library file '/home1/14_nmts/14_nmts/stdcell_slvt/db_ccs/*.db'. (UID-3)
Warning: Can't read link_library file '/home1/14_nmts/14_nmts/stdcell_hvt/db_ccs/*.db'. (UID-3)
Warning: Can't read link_library file '/home1/14_nmts/14_nmts/stdcell_lvt/db_ccs/*.db'. (UID-3)
Warning: Can't read link_library file '/home1/14_nmts/14_nmts/stdcell_rvt/db_ccs/*.dc'. (UID-3)
Warning: Can't read link_library file '/home1/14_nmts/14_nmts/stdcell_slvt/db_ccs/*.db'. (UID-3)
Warning: Can't read link_library file '/home1/14_nmts/14_nmts/stdcell_hvt/db_ccs/*.db'. (UID-3)
Warning: Can't read link_library file '/home1/14_nmts/14_nmts/stdcell_lvt/db_ccs/*.db'. (UID-3)
Warning: Can't read link_library file '/home1/14_nmts/14_nmts/stdcell_rvt/db_ccs/*.dc'. (UID-3)
Warning: Can't read link_library file '/home1/14_nmts/14_nmts/stdcell_slvt/db_ccs/*.db'. (UID-3)
Warning: Can't read link_library file '/home1/14_nmts/14_nmts/stdcell_hvt/db_ccs/*.db'. (UID-3)
Warning: Can't read link_library file '/home1/14_nmts/14_nmts/stdcell_lvt/db_ccs/*.db'. (UID-3)
Warning: Can't read link_library file '/home1/14_nmts/14_nmts/stdcell_rvt/db_ccs/*.dc'. (UID-3)
Warning: Can't read link_library file '/home1/14_nmts/14_nmts/stdcell_slvt/db_ccs/*.db'. (UID-3)
Warning: Can't read link_library file '/home1/14_nmts/14_nmts/stdcell_hvt/db_ccs/*.db'. (UID-3)
Warning: Can't read link_library file '/home1/14_nmts/14_nmts/stdcell_lvt/db_ccs/*.db'. (UID-3)
Warning: Can't read link_library file '/home1/14_nmts/14_nmts/stdcell_rvt/db_ccs/*.dc'. (UID-3)
Warning: Can't read link_library file '/home1/14_nmts/14_nmts/stdcell_slvt/db_ccs/*.db'. (UID-3)
Warning: Can't read link_library file '/home1/14_nmts/14_nmts/stdcell_hvt/db_ccs/*.db'. (UID-3)
Warning: Can't read link_library file '/home1/14_nmts/14_nmts/stdcell_lvt/db_ccs/*.db'. (UID-3)
Warning: Can't read link_library file '/home1/14_nmts/14_nmts/stdcell_rvt/db_ccs/*.dc'. (UID-3)
Warning: Can't read link_library file '/home1/14_nmts/14_nmts/stdcell_slvt/db_ccs/*.db'. (UID-3)
Warning: Can't read link_library file '/home1/14_nmts/14_nmts/stdcell_hvt/db_ccs/*.db'. (UID-3)
Warning: Can't read link_library file '/home1/14_nmts/14_nmts/stdcell_lvt/db_ccs/*.db'. (UID-3)
Warning: Can't read link_library file '/home1/14_nmts/14_nmts/stdcell_rvt/db_ccs/*.dc'. (UID-3)
Warning: Can't read link_library file '/home1/14_nmts/14_nmts/stdcell_slvt/db_ccs/*.db'. (UID-3)
Warning: Can't read link_library file '/home1/14_nmts/14_nmts/stdcell_hvt/db_ccs/*.db'. (UID-3)
Warning: Can't read link_library file '/home1/14_nmts/14_nmts/stdcell_lvt/db_ccs/*.db'. (UID-3)
Warning: Can't read link_library file '/home1/14_nmts/14_nmts/stdcell_rvt/db_ccs/*.dc'. (UID-3)
Warning: Can't read link_library file '/home1/14_nmts/14_nmts/stdcell_slvt/db_ccs/*.db'. (UID-3)
Warning: Can't read link_library file '/home1/14_nmts/14_nmts/stdcell_hvt/db_ccs/*.db'. (UID-3)
Warning: Can't read link_library file '/home1/14_nmts/14_nmts/stdcell_lvt/db_ccs/*.db'. (UID-3)
Warning: Can't read link_library file '/home1/14_nmts/14_nmts/stdcell_rvt/db_ccs/*.dc'. (UID-3)
Warning: Can't read link_library file '/home1/14_nmts/14_nmts/stdcell_slvt/db_ccs/*.db'. (UID-3)
Warning: Design 'DW_div_uns_a_width32_b_width17' inherited license information from design 'DW_div_a_width32_b_width17_tc_mode0_rem_mode1'. (DDB-74)
Warning: Can't read link_library file '/home1/14_nmts/14_nmts/stdcell_hvt/db_ccs/*.db'. (UID-3)
Warning: Can't read link_library file '/home1/14_nmts/14_nmts/stdcell_lvt/db_ccs/*.db'. (UID-3)
Warning: Can't read link_library file '/home1/14_nmts/14_nmts/stdcell_rvt/db_ccs/*.dc'. (UID-3)
Warning: Can't read link_library file '/home1/14_nmts/14_nmts/stdcell_slvt/db_ccs/*.db'. (UID-3)
Warning: Can't read link_library file '/home1/14_nmts/14_nmts/stdcell_hvt/db_ccs/*.db'. (UID-3)
Warning: Can't read link_library file '/home1/14_nmts/14_nmts/stdcell_lvt/db_ccs/*.db'. (UID-3)
Warning: Can't read link_library file '/home1/14_nmts/14_nmts/stdcell_rvt/db_ccs/*.dc'. (UID-3)
Warning: Can't read link_library file '/home1/14_nmts/14_nmts/stdcell_slvt/db_ccs/*.db'. (UID-3)
Information: Updating design information... (UID-85)
Warning: Design 'bms_lmu_wrapper' contains 4 high-fanout nets. A fanout number of 1000 will be used for delay calculations involving these nets. (TIM-134)

Information: Checking generated_clocks...

Information: Checking loops...

Information: Checking no_input_delay...

Information: Checking unconstrained_endpoints...

Information: Checking pulse_clock_cell_type...

Information: Checking no_driving_cell...

Information: Checking partial_input_delay...
1
