#! /opt/homebrew/Cellar/icarus-verilog/13.0/bin/vvp
:ivl_version "13.0 (stable)" "(v13_0)";
:ivl_delay_selection "TYPICAL";
:vpi_time_precision - 9;
:vpi_module "/opt/homebrew/Cellar/icarus-verilog/13.0/lib/ivl/system.vpi";
:vpi_module "/opt/homebrew/Cellar/icarus-verilog/13.0/lib/ivl/vhdl_sys.vpi";
:vpi_module "/opt/homebrew/Cellar/icarus-verilog/13.0/lib/ivl/vhdl_textio.vpi";
:vpi_module "/opt/homebrew/Cellar/icarus-verilog/13.0/lib/ivl/v2005_math.vpi";
:vpi_module "/opt/homebrew/Cellar/icarus-verilog/13.0/lib/ivl/va_math.vpi";
:vpi_module "/opt/homebrew/Cellar/icarus-verilog/13.0/lib/ivl/v2009.vpi";
S_0x1051ec7f0 .scope package, "$unit" "$unit" 2 1;
 .timescale 0 0;
S_0x1051ec970 .scope module, "tb_bms_system_3lmu_top_enhanced" "tb_bms_system_3lmu_top_enhanced" 3 2;
 .timescale -9 -9;
v0x972d254a0_0 .var "clk", 0 0;
v0x972d25540_0 .var/i "fail_count", 31 0;
v0x972d255e0_0 .net "global_fault", 0 0, v0x972d206e0_0;  1 drivers
v0x972d25680_0 .net "global_fault_code", 7 0, v0x972d20780_0;  1 drivers
v0x972d25720_0 .var "lmu0_adc_data", 15 0;
v0x972d257c0_0 .var "lmu0_adc_start", 0 0;
v0x972d25860_0 .var "lmu0_adc_valid", 0 0;
v0x972d25900_0 .var "lmu0_cell_t_bus", 191 0;
v0x972d259a0_0 .var "lmu0_charge_cycles", 15 0;
v0x972d25a40_0 .var "lmu0_emi_in", 0 0;
v0x972d25ae0_0 .var "lmu0_iso_resistance", 15 0;
v0x972d25b80_0 .var "lmu0_pack_i", 15 0;
v0x972d25c20_0 .var "lmu0_pack_v_avg", 15 0;
v0x972d25cc0_0 .var "lmu0_temp_die", 11 0;
v0x972d25d60_0 .var "lmu1_adc_data", 15 0;
v0x972d25e00_0 .var "lmu1_adc_start", 0 0;
v0x972d25ea0_0 .var "lmu1_adc_valid", 0 0;
v0x972d25f40_0 .var "lmu1_cell_t_bus", 191 0;
v0x972d25fe0_0 .var "lmu1_charge_cycles", 15 0;
v0x972d26080_0 .var "lmu1_emi_in", 0 0;
v0x972d26120_0 .var "lmu1_iso_resistance", 15 0;
v0x972d261c0_0 .var "lmu1_pack_i", 15 0;
v0x972d26260_0 .var "lmu1_pack_v_avg", 15 0;
v0x972d26300_0 .var "lmu1_temp_die", 11 0;
v0x972d263a0_0 .var "lmu2_adc_data", 15 0;
v0x972d26440_0 .var "lmu2_adc_start", 0 0;
v0x972d264e0_0 .var "lmu2_adc_valid", 0 0;
v0x972d26580_0 .var "lmu2_cell_t_bus", 191 0;
v0x972d26620_0 .var "lmu2_charge_cycles", 15 0;
v0x972d266c0_0 .var "lmu2_emi_in", 0 0;
v0x972d26760_0 .var "lmu2_iso_resistance", 15 0;
v0x972d26800_0 .var "lmu2_pack_i", 15 0;
v0x972d268a0_0 .var "lmu2_pack_v_avg", 15 0;
v0x972d26940_0 .var "lmu2_temp_die", 11 0;
v0x972d269e0_0 .var "pack_current", 15 0;
v0x972d26a80_0 .net "pack_soc_avg", 15 0, v0x972d21360_0;  1 drivers
v0x972d26b20_0 .net "pack_soh_avg", 15 0, v0x972d21400_0;  1 drivers
v0x972d26bc0_0 .var/i "pass_count", 31 0;
v0x972d26c60_0 .var "rst_n", 0 0;
v0x972d26d00_0 .net "spi_cs_n", 2 0, v0x972d1fac0_0;  1 drivers
v0x972d26da0_0 .var "spi_miso", 0 0;
v0x972d26e40_0 .net "spi_mosi", 0 0, v0x972d1fca0_0;  1 drivers
v0x972d26ee0_0 .net "spi_sclk", 0 0, v0x972d1ff20_0;  1 drivers
v0x972d26f80_0 .var "start_poll", 0 0;
S_0x1051f2040 .scope task, "check" "check" 3 39, 3 39 0, S_0x1051ec970;
 .timescale -9 -9;
v0x972ccfac0_0 .var "cond", 0 0;
v0x972ccfb60_0 .var "msg", 255 0;
TD_tb_bms_system_3lmu_top_enhanced.check ;
    %load/vec4 v0x972ccfac0_0;
    %flag_set/vec4 8;
    %jmp/0xz  T_0.0, 8;
    %load/vec4 v0x972d26bc0_0;
    %addi 1, 0, 32;
    %store/vec4 v0x972d26bc0_0, 0, 32;
    %vpi_call/w 3 45 "$display", "PASS: %0s", v0x972ccfb60_0 {0 0 0};
    %jmp T_0.1;
T_0.0 ;
    %load/vec4 v0x972d25540_0;
    %addi 1, 0, 32;
    %store/vec4 v0x972d25540_0, 0, 32;
    %vpi_call/w 3 48 "$display", "FAIL: %0s", v0x972ccfb60_0 {0 0 0};
T_0.1 ;
    %end;
S_0x1051f21c0 .scope module, "dut" "bms_system_3lmu_top_enhanced" 3 29, 4 1 0, S_0x1051ec970;
 .timescale 0 0;
    .port_info 0 /INPUT 1 "clk";
    .port_info 1 /INPUT 1 "rst_n";
    .port_info 2 /INPUT 1 "start_poll";
    .port_info 3 /INPUT 16 "pack_current";
    .port_info 4 /INPUT 1 "lmu0_adc_start";
    .port_info 5 /INPUT 16 "lmu0_adc_data";
    .port_info 6 /INPUT 1 "lmu0_adc_valid";
    .port_info 7 /INPUT 16 "lmu0_pack_i";
    .port_info 8 /INPUT 16 "lmu0_pack_v_avg";
    .port_info 9 /INPUT 16 "lmu0_charge_cycles";
    .port_info 10 /INPUT 12 "lmu0_temp_die";
    .port_info 11 /INPUT 192 "lmu0_cell_t_bus";
    .port_info 12 /INPUT 16 "lmu0_iso_resistance";
    .port_info 13 /INPUT 1 "lmu0_emi_in";
    .port_info 14 /INPUT 1 "lmu1_adc_start";
    .port_info 15 /INPUT 16 "lmu1_adc_data";
    .port_info 16 /INPUT 1 "lmu1_adc_valid";
    .port_info 17 /INPUT 16 "lmu1_pack_i";
    .port_info 18 /INPUT 16 "lmu1_pack_v_avg";
    .port_info 19 /INPUT 16 "lmu1_charge_cycles";
    .port_info 20 /INPUT 12 "lmu1_temp_die";
    .port_info 21 /INPUT 192 "lmu1_cell_t_bus";
    .port_info 22 /INPUT 16 "lmu1_iso_resistance";
    .port_info 23 /INPUT 1 "lmu1_emi_in";
    .port_info 24 /INPUT 1 "lmu2_adc_start";
    .port_info 25 /INPUT 16 "lmu2_adc_data";
    .port_info 26 /INPUT 1 "lmu2_adc_valid";
    .port_info 27 /INPUT 16 "lmu2_pack_i";
    .port_info 28 /INPUT 16 "lmu2_pack_v_avg";
    .port_info 29 /INPUT 16 "lmu2_charge_cycles";
    .port_info 30 /INPUT 12 "lmu2_temp_die";
    .port_info 31 /INPUT 192 "lmu2_cell_t_bus";
    .port_info 32 /INPUT 16 "lmu2_iso_resistance";
    .port_info 33 /INPUT 1 "lmu2_emi_in";
    .port_info 34 /INPUT 1 "spi_miso";
    .port_info 35 /OUTPUT 1 "spi_sclk";
    .port_info 36 /OUTPUT 1 "spi_mosi";
    .port_info 37 /OUTPUT 3 "spi_cs_n";
    .port_info 38 /OUTPUT 16 "pack_soc_avg";
    .port_info 39 /OUTPUT 16 "pack_soh_avg";
    .port_info 40 /OUTPUT 1 "global_fault";
    .port_info 41 /OUTPUT 8 "global_fault_code";
    .port_info 42 /OUTPUT 1 "current_warn";
    .port_info 43 /OUTPUT 1 "current_trip";
    .port_info 44 /OUTPUT 1 "thermal_warn";
    .port_info 45 /OUTPUT 1 "thermal_trip";
    .port_info 46 /OUTPUT 16 "allowed_current";
    .port_info 47 /OUTPUT 8 "supervisor_code";
v0x972d21f40_0 .net "allowed_current", 15 0, v0x972d1f0c0_0;  1 drivers
v0x972d21fe0_0 .net "clk", 0 0, v0x972d254a0_0;  1 drivers
v0x972d22080_0 .net "current_trip", 0 0, v0x972d1f200_0;  1 drivers
v0x972d22120_0 .net "current_warn", 0 0, v0x972d1f2a0_0;  1 drivers
v0x972d221c0_0 .net "dummy_active_rx0", 15 0, v0x972ccf480_0;  1 drivers
v0x972d22260_0 .net "dummy_active_rx1", 15 0, v0x972d0a300_0;  1 drivers
v0x972d22300_0 .net "dummy_active_rx2", 15 0, v0x972d16d00_0;  1 drivers
v0x972d223a0_0 .net "dummy_active_tx0", 15 0, v0x972ccf520_0;  1 drivers
v0x972d22440_0 .net "dummy_active_tx1", 15 0, v0x972d0a3a0_0;  1 drivers
v0x972d224e0_0 .net "dummy_active_tx2", 15 0, v0x972d16da0_0;  1 drivers
v0x972d22580_0 .net "dummy_can_0", 63 0, v0x972ccdfe0_0;  1 drivers
v0x972d22620_0 .net "dummy_can_1", 63 0, v0x972d0b200_0;  1 drivers
v0x972d226c0_0 .net "dummy_can_2", 63 0, v0x972d17c00_0;  1 drivers
v0x972d22760_0 .net "dummy_can_valid_0", 0 0, v0x972cce080_0;  1 drivers
v0x972d22800_0 .net "dummy_can_valid_1", 0 0, v0x972d0b2a0_0;  1 drivers
v0x972d228a0_0 .net "dummy_can_valid_2", 0 0, v0x972d17ca0_0;  1 drivers
v0x972d22940_0 .net "dummy_passive0", 15 0, v0x972cceb20_0;  1 drivers
v0x972d229e0_0 .net "dummy_passive1", 15 0, v0x972d0ad00_0;  1 drivers
v0x972d22a80_0 .net "dummy_passive2", 15 0, v0x972d17700_0;  1 drivers
v0x972d22b20_0 .net "dummy_spi_miso_0", 0 0, v0x972ccd540_0;  1 drivers
v0x972d22bc0_0 .net "dummy_spi_miso_1", 0 0, v0x972d0b5c0_0;  1 drivers
v0x972d22c60_0 .net "dummy_spi_miso_2", 0 0, v0x972d18000_0;  1 drivers
v0x972d22d00_0 .net "dummy_uart_0", 0 0, v0x972cccc80_0;  1 drivers
v0x972d22da0_0 .net "dummy_uart_1", 0 0, v0x972d10280_0;  1 drivers
v0x972d22e40_0 .net "dummy_uart_2", 0 0, v0x972d18c80_0;  1 drivers
v0x972d22ee0_0 .net "global_fault", 0 0, v0x972d206e0_0;  alias, 1 drivers
v0x972d22f80_0 .net "global_fault_code", 7 0, v0x972d20780_0;  alias, 1 drivers
v0x972d23020_0 .net "lmu0_adc_data", 15 0, v0x972d25720_0;  1 drivers
v0x972d230c0_0 .net "lmu0_adc_start", 0 0, v0x972d257c0_0;  1 drivers
v0x972d23160_0 .net "lmu0_adc_valid", 0 0, v0x972d25860_0;  1 drivers
v0x972d23200_0 .net "lmu0_cell_t_bus", 191 0, v0x972d25900_0;  1 drivers
v0x972d232a0_0 .net "lmu0_charge_cycles", 15 0, v0x972d259a0_0;  1 drivers
v0x972d23340_0 .net "lmu0_emi_in", 0 0, v0x972d25a40_0;  1 drivers
v0x972d233e0_0 .net "lmu0_fault", 0 0, v0x972d00dc0_0;  1 drivers
v0x972d23480_0 .net "lmu0_fault_code", 7 0, v0x972d00d20_0;  1 drivers
v0x972d23520_0 .net "lmu0_iso_resistance", 15 0, v0x972d25ae0_0;  1 drivers
v0x972d235c0_0 .net "lmu0_pack_i", 15 0, v0x972d25b80_0;  1 drivers
v0x972d23660_0 .net "lmu0_pack_v_avg", 15 0, v0x972d25c20_0;  1 drivers
v0x972d23700_0 .net "lmu0_soc", 15 0, v0x972d02b20_0;  1 drivers
v0x972d237a0_0 .net "lmu0_soh", 15 0, v0x972d02c60_0;  1 drivers
v0x972d23840_0 .net "lmu0_temp_die", 11 0, v0x972d25cc0_0;  1 drivers
v0x972d238e0_0 .net "lmu1_adc_data", 15 0, v0x972d25d60_0;  1 drivers
v0x972d23980_0 .net "lmu1_adc_start", 0 0, v0x972d25e00_0;  1 drivers
v0x972d23a20_0 .net "lmu1_adc_valid", 0 0, v0x972d25ea0_0;  1 drivers
v0x972d23ac0_0 .net "lmu1_cell_t_bus", 191 0, v0x972d25f40_0;  1 drivers
v0x972d23b60_0 .net "lmu1_charge_cycles", 15 0, v0x972d25fe0_0;  1 drivers
v0x972d23c00_0 .net "lmu1_emi_in", 0 0, v0x972d26080_0;  1 drivers
v0x972d23ca0_0 .net "lmu1_fault", 0 0, v0x972d117c0_0;  1 drivers
v0x972d23d40_0 .net "lmu1_fault_code", 7 0, v0x972d11720_0;  1 drivers
v0x972d23de0_0 .net "lmu1_iso_resistance", 15 0, v0x972d26120_0;  1 drivers
v0x972d23e80_0 .net "lmu1_pack_i", 15 0, v0x972d261c0_0;  1 drivers
v0x972d23f20_0 .net "lmu1_pack_v_avg", 15 0, v0x972d26260_0;  1 drivers
v0x972d24000_0 .net "lmu1_soc", 15 0, v0x972d13520_0;  1 drivers
v0x972d240a0_0 .net "lmu1_soh", 15 0, v0x972d13660_0;  1 drivers
v0x972d24140_0 .net "lmu1_temp_die", 11 0, v0x972d26300_0;  1 drivers
v0x972d241e0_0 .net "lmu2_adc_data", 15 0, v0x972d263a0_0;  1 drivers
v0x972d24280_0 .net "lmu2_adc_start", 0 0, v0x972d26440_0;  1 drivers
v0x972d24320_0 .net "lmu2_adc_valid", 0 0, v0x972d264e0_0;  1 drivers
v0x972d243c0_0 .net "lmu2_cell_t_bus", 191 0, v0x972d26580_0;  1 drivers
v0x972d24460_0 .net "lmu2_charge_cycles", 15 0, v0x972d26620_0;  1 drivers
v0x972d24500_0 .net "lmu2_emi_in", 0 0, v0x972d266c0_0;  1 drivers
v0x972d245a0_0 .net "lmu2_fault", 0 0, v0x972d1a1c0_0;  1 drivers
v0x972d24640_0 .net "lmu2_fault_code", 7 0, v0x972d1a120_0;  1 drivers
v0x972d246e0_0 .net "lmu2_iso_resistance", 15 0, v0x972d26760_0;  1 drivers
v0x972d24780_0 .net "lmu2_pack_i", 15 0, v0x972d26800_0;  1 drivers
v0x972d24820_0 .net "lmu2_pack_v_avg", 15 0, v0x972d268a0_0;  1 drivers
v0x972d248c0_0 .net "lmu2_soc", 15 0, v0x972d1bf20_0;  1 drivers
v0x972d24960_0 .net "lmu2_soh", 15 0, v0x972d1c0a0_0;  1 drivers
v0x972d24a00_0 .net "lmu2_temp_die", 11 0, v0x972d26940_0;  1 drivers
v0x972d24aa0_0 .net "lmu_count_fault", 0 0, v0x972d1f3e0_0;  1 drivers
v0x972d24b40_0 .net "max_temp_seen", 11 0, v0x972d21220_0;  1 drivers
v0x972d24be0_0 .net "pack_current", 15 0, v0x972d269e0_0;  1 drivers
v0x972d24c80_0 .net "pack_soc_avg", 15 0, v0x972d21360_0;  alias, 1 drivers
v0x972d24d20_0 .net "pack_soh_avg", 15 0, v0x972d21400_0;  alias, 1 drivers
v0x972d24dc0_0 .net "rst_n", 0 0, v0x972d26c60_0;  1 drivers
v0x972d24e60_0 .net "spi_cs_n", 2 0, v0x972d1fac0_0;  alias, 1 drivers
v0x972d24f00_0 .net "spi_miso", 0 0, v0x972d26da0_0;  1 drivers
v0x972d24fa0_0 .net "spi_mosi", 0 0, v0x972d1fca0_0;  alias, 1 drivers
v0x972d25040_0 .net "spi_sclk", 0 0, v0x972d1ff20_0;  alias, 1 drivers
v0x972d250e0_0 .net "start_poll", 0 0, v0x972d26f80_0;  1 drivers
v0x972d25180_0 .net "supervisor_code", 7 0, v0x972d1f660_0;  1 drivers
v0x972d25220_0 .net "thermal_trip", 0 0, v0x972d1f700_0;  1 drivers
v0x972d252c0_0 .net "thermal_warn", 0 0, v0x972d1f7a0_0;  1 drivers
S_0x1051f5a30 .scope module, "u_lmu0" "bms_lmu_wrapper" 4 69, 5 1 0, S_0x1051f21c0;
 .timescale 0 0;
    .port_info 0 /INPUT 1 "clk";
    .port_info 1 /INPUT 1 "rst_n";
    .port_info 2 /INPUT 1 "adc_start";
    .port_info 3 /INPUT 16 "adc_data";
    .port_info 4 /INPUT 1 "adc_valid";
    .port_info 5 /INPUT 16 "pack_i";
    .port_info 6 /INPUT 16 "pack_v_avg";
    .port_info 7 /INPUT 16 "charge_cycles";
    .port_info 8 /INPUT 12 "temp_die";
    .port_info 9 /INPUT 192 "cell_t_bus";
    .port_info 10 /INPUT 16 "iso_resistance";
    .port_info 11 /INPUT 1 "emi_in";
    .port_info 12 /INPUT 2 "comm_sel";
    .port_info 13 /INPUT 1 "spi_sclk";
    .port_info 14 /INPUT 1 "spi_ss_n";
    .port_info 15 /INPUT 1 "spi_mosi";
    .port_info 16 /OUTPUT 1 "spi_miso";
    .port_info 17 /OUTPUT 1 "uart_tx";
    .port_info 18 /OUTPUT 64 "can_frame";
    .port_info 19 /OUTPUT 1 "can_valid";
    .port_info 20 /OUTPUT 16 "active_tx_sw";
    .port_info 21 /OUTPUT 16 "active_rx_sw";
    .port_info 22 /OUTPUT 16 "passive_sw";
    .port_info 23 /OUTPUT 1 "fault_trip";
    .port_info 24 /OUTPUT 8 "fault_code";
    .port_info 25 /OUTPUT 16 "soc_out";
    .port_info 26 /OUTPUT 16 "soh_out";
v0x972d08b40_0 .net "active_rx_sw", 15 0, v0x972ccf480_0;  alias, 1 drivers
v0x972d08be0_0 .net "active_tx_sw", 15 0, v0x972ccf520_0;  alias, 1 drivers
v0x972d08c80_0 .net "adc_data", 15 0, v0x972d25720_0;  alias, 1 drivers
v0x972d08d20_0 .net "adc_start", 0 0, v0x972d257c0_0;  alias, 1 drivers
v0x972d08dc0_0 .net "adc_valid", 0 0, v0x972d25860_0;  alias, 1 drivers
v0x972d08e60_0 .net "can_frame", 63 0, v0x972ccdfe0_0;  alias, 1 drivers
v0x972d08f00_0 .net "can_valid", 0 0, v0x972cce080_0;  alias, 1 drivers
v0x972d08fa0_0 .net "cell_t_bus", 191 0, v0x972d25900_0;  alias, 1 drivers
v0x972d09040_0 .net "charge_cycles", 15 0, v0x972d259a0_0;  alias, 1 drivers
v0x972d090e0_0 .net "clk", 0 0, v0x972d254a0_0;  alias, 1 drivers
L_0x9728780e8 .functor BUFT 1, C4<01>, C4<0>, C4<0>, C4<0>;
v0x972d09180_0 .net "comm_sel", 1 0, L_0x9728780e8;  1 drivers
v0x972d09220_0 .net "emi_in", 0 0, v0x972d25a40_0;  alias, 1 drivers
v0x972d092c0_0 .net "fault_code", 7 0, v0x972d00d20_0;  alias, 1 drivers
v0x972d09360_0 .net "fault_trip", 0 0, v0x972d00dc0_0;  alias, 1 drivers
v0x972d09400_0 .net "iso_resistance", 15 0, v0x972d25ae0_0;  alias, 1 drivers
v0x972d094a0_0 .net "pack_i", 15 0, v0x972d25b80_0;  alias, 1 drivers
v0x972d09540_0 .net "pack_v_avg", 15 0, v0x972d25c20_0;  alias, 1 drivers
v0x972d095e0_0 .net "passive_sw", 15 0, v0x972cceb20_0;  alias, 1 drivers
v0x972d09680_0 .net "rst_n", 0 0, v0x972d26c60_0;  alias, 1 drivers
v0x972d09720_0 .net "soc_out", 15 0, v0x972d02b20_0;  alias, 1 drivers
v0x972d097c0_0 .net "soh_out", 15 0, v0x972d02c60_0;  alias, 1 drivers
v0x972d09860_0 .net "spi_miso", 0 0, v0x972ccd540_0;  alias, 1 drivers
L_0x9728781c0 .functor BUFT 1, C4<0>, C4<0>, C4<0>, C4<0>;
v0x972d09900_0 .net "spi_mosi", 0 0, L_0x9728781c0;  1 drivers
L_0x972878130 .functor BUFT 1, C4<0>, C4<0>, C4<0>, C4<0>;
v0x972d099a0_0 .net "spi_sclk", 0 0, L_0x972878130;  1 drivers
L_0x972878178 .functor BUFT 1, C4<1>, C4<0>, C4<0>, C4<0>;
v0x972d09a40_0 .net "spi_ss_n", 0 0, L_0x972878178;  1 drivers
v0x972d09ae0_0 .net "temp_die", 11 0, v0x972d25cc0_0;  alias, 1 drivers
v0x972d09b80_0 .net "uart_tx", 0 0, v0x972cccc80_0;  alias, 1 drivers
S_0x1051f6430 .scope module, "u_lmu" "bms_satellite_top" 5 30, 6 1 0, S_0x1051f5a30;
 .timescale 0 0;
    .port_info 0 /INPUT 1 "clk";
    .port_info 1 /INPUT 1 "rst_n";
    .port_info 2 /INPUT 1 "adc_start";
    .port_info 3 /INPUT 16 "adc_data";
    .port_info 4 /INPUT 1 "adc_valid";
    .port_info 5 /INPUT 16 "pack_i";
    .port_info 6 /INPUT 16 "pack_v_avg";
    .port_info 7 /INPUT 16 "charge_cycles";
    .port_info 8 /INPUT 12 "temp_die";
    .port_info 9 /INPUT 192 "cell_t_bus";
    .port_info 10 /INPUT 16 "iso_resistance";
    .port_info 11 /INPUT 1 "emi_in";
    .port_info 12 /INPUT 2 "comm_sel";
    .port_info 13 /INPUT 1 "spi_sclk";
    .port_info 14 /INPUT 1 "spi_ss_n";
    .port_info 15 /INPUT 1 "spi_mosi";
    .port_info 16 /OUTPUT 1 "spi_miso";
    .port_info 17 /OUTPUT 1 "uart_tx";
    .port_info 18 /OUTPUT 64 "can_frame";
    .port_info 19 /OUTPUT 1 "can_valid";
    .port_info 20 /OUTPUT 16 "active_tx_sw";
    .port_info 21 /OUTPUT 16 "active_rx_sw";
    .port_info 22 /OUTPUT 16 "passive_sw";
    .port_info 23 /OUTPUT 1 "fault_trip";
    .port_info 24 /OUTPUT 8 "fault_code";
    .port_info 25 /OUTPUT 16 "soc_out";
    .port_info 26 /OUTPUT 16 "soh_out";
P_0x973139280 .param/l "CELL_COUNT" 0 6 2, +C4<00000000000000000000000000010000>;
L_0x9730765a0 .functor NOT 1, v0x972d00dc0_0, C4<0>, C4<0>, C4<0>;
L_0x973076610 .functor AND 1, v0x972d02260_0, L_0x9730765a0, C4<1>, C4<1>;
L_0x973076530 .functor NOT 1, v0x972d03b60_0, C4<0>, C4<0>, C4<0>;
L_0x973076450 .functor AND 1, v0x972d00dc0_0, L_0x973076530, C4<1>, C4<1>;
v0x972d02d00_0 .net *"_ivl_0", 0 0, L_0x9730765a0;  1 drivers
v0x972d02da0_0 .net *"_ivl_6", 0 0, L_0x973076530;  1 drivers
v0x972d02e40_0 .net "active_rx_sw", 15 0, v0x972ccf480_0;  alias, 1 drivers
v0x972d02ee0_0 .net "active_tx_sw", 15 0, v0x972ccf520_0;  alias, 1 drivers
v0x972d02f80_0 .net "adc_busy", 0 0, v0x972ccfc00_0;  1 drivers
v0x972d03020_0 .net "adc_data", 15 0, v0x972d25720_0;  alias, 1 drivers
v0x972d030c0_0 .net "adc_frame_done", 0 0, v0x972ccf700_0;  1 drivers
v0x972d03160_0 .net "adc_start", 0 0, v0x972d257c0_0;  alias, 1 drivers
v0x972d03200_0 .net "adc_valid", 0 0, v0x972d25860_0;  alias, 1 drivers
v0x972d032a0_0 .net "balance_busy", 0 0, v0x972ccf5c0_0;  1 drivers
v0x972d03340_0 .net "can_frame", 63 0, v0x972ccdfe0_0;  alias, 1 drivers
v0x972d033e0_0 .net "can_valid", 0 0, v0x972cce080_0;  alias, 1 drivers
v0x972d03480_0 .net "cell_t_bus", 191 0, v0x972d25900_0;  alias, 1 drivers
v0x972d03520_0 .net "cell_v_bus", 255 0, v0x972ccfe80_0;  1 drivers
v0x972d035c0_0 .net "cell_v_red_bus", 255 0, v0x972ccf980_0;  1 drivers
v0x972d03660_0 .net "charge_cycles", 15 0, v0x972d259a0_0;  alias, 1 drivers
v0x972d03700_0 .net "clk", 0 0, v0x972d254a0_0;  alias, 1 drivers
v0x972d037a0_0 .net "comm_active", 0 0, L_0x973076840;  1 drivers
v0x972d03840_0 .net "comm_sel", 1 0, L_0x9728780e8;  alias, 1 drivers
v0x972d038e0_0 .net "emi_alert", 0 0, v0x972d00780_0;  1 drivers
v0x972d03980_0 .net "emi_in", 0 0, v0x972d25a40_0;  alias, 1 drivers
v0x972d03a20_0 .net "fault_code", 7 0, v0x972d00d20_0;  alias, 1 drivers
v0x972d03ac0_0 .net "fault_trip", 0 0, v0x972d00dc0_0;  alias, 1 drivers
v0x972d03b60_0 .var "fault_trip_d", 0 0;
v0x972d03c00_0 .net "high_id", 3 0, v0x972cce580_0;  1 drivers
v0x972d03ca0_0 .net "iso_fault", 0 0, v0x972d01860_0;  1 drivers
v0x972d03d40_0 .net "iso_margin", 15 0, v0x972d01900_0;  1 drivers
v0x972d03de0_0 .net "iso_resistance", 15 0, v0x972d25ae0_0;  alias, 1 drivers
v0x972d03e80_0 .net "logic_clk_en", 0 0, v0x972d02260_0;  1 drivers
v0x972d03f20_0 .net "low_id", 3 0, v0x972cce3a0_0;  1 drivers
v0x972d08000_0 .net "ov_map", 15 0, v0x972d01220_0;  1 drivers
v0x972d080a0_0 .net "pack_i", 15 0, v0x972d25b80_0;  alias, 1 drivers
v0x972d08140_0 .net "pack_v_avg", 15 0, v0x972d25c20_0;  alias, 1 drivers
v0x972d081e0_0 .net "passive_sw", 15 0, v0x972cceb20_0;  alias, 1 drivers
v0x972d08280_0 .net "rst_n", 0 0, v0x972d26c60_0;  alias, 1 drivers
v0x972d08320_0 .net "sample_idx", 4 0, v0x972ccf840_0;  1 drivers
v0x972d083c0_0 .net "sensor_mismatch", 0 0, v0x972d01360_0;  1 drivers
v0x972d08460_0 .net "sleep_mode", 0 0, v0x972d023a0_0;  1 drivers
v0x972d08500_0 .net "soc_out", 15 0, v0x972d02b20_0;  alias, 1 drivers
v0x972d085a0_0 .net "soh_out", 15 0, v0x972d02c60_0;  alias, 1 drivers
v0x972d08640_0 .net "spi_miso", 0 0, v0x972ccd540_0;  alias, 1 drivers
v0x972d086e0_0 .net "spi_mosi", 0 0, L_0x9728781c0;  alias, 1 drivers
v0x972d08780_0 .net "spi_sclk", 0 0, L_0x972878130;  alias, 1 drivers
v0x972d08820_0 .net "spi_ss_n", 0 0, L_0x972878178;  alias, 1 drivers
v0x972d088c0_0 .net "temp_die", 11 0, v0x972d25cc0_0;  alias, 1 drivers
v0x972d08960_0 .var "timestamp", 15 0;
v0x972d08a00_0 .net "uart_tx", 0 0, v0x972cccc80_0;  alias, 1 drivers
v0x972d08aa0_0 .net "uv_map", 15 0, v0x972d015e0_0;  1 drivers
L_0x1051f58b0 .part v0x972d02b20_0, 8, 8;
S_0x1051f65b0 .scope module, "u_adc" "bms_adc_if" 6 66, 7 1 0, S_0x1051f6430;
 .timescale 0 0;
    .port_info 0 /INPUT 1 "clk";
    .port_info 1 /INPUT 1 "rst_n";
    .port_info 2 /INPUT 1 "start";
    .port_info 3 /INPUT 16 "adc_data";
    .port_info 4 /INPUT 1 "adc_valid";
    .port_info 5 /OUTPUT 1 "adc_busy";
    .port_info 6 /OUTPUT 5 "sample_idx";
    .port_info 7 /OUTPUT 256 "cell_v_bus";
    .port_info 8 /OUTPUT 256 "cell_v_red_bus";
    .port_info 9 /OUTPUT 1 "frame_done";
P_0x973129000 .param/l "ADC_WIDTH" 0 7 3, +C4<00000000000000000000000000010000>;
P_0x973129040 .param/l "CELL_COUNT" 0 7 2, +C4<00000000000000000000000000010000>;
v0x972ccfc00_0 .var "adc_busy", 0 0;
v0x972ccfca0_0 .net "adc_data", 15 0, v0x972d25720_0;  alias, 1 drivers
v0x972ccfd40_0 .net "adc_valid", 0 0, v0x972d25860_0;  alias, 1 drivers
v0x972ccfde0_0 .var "bank_sel", 0 0;
v0x972ccfe80_0 .var "cell_v_bus", 255 0;
v0x972ccf980_0 .var "cell_v_red_bus", 255 0;
v0x972ccfa20_0 .net "clk", 0 0, v0x972d254a0_0;  alias, 1 drivers
v0x972ccf700_0 .var "frame_done", 0 0;
v0x972ccf7a0_0 .net "rst_n", 0 0, v0x972d26c60_0;  alias, 1 drivers
v0x972ccf840_0 .var "sample_idx", 4 0;
v0x972ccf8e0_0 .net "start", 0 0, v0x972d257c0_0;  alias, 1 drivers
E_0x972cf8d00/0 .event negedge, v0x972ccf7a0_0;
E_0x972cf8d00/1 .event posedge, v0x972ccfa20_0;
E_0x972cf8d00 .event/or E_0x972cf8d00/0, E_0x972cf8d00/1;
S_0x1051f5fc0 .scope module, "u_bal" "bms_active_balancer" 6 121, 8 1 0, S_0x1051f6430;
 .timescale 0 0;
    .port_info 0 /INPUT 1 "clk";
    .port_info 1 /INPUT 1 "rst_n";
    .port_info 2 /INPUT 1 "en";
    .port_info 3 /INPUT 256 "cell_v_bus";
    .port_info 4 /INPUT 192 "cell_t_bus";
    .port_info 5 /OUTPUT 16 "active_tx_sw";
    .port_info 6 /OUTPUT 16 "active_rx_sw";
    .port_info 7 /OUTPUT 16 "passive_sw";
    .port_info 8 /OUTPUT 1 "balance_busy";
    .port_info 9 /OUTPUT 4 "high_id_o";
    .port_info 10 /OUTPUT 4 "low_id_o";
P_0x1051f52e0 .param/l "BAL_OFF_TICKS" 0 8 7, C4<00000000000000000010011100010000>;
P_0x1051f5320 .param/l "BAL_ON_TICKS" 0 8 6, C4<00000000000000001100001101010000>;
P_0x1051f5360 .param/l "CELL_COUNT" 0 8 2, +C4<00000000000000000000000000010000>;
P_0x1051f53a0 .param/l "FULL_CHARGE" 0 8 4, C4<1100001101010000>;
P_0x1051f53e0 .param/l "THERMAL_LIMIT" 0 8 5, C4<001101110000>;
P_0x1051f5420 .param/l "TOLERANCE" 0 8 3, C4<0000000000110010>;
v0x972ccf480_0 .var "active_rx_sw", 15 0;
v0x972ccf520_0 .var "active_tx_sw", 15 0;
v0x972ccf5c0_0 .var "balance_busy", 0 0;
v0x972ccf660_0 .net "cell_t_bus", 191 0, v0x972d25900_0;  alias, 1 drivers
v0x972cce760_0 .var "cell_t_i", 11 0;
v0x972cce800_0 .net "cell_v_bus", 255 0, v0x972ccfe80_0;  alias, 1 drivers
v0x972cce9e0_0 .var "cell_v_i", 15 0;
v0x972ccea80_0 .net "clk", 0 0, v0x972d254a0_0;  alias, 1 drivers
v0x972ccf340_0 .var "dwell_cnt", 31 0;
v0x972ccf3e0_0 .net "en", 0 0, L_0x973076610;  1 drivers
v0x972cce4e0_0 .var "high_id", 3 0;
v0x972cce580_0 .var "high_id_o", 3 0;
v0x972cce620_0 .var/i "i", 31 0;
v0x972cce6c0_0 .var "low_id", 3 0;
v0x972cce3a0_0 .var "low_id_o", 3 0;
v0x972cce440_0 .var "min_v", 15 0;
v0x972cceb20_0 .var "passive_sw", 15 0;
v0x972ccebc0_0 .var "peak_v", 15 0;
v0x972ccf020_0 .var "phase_on", 0 0;
v0x972ccf0c0_0 .net "rst_n", 0 0, v0x972d26c60_0;  alias, 1 drivers
v0x972cce8a0_0 .var "rx_mask", 15 0;
v0x972cce940_0 .var "thermal_block", 0 0;
v0x972cce260_0 .var "tx_mask", 15 0;
S_0x1051f3600 .scope module, "u_comm" "bms_comm_hub" 6 145, 9 1 0, S_0x1051f6430;
 .timescale 0 0;
    .port_info 0 /INPUT 1 "clk";
    .port_info 1 /INPUT 1 "rst_n";
    .port_info 2 /INPUT 2 "comm_sel";
    .port_info 3 /INPUT 8 "tx_byte";
    .port_info 4 /INPUT 1 "tx_valid";
    .port_info 5 /INPUT 1 "spi_sclk";
    .port_info 6 /INPUT 1 "spi_ss_n";
    .port_info 7 /INPUT 1 "spi_mosi";
    .port_info 8 /OUTPUT 1 "spi_miso";
    .port_info 9 /OUTPUT 1 "uart_tx";
    .port_info 10 /OUTPUT 64 "can_frame";
    .port_info 11 /OUTPUT 1 "can_valid";
    .port_info 12 /OUTPUT 1 "comm_active";
L_0x973076680 .functor AND 1, v0x972ccf700_0, L_0x9730d1720, C4<1>, C4<1>;
L_0x9730766f0 .functor AND 1, v0x972ccf700_0, L_0x9730d17c0, C4<1>, C4<1>;
L_0x973076760 .functor NOT 1, L_0x972878178, C4<0>, C4<0>, C4<0>;
L_0x9730767d0 .functor OR 1, v0x972ccdb80_0, L_0x973076760, C4<0>, C4<0>;
L_0x973076840 .functor OR 1, L_0x9730767d0, v0x972cce080_0, C4<0>, C4<0>;
L_0x972878010 .functor BUFT 1, C4<00>, C4<0>, C4<0>, C4<0>;
v0x972cccd20_0 .net/2u *"_ivl_0", 1 0, L_0x972878010;  1 drivers
L_0x9728780a0 .functor BUFT 1, C4<00000000000000000000000000000000000000000000000000000000>, C4<0>, C4<0>, C4<0>;
v0x972ccc0a0_0 .net/2u *"_ivl_12", 55 0, L_0x9728780a0;  1 drivers
v0x972ccc140_0 .net *"_ivl_16", 0 0, L_0x973076760;  1 drivers
v0x972ccca00_0 .net *"_ivl_18", 0 0, L_0x9730767d0;  1 drivers
v0x972cccaa0_0 .net *"_ivl_2", 0 0, L_0x9730d1720;  1 drivers
L_0x972878058 .functor BUFT 1, C4<10>, C4<0>, C4<0>, C4<0>;
v0x972ccc1e0_0 .net/2u *"_ivl_6", 1 0, L_0x972878058;  1 drivers
v0x972ccc280_0 .net *"_ivl_8", 0 0, L_0x9730d17c0;  1 drivers
v0x972ccc6e0_0 .net "can_frame", 63 0, v0x972ccdfe0_0;  alias, 1 drivers
v0x972ccc780_0 .net "can_valid", 0 0, v0x972cce080_0;  alias, 1 drivers
v0x972ccc000_0 .net "clk", 0 0, v0x972d254a0_0;  alias, 1 drivers
v0x972ccff20_0 .net "comm_active", 0 0, L_0x973076840;  alias, 1 drivers
v0x972d00000_0 .net "comm_sel", 1 0, L_0x9728780e8;  alias, 1 drivers
v0x972d000a0_0 .net "rst_n", 0 0, v0x972d26c60_0;  alias, 1 drivers
v0x972d00140_0 .net "spi_miso", 0 0, v0x972ccd540_0;  alias, 1 drivers
v0x972d001e0_0 .net "spi_mosi", 0 0, L_0x9728781c0;  alias, 1 drivers
v0x972d00280_0 .net "spi_sclk", 0 0, L_0x972878130;  alias, 1 drivers
v0x972d00320_0 .net "spi_ss_n", 0 0, L_0x972878178;  alias, 1 drivers
v0x972d003c0_0 .net "tx_byte", 7 0, L_0x1051f58b0;  1 drivers
v0x972d00460_0 .net "tx_valid", 0 0, v0x972ccf700_0;  alias, 1 drivers
v0x972d00500_0 .net "uart_busy", 0 0, v0x972ccdb80_0;  1 drivers
v0x972d005a0_0 .net "uart_ready", 0 0, v0x972cccb40_0;  1 drivers
v0x972d00640_0 .net "uart_tx", 0 0, v0x972cccc80_0;  alias, 1 drivers
L_0x9730d1720 .cmp/eq 2, L_0x9728780e8, L_0x972878010;
L_0x9730d17c0 .cmp/eq 2, L_0x9728780e8, L_0x972878058;
L_0x972ce83c0 .concat [ 8 56 0 0], L_0x1051f58b0, L_0x9728780a0;
S_0x1051f2dd0 .scope module, "u_can" "bms_can_status_if" 9 40, 10 1 0, S_0x1051f3600;
 .timescale 0 0;
    .port_info 0 /INPUT 1 "clk";
    .port_info 1 /INPUT 1 "rst_n";
    .port_info 2 /INPUT 1 "push";
    .port_info 3 /INPUT 64 "payload";
    .port_info 4 /OUTPUT 1 "frame_valid";
    .port_info 5 /OUTPUT 64 "frame_data";
v0x972cce300_0 .net "clk", 0 0, v0x972d254a0_0;  alias, 1 drivers
v0x972ccdfe0_0 .var "frame_data", 63 0;
v0x972cce080_0 .var "frame_valid", 0 0;
v0x972cce120_0 .net "payload", 63 0, L_0x972ce83c0;  1 drivers
v0x972cce1c0_0 .net "push", 0 0, L_0x9730766f0;  1 drivers
v0x972ccd2c0_0 .net "rst_n", 0 0, v0x972d26c60_0;  alias, 1 drivers
S_0x1051f2f50 .scope module, "u_spi" "bms_spi_slave" 9 29, 11 1 0, S_0x1051f3600;
 .timescale 0 0;
    .port_info 0 /INPUT 1 "sclk";
    .port_info 1 /INPUT 1 "rst_n";
    .port_info 2 /INPUT 1 "ss_n";
    .port_info 3 /INPUT 1 "mosi";
    .port_info 4 /INPUT 8 "tx_byte";
    .port_info 5 /OUTPUT 1 "miso";
    .port_info 6 /OUTPUT 8 "rx_byte";
    .port_info 7 /OUTPUT 1 "rx_valid";
v0x972ccd360_0 .var "bit_cnt", 2 0;
v0x972ccd540_0 .var "miso", 0 0;
v0x972ccd5e0_0 .net "mosi", 0 0, L_0x9728781c0;  alias, 1 drivers
v0x972ccdea0_0 .net "rst_n", 0 0, v0x972d26c60_0;  alias, 1 drivers
v0x972ccdf40_0 .var "rx_byte", 7 0;
v0x972ccd040_0 .var "rx_shift", 7 0;
v0x972ccd0e0_0 .var "rx_valid", 0 0;
v0x972ccd180_0 .net "sclk", 0 0, L_0x972878130;  alias, 1 drivers
v0x972ccd220_0 .net "ss_n", 0 0, L_0x972878178;  alias, 1 drivers
v0x972cccf00_0 .net "tx_byte", 7 0, L_0x1051f58b0;  alias, 1 drivers
v0x972cccfa0_0 .var "tx_shift", 7 0;
E_0x972cf8d40 .event negedge, v0x972ccf7a0_0, v0x972ccd180_0;
E_0x972cf8d80/0 .event negedge, v0x972ccf7a0_0;
E_0x972cf8d80/1 .event posedge, v0x972ccd180_0;
E_0x972cf8d80 .event/or E_0x972cf8d80/0, E_0x972cf8d80/1;
E_0x972cf8dc0 .event negedge, v0x972ccf7a0_0, v0x972ccd220_0;
S_0x1051f4a50 .scope module, "u_uart" "bms_uart_tx" 9 19, 12 1 0, S_0x1051f3600;
 .timescale 0 0;
    .port_info 0 /INPUT 1 "clk";
    .port_info 1 /INPUT 1 "rst_n";
    .port_info 2 /INPUT 8 "tx_byte";
    .port_info 3 /INPUT 1 "tx_valid";
    .port_info 4 /OUTPUT 1 "tx_ready";
    .port_info 5 /OUTPUT 1 "tx_wire";
    .port_info 6 /OUTPUT 1 "busy";
P_0x9730f1cc0 .param/l "CLKS_PER_BIT" 0 12 2, C4<0000000000010000>;
P_0x9730f1d00 .param/l "ST_DATA" 1 12 19, C4<10>;
P_0x9730f1d40 .param/l "ST_IDLE" 1 12 17, C4<00>;
P_0x9730f1d80 .param/l "ST_START" 1 12 18, C4<01>;
P_0x9730f1dc0 .param/l "ST_STOP" 1 12 20, C4<11>;
v0x972ccd680_0 .var "baud_cnt", 15 0;
v0x972ccd720_0 .var "bit_idx", 3 0;
v0x972ccdb80_0 .var "busy", 0 0;
v0x972ccdc20_0 .net "clk", 0 0, v0x972d254a0_0;  alias, 1 drivers
v0x972ccd400_0 .net "rst_n", 0 0, v0x972d26c60_0;  alias, 1 drivers
v0x972ccd4a0_0 .var "shreg", 7 0;
v0x972cccdc0_0 .var "state", 1 0;
v0x972ccce60_0 .net "tx_byte", 7 0, L_0x1051f58b0;  alias, 1 drivers
v0x972cccb40_0 .var "tx_ready", 0 0;
v0x972cccbe0_0 .net "tx_valid", 0 0, L_0x973076680;  1 drivers
v0x972cccc80_0 .var "tx_wire", 0 0;
S_0x973168000 .scope module, "u_emi" "bms_emi_guard" 6 79, 13 1 0, S_0x1051f6430;
 .timescale 0 0;
    .port_info 0 /INPUT 1 "clk";
    .port_info 1 /INPUT 1 "rst_n";
    .port_info 2 /INPUT 1 "emi_in";
    .port_info 3 /OUTPUT 1 "emi_alert";
P_0x9731392c0 .param/l "FILTER_LEN" 0 13 2, +C4<00000000000000000000000000000100>;
v0x972d006e0_0 .net "clk", 0 0, v0x972d254a0_0;  alias, 1 drivers
v0x972d00780_0 .var "emi_alert", 0 0;
v0x972d00820_0 .net "emi_in", 0 0, v0x972d25a40_0;  alias, 1 drivers
v0x972d008c0_0 .var "hist", 3 0;
v0x972d00960_0 .net "rst_n", 0 0, v0x972d26c60_0;  alias, 1 drivers
S_0x973168180 .scope module, "u_fault" "bms_fault_processor" 6 94, 14 1 0, S_0x1051f6430;
 .timescale 0 0;
    .port_info 0 /INPUT 1 "clk";
    .port_info 1 /INPUT 1 "rst_n";
    .port_info 2 /INPUT 1 "en";
    .port_info 3 /INPUT 256 "cell_v_bus";
    .port_info 4 /INPUT 256 "cell_v_red_bus";
    .port_info 5 /INPUT 12 "temp";
    .port_info 6 /INPUT 1 "iso_fault";
    .port_info 7 /INPUT 1 "emi_alert";
    .port_info 8 /OUTPUT 1 "fault_out";
    .port_info 9 /OUTPUT 8 "fault_code";
    .port_info 10 /OUTPUT 16 "ov_map";
    .port_info 11 /OUTPUT 16 "uv_map";
    .port_info 12 /OUTPUT 1 "sensor_mismatch";
P_0x1051f4bd0 .param/l "CELL_COUNT" 0 14 2, +C4<00000000000000000000000000010000>;
P_0x1051f4c10 .param/l "OTP_LIM" 0 14 5, C4<001110000100>;
P_0x1051f4c50 .param/l "OVP_LIM" 0 14 3, C4<1100111001100110>;
P_0x1051f4c90 .param/l "REDUNDANCY_DELTA" 0 14 7, C4<0000000000100000>;
P_0x1051f4cd0 .param/l "REDUNDANCY_HITS" 0 14 8, C4<0100>;
P_0x1051f4d10 .param/l "UTP_LIM" 0 14 6, C4<000000101000>;
P_0x1051f4d50 .param/l "UVP_LIM" 0 14 4, C4<1000000000000000>;
v0x972d00a00_0 .net "cell_v_bus", 255 0, v0x972ccfe80_0;  alias, 1 drivers
v0x972d00aa0_0 .net "cell_v_red_bus", 255 0, v0x972ccf980_0;  alias, 1 drivers
v0x972d00b40_0 .net "clk", 0 0, v0x972d254a0_0;  alias, 1 drivers
v0x972d00be0_0 .net "emi_alert", 0 0, v0x972d00780_0;  alias, 1 drivers
v0x972d00c80_0 .net "en", 0 0, v0x972d02260_0;  alias, 1 drivers
v0x972d00d20_0 .var "fault_code", 7 0;
v0x972d00dc0_0 .var "fault_out", 0 0;
v0x972d00e60_0 .var/i "i", 31 0;
v0x972d00f00_0 .net "iso_fault", 0 0, v0x972d01860_0;  alias, 1 drivers
v0x972d00fa0_0 .var "mismatch_cnt", 3 0;
v0x972d01040_0 .var "mismatch_flag", 0 0;
v0x972d010e0_0 .var "ot_flag", 0 0;
v0x972d01180_0 .var "ov_flag", 0 0;
v0x972d01220_0 .var "ov_map", 15 0;
v0x972d012c0_0 .net "rst_n", 0 0, v0x972d26c60_0;  alias, 1 drivers
v0x972d01360_0 .var "sensor_mismatch", 0 0;
v0x972d01400_0 .net "temp", 11 0, v0x972d25cc0_0;  alias, 1 drivers
v0x972d014a0_0 .var "ut_flag", 0 0;
v0x972d01540_0 .var "uv_flag", 0 0;
v0x972d015e0_0 .var "uv_map", 15 0;
v0x972d01680_0 .var "v_main", 15 0;
v0x972d01720_0 .var "v_red", 15 0;
S_0x973168300 .scope module, "u_iso" "bms_isolation_monitor" 6 86, 15 1 0, S_0x1051f6430;
 .timescale 0 0;
    .port_info 0 /INPUT 1 "clk";
    .port_info 1 /INPUT 1 "rst_n";
    .port_info 2 /INPUT 16 "iso_resistance";
    .port_info 3 /OUTPUT 1 "iso_fault";
    .port_info 4 /OUTPUT 16 "iso_margin";
P_0x973139300 .param/l "ISO_LIM" 0 15 2, C4<0000000111110100>;
v0x972d017c0_0 .net "clk", 0 0, v0x972d254a0_0;  alias, 1 drivers
v0x972d01860_0 .var "iso_fault", 0 0;
v0x972d01900_0 .var "iso_margin", 15 0;
v0x972d019a0_0 .net "iso_resistance", 15 0, v0x972d25ae0_0;  alias, 1 drivers
v0x972d01a40_0 .net "rst_n", 0 0, v0x972d26c60_0;  alias, 1 drivers
S_0x973168480 .scope module, "u_log" "bms_fault_logger" 6 161, 16 1 0, S_0x1051f6430;
 .timescale 0 0;
    .port_info 0 /INPUT 1 "clk";
    .port_info 1 /INPUT 1 "rst_n";
    .port_info 2 /INPUT 1 "log_en";
    .port_info 3 /INPUT 8 "fault_code";
    .port_info 4 /INPUT 16 "timestamp";
    .port_info 5 /OUTPUT 4 "wr_ptr";
    .port_info 6 /OUTPUT 1 "overflow";
P_0x973139340 .param/l "DEPTH" 0 16 2, +C4<00000000000000000000000000010000>;
v0x972d01ae0_0 .net "clk", 0 0, v0x972d254a0_0;  alias, 1 drivers
v0x972d01b80_0 .net "fault_code", 7 0, v0x972d00d20_0;  alias, 1 drivers
v0x972d01c20 .array "fault_mem", 15 0, 23 0;
v0x972d01cc0_0 .net "log_en", 0 0, L_0x973076450;  1 drivers
v0x972d01d60_0 .var "overflow", 0 0;
v0x972d01e00_0 .net "rst_n", 0 0, v0x972d26c60_0;  alias, 1 drivers
v0x972d01ea0_0 .net "timestamp", 15 0, v0x972d08960_0;  1 drivers
v0x972d01f40_0 .var "wr_ptr", 3 0;
S_0x973168600 .scope module, "u_pwr" "bms_power_mgmt" 6 135, 17 1 0, S_0x1051f6430;
 .timescale 0 0;
    .port_info 0 /INPUT 1 "clk";
    .port_info 1 /INPUT 1 "rst_n";
    .port_info 2 /INPUT 1 "fault_condition";
    .port_info 3 /INPUT 1 "comm_active";
    .port_info 4 /INPUT 1 "adc_busy";
    .port_info 5 /OUTPUT 1 "logic_clk_en";
    .port_info 6 /OUTPUT 1 "sleep_mode";
v0x972d01fe0_0 .net "adc_busy", 0 0, v0x972ccfc00_0;  alias, 1 drivers
v0x972d02080_0 .net "clk", 0 0, v0x972d254a0_0;  alias, 1 drivers
v0x972d02120_0 .net "comm_active", 0 0, L_0x973076840;  alias, 1 drivers
v0x972d021c0_0 .net "fault_condition", 0 0, v0x972d00dc0_0;  alias, 1 drivers
v0x972d02260_0 .var "logic_clk_en", 0 0;
v0x972d02300_0 .net "rst_n", 0 0, v0x972d26c60_0;  alias, 1 drivers
v0x972d023a0_0 .var "sleep_mode", 0 0;
S_0x973168780 .scope module, "u_soc_soh" "bms_soc_soh_engine" 6 110, 18 1 0, S_0x1051f6430;
 .timescale 0 0;
    .port_info 0 /INPUT 1 "clk";
    .port_info 1 /INPUT 1 "rst_n";
    .port_info 2 /INPUT 1 "en";
    .port_info 3 /INPUT 16 "pack_i";
    .port_info 4 /INPUT 16 "pack_v_avg";
    .port_info 5 /INPUT 16 "charge_cycles";
    .port_info 6 /OUTPUT 16 "soc_out";
    .port_info 7 /OUTPUT 16 "soh_out";
P_0x105207990 .param/l "CURRENT_DEADBAND" 0 18 5, C4<0000000000001000>;
P_0x1052079d0 .param/l "CYCLE_AGING_STEP" 0 18 7, C4<0000000000100000>;
P_0x105207a10 .param/l "NOMINAL_CAPACITY" 0 18 2, C4<00000000000000011000011010100000>;
P_0x105207a50 .param/l "OCV_EMPTY" 0 18 4, C4<1000000000000000>;
P_0x105207a90 .param/l "OCV_FULL" 0 18 3, C4<1100111001100110>;
P_0x105207ad0 .param/l "RELAX_COUNT_MAX" 0 18 6, C4<00000000000000011000011010100000>;
v0x972d02440_0 .var "abs_pack_i", 15 0;
v0x972d024e0_0 .net "charge_cycles", 15 0, v0x972d259a0_0;  alias, 1 drivers
v0x972d02580_0 .net "clk", 0 0, v0x972d254a0_0;  alias, 1 drivers
v0x972d02620_0 .var/s "coulomb_acc", 31 0;
v0x972d026c0_0 .var "cycle_loss", 31 0;
v0x972d02760_0 .net "en", 0 0, v0x972d02260_0;  alias, 1 drivers
v0x972d02800_0 .var "ocv_soc", 15 0;
v0x972d028a0_0 .net "pack_i", 15 0, v0x972d25b80_0;  alias, 1 drivers
v0x972d02940_0 .net "pack_v_avg", 15 0, v0x972d25c20_0;  alias, 1 drivers
v0x972d029e0_0 .var "relax_cnt", 31 0;
v0x972d02a80_0 .net "rst_n", 0 0, v0x972d26c60_0;  alias, 1 drivers
v0x972d02b20_0 .var "soc_out", 15 0;
v0x972d02bc0_0 .var "soh_calc", 31 0;
v0x972d02c60_0 .var "soh_out", 15 0;
S_0x973168900 .scope module, "u_lmu1" "bms_lmu_wrapper" 4 77, 5 1 0, S_0x1051f21c0;
 .timescale 0 0;
    .port_info 0 /INPUT 1 "clk";
    .port_info 1 /INPUT 1 "rst_n";
    .port_info 2 /INPUT 1 "adc_start";
    .port_info 3 /INPUT 16 "adc_data";
    .port_info 4 /INPUT 1 "adc_valid";
    .port_info 5 /INPUT 16 "pack_i";
    .port_info 6 /INPUT 16 "pack_v_avg";
    .port_info 7 /INPUT 16 "charge_cycles";
    .port_info 8 /INPUT 12 "temp_die";
    .port_info 9 /INPUT 192 "cell_t_bus";
    .port_info 10 /INPUT 16 "iso_resistance";
    .port_info 11 /INPUT 1 "emi_in";
    .port_info 12 /INPUT 2 "comm_sel";
    .port_info 13 /INPUT 1 "spi_sclk";
    .port_info 14 /INPUT 1 "spi_ss_n";
    .port_info 15 /INPUT 1 "spi_mosi";
    .port_info 16 /OUTPUT 1 "spi_miso";
    .port_info 17 /OUTPUT 1 "uart_tx";
    .port_info 18 /OUTPUT 64 "can_frame";
    .port_info 19 /OUTPUT 1 "can_valid";
    .port_info 20 /OUTPUT 16 "active_tx_sw";
    .port_info 21 /OUTPUT 16 "active_rx_sw";
    .port_info 22 /OUTPUT 16 "passive_sw";
    .port_info 23 /OUTPUT 1 "fault_trip";
    .port_info 24 /OUTPUT 8 "fault_code";
    .port_info 25 /OUTPUT 16 "soc_out";
    .port_info 26 /OUTPUT 16 "soh_out";
v0x972d15540_0 .net "active_rx_sw", 15 0, v0x972d0a300_0;  alias, 1 drivers
v0x972d155e0_0 .net "active_tx_sw", 15 0, v0x972d0a3a0_0;  alias, 1 drivers
v0x972d15680_0 .net "adc_data", 15 0, v0x972d25d60_0;  alias, 1 drivers
v0x972d15720_0 .net "adc_start", 0 0, v0x972d25e00_0;  alias, 1 drivers
v0x972d157c0_0 .net "adc_valid", 0 0, v0x972d25ea0_0;  alias, 1 drivers
v0x972d15860_0 .net "can_frame", 63 0, v0x972d0b200_0;  alias, 1 drivers
v0x972d15900_0 .net "can_valid", 0 0, v0x972d0b2a0_0;  alias, 1 drivers
v0x972d159a0_0 .net "cell_t_bus", 191 0, v0x972d25f40_0;  alias, 1 drivers
v0x972d15a40_0 .net "charge_cycles", 15 0, v0x972d25fe0_0;  alias, 1 drivers
v0x972d15ae0_0 .net "clk", 0 0, v0x972d254a0_0;  alias, 1 drivers
L_0x9728782e0 .functor BUFT 1, C4<01>, C4<0>, C4<0>, C4<0>;
v0x972d15b80_0 .net "comm_sel", 1 0, L_0x9728782e0;  1 drivers
v0x972d15c20_0 .net "emi_in", 0 0, v0x972d26080_0;  alias, 1 drivers
v0x972d15cc0_0 .net "fault_code", 7 0, v0x972d11720_0;  alias, 1 drivers
v0x972d15d60_0 .net "fault_trip", 0 0, v0x972d117c0_0;  alias, 1 drivers
v0x972d15e00_0 .net "iso_resistance", 15 0, v0x972d26120_0;  alias, 1 drivers
v0x972d15ea0_0 .net "pack_i", 15 0, v0x972d261c0_0;  alias, 1 drivers
v0x972d15f40_0 .net "pack_v_avg", 15 0, v0x972d26260_0;  alias, 1 drivers
v0x972d15fe0_0 .net "passive_sw", 15 0, v0x972d0ad00_0;  alias, 1 drivers
v0x972d16080_0 .net "rst_n", 0 0, v0x972d26c60_0;  alias, 1 drivers
v0x972d16120_0 .net "soc_out", 15 0, v0x972d13520_0;  alias, 1 drivers
v0x972d161c0_0 .net "soh_out", 15 0, v0x972d13660_0;  alias, 1 drivers
v0x972d16260_0 .net "spi_miso", 0 0, v0x972d0b5c0_0;  alias, 1 drivers
L_0x9728783b8 .functor BUFT 1, C4<0>, C4<0>, C4<0>, C4<0>;
v0x972d16300_0 .net "spi_mosi", 0 0, L_0x9728783b8;  1 drivers
L_0x972878328 .functor BUFT 1, C4<0>, C4<0>, C4<0>, C4<0>;
v0x972d163a0_0 .net "spi_sclk", 0 0, L_0x972878328;  1 drivers
L_0x972878370 .functor BUFT 1, C4<1>, C4<0>, C4<0>, C4<0>;
v0x972d16440_0 .net "spi_ss_n", 0 0, L_0x972878370;  1 drivers
v0x972d164e0_0 .net "temp_die", 11 0, v0x972d26300_0;  alias, 1 drivers
v0x972d16580_0 .net "uart_tx", 0 0, v0x972d10280_0;  alias, 1 drivers
S_0x973168a80 .scope module, "u_lmu" "bms_satellite_top" 5 30, 6 1 0, S_0x973168900;
 .timescale 0 0;
    .port_info 0 /INPUT 1 "clk";
    .port_info 1 /INPUT 1 "rst_n";
    .port_info 2 /INPUT 1 "adc_start";
    .port_info 3 /INPUT 16 "adc_data";
    .port_info 4 /INPUT 1 "adc_valid";
    .port_info 5 /INPUT 16 "pack_i";
    .port_info 6 /INPUT 16 "pack_v_avg";
    .port_info 7 /INPUT 16 "charge_cycles";
    .port_info 8 /INPUT 12 "temp_die";
    .port_info 9 /INPUT 192 "cell_t_bus";
    .port_info 10 /INPUT 16 "iso_resistance";
    .port_info 11 /INPUT 1 "emi_in";
    .port_info 12 /INPUT 2 "comm_sel";
    .port_info 13 /INPUT 1 "spi_sclk";
    .port_info 14 /INPUT 1 "spi_ss_n";
    .port_info 15 /INPUT 1 "spi_mosi";
    .port_info 16 /OUTPUT 1 "spi_miso";
    .port_info 17 /OUTPUT 1 "uart_tx";
    .port_info 18 /OUTPUT 64 "can_frame";
    .port_info 19 /OUTPUT 1 "can_valid";
    .port_info 20 /OUTPUT 16 "active_tx_sw";
    .port_info 21 /OUTPUT 16 "active_rx_sw";
    .port_info 22 /OUTPUT 16 "passive_sw";
    .port_info 23 /OUTPUT 1 "fault_trip";
    .port_info 24 /OUTPUT 8 "fault_code";
    .port_info 25 /OUTPUT 16 "soc_out";
    .port_info 26 /OUTPUT 16 "soh_out";
P_0x973139380 .param/l "CELL_COUNT" 0 6 2, +C4<00000000000000000000000000010000>;
L_0x9730764c0 .functor NOT 1, v0x972d117c0_0, C4<0>, C4<0>, C4<0>;
L_0x973076370 .functor AND 1, v0x972d12c60_0, L_0x9730764c0, C4<1>, C4<1>;
L_0x973075c00 .functor NOT 1, v0x972d145a0_0, C4<0>, C4<0>, C4<0>;
L_0x973075b20 .functor AND 1, v0x972d117c0_0, L_0x973075c00, C4<1>, C4<1>;
v0x972d13700_0 .net *"_ivl_0", 0 0, L_0x9730764c0;  1 drivers
v0x972d137a0_0 .net *"_ivl_6", 0 0, L_0x973075c00;  1 drivers
v0x972d13840_0 .net "active_rx_sw", 15 0, v0x972d0a300_0;  alias, 1 drivers
v0x972d138e0_0 .net "active_tx_sw", 15 0, v0x972d0a3a0_0;  alias, 1 drivers
v0x972d13980_0 .net "adc_busy", 0 0, v0x972d09c20_0;  1 drivers
v0x972d13a20_0 .net "adc_data", 15 0, v0x972d25d60_0;  alias, 1 drivers
v0x972d13ac0_0 .net "adc_frame_done", 0 0, v0x972d0a080_0;  1 drivers
v0x972d13b60_0 .net "adc_start", 0 0, v0x972d25e00_0;  alias, 1 drivers
v0x972d13c00_0 .net "adc_valid", 0 0, v0x972d25ea0_0;  alias, 1 drivers
v0x972d13ca0_0 .net "balance_busy", 0 0, v0x972d0a440_0;  1 drivers
v0x972d13d40_0 .net "can_frame", 63 0, v0x972d0b200_0;  alias, 1 drivers
v0x972d13de0_0 .net "can_valid", 0 0, v0x972d0b2a0_0;  alias, 1 drivers
v0x972d13e80_0 .net "cell_t_bus", 191 0, v0x972d25f40_0;  alias, 1 drivers
v0x972d13f20_0 .net "cell_v_bus", 255 0, v0x972d09ea0_0;  1 drivers
v0x972d14000_0 .net "cell_v_red_bus", 255 0, v0x972d09f40_0;  1 drivers
v0x972d140a0_0 .net "charge_cycles", 15 0, v0x972d25fe0_0;  alias, 1 drivers
v0x972d14140_0 .net "clk", 0 0, v0x972d254a0_0;  alias, 1 drivers
v0x972d141e0_0 .net "comm_active", 0 0, L_0x973075b90;  1 drivers
v0x972d14280_0 .net "comm_sel", 1 0, L_0x9728782e0;  alias, 1 drivers
v0x972d14320_0 .net "emi_alert", 0 0, v0x972d11180_0;  1 drivers
v0x972d143c0_0 .net "emi_in", 0 0, v0x972d26080_0;  alias, 1 drivers
v0x972d14460_0 .net "fault_code", 7 0, v0x972d11720_0;  alias, 1 drivers
v0x972d14500_0 .net "fault_trip", 0 0, v0x972d117c0_0;  alias, 1 drivers
v0x972d145a0_0 .var "fault_trip_d", 0 0;
v0x972d14640_0 .net "high_id", 3 0, v0x972d0a9e0_0;  1 drivers
v0x972d146e0_0 .net "iso_fault", 0 0, v0x972d12260_0;  1 drivers
v0x972d14780_0 .net "iso_margin", 15 0, v0x972d12300_0;  1 drivers
v0x972d14820_0 .net "iso_resistance", 15 0, v0x972d26120_0;  alias, 1 drivers
v0x972d148c0_0 .net "logic_clk_en", 0 0, v0x972d12c60_0;  1 drivers
v0x972d14960_0 .net "low_id", 3 0, v0x972d0abc0_0;  1 drivers
v0x972d14a00_0 .net "ov_map", 15 0, v0x972d11c20_0;  1 drivers
v0x972d14aa0_0 .net "pack_i", 15 0, v0x972d261c0_0;  alias, 1 drivers
v0x972d14b40_0 .net "pack_v_avg", 15 0, v0x972d26260_0;  alias, 1 drivers
v0x972d14be0_0 .net "passive_sw", 15 0, v0x972d0ad00_0;  alias, 1 drivers
v0x972d14c80_0 .net "rst_n", 0 0, v0x972d26c60_0;  alias, 1 drivers
v0x972d14d20_0 .net "sample_idx", 4 0, v0x972d0a1c0_0;  1 drivers
v0x972d14dc0_0 .net "sensor_mismatch", 0 0, v0x972d11d60_0;  1 drivers
v0x972d14e60_0 .net "sleep_mode", 0 0, v0x972d12da0_0;  1 drivers
v0x972d14f00_0 .net "soc_out", 15 0, v0x972d13520_0;  alias, 1 drivers
v0x972d14fa0_0 .net "soh_out", 15 0, v0x972d13660_0;  alias, 1 drivers
v0x972d15040_0 .net "spi_miso", 0 0, v0x972d0b5c0_0;  alias, 1 drivers
v0x972d150e0_0 .net "spi_mosi", 0 0, L_0x9728783b8;  alias, 1 drivers
v0x972d15180_0 .net "spi_sclk", 0 0, L_0x972878328;  alias, 1 drivers
v0x972d15220_0 .net "spi_ss_n", 0 0, L_0x972878370;  alias, 1 drivers
v0x972d152c0_0 .net "temp_die", 11 0, v0x972d26300_0;  alias, 1 drivers
v0x972d15360_0 .var "timestamp", 15 0;
v0x972d15400_0 .net "uart_tx", 0 0, v0x972d10280_0;  alias, 1 drivers
v0x972d154a0_0 .net "uv_map", 15 0, v0x972d11fe0_0;  1 drivers
L_0x105206450 .part v0x972d13520_0, 8, 8;
S_0x973168c00 .scope module, "u_adc" "bms_adc_if" 6 66, 7 1 0, S_0x973168a80;
 .timescale 0 0;
    .port_info 0 /INPUT 1 "clk";
    .port_info 1 /INPUT 1 "rst_n";
    .port_info 2 /INPUT 1 "start";
    .port_info 3 /INPUT 16 "adc_data";
    .port_info 4 /INPUT 1 "adc_valid";
    .port_info 5 /OUTPUT 1 "adc_busy";
    .port_info 6 /OUTPUT 5 "sample_idx";
    .port_info 7 /OUTPUT 256 "cell_v_bus";
    .port_info 8 /OUTPUT 256 "cell_v_red_bus";
    .port_info 9 /OUTPUT 1 "frame_done";
P_0x973128f80 .param/l "ADC_WIDTH" 0 7 3, +C4<00000000000000000000000000010000>;
P_0x973128fc0 .param/l "CELL_COUNT" 0 7 2, +C4<00000000000000000000000000010000>;
v0x972d09c20_0 .var "adc_busy", 0 0;
v0x972d09cc0_0 .net "adc_data", 15 0, v0x972d25d60_0;  alias, 1 drivers
v0x972d09d60_0 .net "adc_valid", 0 0, v0x972d25ea0_0;  alias, 1 drivers
v0x972d09e00_0 .var "bank_sel", 0 0;
v0x972d09ea0_0 .var "cell_v_bus", 255 0;
v0x972d09f40_0 .var "cell_v_red_bus", 255 0;
v0x972d09fe0_0 .net "clk", 0 0, v0x972d254a0_0;  alias, 1 drivers
v0x972d0a080_0 .var "frame_done", 0 0;
v0x972d0a120_0 .net "rst_n", 0 0, v0x972d26c60_0;  alias, 1 drivers
v0x972d0a1c0_0 .var "sample_idx", 4 0;
v0x972d0a260_0 .net "start", 0 0, v0x972d25e00_0;  alias, 1 drivers
S_0x973168d80 .scope module, "u_bal" "bms_active_balancer" 6 121, 8 1 0, S_0x973168a80;
 .timescale 0 0;
    .port_info 0 /INPUT 1 "clk";
    .port_info 1 /INPUT 1 "rst_n";
    .port_info 2 /INPUT 1 "en";
    .port_info 3 /INPUT 256 "cell_v_bus";
    .port_info 4 /INPUT 192 "cell_t_bus";
    .port_info 5 /OUTPUT 16 "active_tx_sw";
    .port_info 6 /OUTPUT 16 "active_rx_sw";
    .port_info 7 /OUTPUT 16 "passive_sw";
    .port_info 8 /OUTPUT 1 "balance_busy";
    .port_info 9 /OUTPUT 4 "high_id_o";
    .port_info 10 /OUTPUT 4 "low_id_o";
P_0x105207c50 .param/l "BAL_OFF_TICKS" 0 8 7, C4<00000000000000000010011100010000>;
P_0x105207c90 .param/l "BAL_ON_TICKS" 0 8 6, C4<00000000000000001100001101010000>;
P_0x105207cd0 .param/l "CELL_COUNT" 0 8 2, +C4<00000000000000000000000000010000>;
P_0x105207d10 .param/l "FULL_CHARGE" 0 8 4, C4<1100001101010000>;
P_0x105207d50 .param/l "THERMAL_LIMIT" 0 8 5, C4<001101110000>;
P_0x105207d90 .param/l "TOLERANCE" 0 8 3, C4<0000000000110010>;
v0x972d0a300_0 .var "active_rx_sw", 15 0;
v0x972d0a3a0_0 .var "active_tx_sw", 15 0;
v0x972d0a440_0 .var "balance_busy", 0 0;
v0x972d0a4e0_0 .net "cell_t_bus", 191 0, v0x972d25f40_0;  alias, 1 drivers
v0x972d0a580_0 .var "cell_t_i", 11 0;
v0x972d0a620_0 .net "cell_v_bus", 255 0, v0x972d09ea0_0;  alias, 1 drivers
v0x972d0a6c0_0 .var "cell_v_i", 15 0;
v0x972d0a760_0 .net "clk", 0 0, v0x972d254a0_0;  alias, 1 drivers
v0x972d0a800_0 .var "dwell_cnt", 31 0;
v0x972d0a8a0_0 .net "en", 0 0, L_0x973076370;  1 drivers
v0x972d0a940_0 .var "high_id", 3 0;
v0x972d0a9e0_0 .var "high_id_o", 3 0;
v0x972d0aa80_0 .var/i "i", 31 0;
v0x972d0ab20_0 .var "low_id", 3 0;
v0x972d0abc0_0 .var "low_id_o", 3 0;
v0x972d0ac60_0 .var "min_v", 15 0;
v0x972d0ad00_0 .var "passive_sw", 15 0;
v0x972d0ada0_0 .var "peak_v", 15 0;
v0x972d0ae40_0 .var "phase_on", 0 0;
v0x972d0aee0_0 .net "rst_n", 0 0, v0x972d26c60_0;  alias, 1 drivers
v0x972d0af80_0 .var "rx_mask", 15 0;
v0x972d0b020_0 .var "thermal_block", 0 0;
v0x972d0b0c0_0 .var "tx_mask", 15 0;
S_0x973168f00 .scope module, "u_comm" "bms_comm_hub" 6 145, 9 1 0, S_0x973168a80;
 .timescale 0 0;
    .port_info 0 /INPUT 1 "clk";
    .port_info 1 /INPUT 1 "rst_n";
    .port_info 2 /INPUT 2 "comm_sel";
    .port_info 3 /INPUT 8 "tx_byte";
    .port_info 4 /INPUT 1 "tx_valid";
    .port_info 5 /INPUT 1 "spi_sclk";
    .port_info 6 /INPUT 1 "spi_ss_n";
    .port_info 7 /INPUT 1 "spi_mosi";
    .port_info 8 /OUTPUT 1 "spi_miso";
    .port_info 9 /OUTPUT 1 "uart_tx";
    .port_info 10 /OUTPUT 64 "can_frame";
    .port_info 11 /OUTPUT 1 "can_valid";
    .port_info 12 /OUTPUT 1 "comm_active";
L_0x9730763e0 .functor AND 1, v0x972d0a080_0, L_0x9730d1860, C4<1>, C4<1>;
L_0x973075c70 .functor AND 1, v0x972d0a080_0, L_0x9730d1900, C4<1>, C4<1>;
L_0x973075dc0 .functor NOT 1, L_0x972878370, C4<0>, C4<0>, C4<0>;
L_0x973076290 .functor OR 1, v0x972d0bd40_0, L_0x973075dc0, C4<0>, C4<0>;
L_0x973075b90 .functor OR 1, L_0x973076290, v0x972d0b2a0_0, C4<0>, C4<0>;
L_0x972878208 .functor BUFT 1, C4<00>, C4<0>, C4<0>, C4<0>;
v0x972d10320_0 .net/2u *"_ivl_0", 1 0, L_0x972878208;  1 drivers
L_0x972878298 .functor BUFT 1, C4<00000000000000000000000000000000000000000000000000000000>, C4<0>, C4<0>, C4<0>;
v0x972d103c0_0 .net/2u *"_ivl_12", 55 0, L_0x972878298;  1 drivers
v0x972d10460_0 .net *"_ivl_16", 0 0, L_0x973075dc0;  1 drivers
v0x972d10500_0 .net *"_ivl_18", 0 0, L_0x973076290;  1 drivers
v0x972d105a0_0 .net *"_ivl_2", 0 0, L_0x9730d1860;  1 drivers
L_0x972878250 .functor BUFT 1, C4<10>, C4<0>, C4<0>, C4<0>;
v0x972d10640_0 .net/2u *"_ivl_6", 1 0, L_0x972878250;  1 drivers
v0x972d106e0_0 .net *"_ivl_8", 0 0, L_0x9730d1900;  1 drivers
v0x972d10780_0 .net "can_frame", 63 0, v0x972d0b200_0;  alias, 1 drivers
v0x972d10820_0 .net "can_valid", 0 0, v0x972d0b2a0_0;  alias, 1 drivers
v0x972d108c0_0 .net "clk", 0 0, v0x972d254a0_0;  alias, 1 drivers
v0x972d10960_0 .net "comm_active", 0 0, L_0x973075b90;  alias, 1 drivers
v0x972d10a00_0 .net "comm_sel", 1 0, L_0x9728782e0;  alias, 1 drivers
v0x972d10aa0_0 .net "rst_n", 0 0, v0x972d26c60_0;  alias, 1 drivers
v0x972d10b40_0 .net "spi_miso", 0 0, v0x972d0b5c0_0;  alias, 1 drivers
v0x972d10be0_0 .net "spi_mosi", 0 0, L_0x9728783b8;  alias, 1 drivers
v0x972d10c80_0 .net "spi_sclk", 0 0, L_0x972878328;  alias, 1 drivers
v0x972d10d20_0 .net "spi_ss_n", 0 0, L_0x972878370;  alias, 1 drivers
v0x972d10dc0_0 .net "tx_byte", 7 0, L_0x105206450;  1 drivers
v0x972d10e60_0 .net "tx_valid", 0 0, v0x972d0a080_0;  alias, 1 drivers
v0x972d10f00_0 .net "uart_busy", 0 0, v0x972d0bd40_0;  1 drivers
v0x972d10fa0_0 .net "uart_ready", 0 0, v0x972d10140_0;  1 drivers
v0x972d11040_0 .net "uart_tx", 0 0, v0x972d10280_0;  alias, 1 drivers
L_0x9730d1860 .cmp/eq 2, L_0x9728782e0, L_0x972878208;
L_0x9730d1900 .cmp/eq 2, L_0x9728782e0, L_0x972878250;
L_0x972ce8460 .concat [ 8 56 0 0], L_0x105206450, L_0x972878298;
S_0x973169080 .scope module, "u_can" "bms_can_status_if" 9 40, 10 1 0, S_0x973168f00;
 .timescale 0 0;
    .port_info 0 /INPUT 1 "clk";
    .port_info 1 /INPUT 1 "rst_n";
    .port_info 2 /INPUT 1 "push";
    .port_info 3 /INPUT 64 "payload";
    .port_info 4 /OUTPUT 1 "frame_valid";
    .port_info 5 /OUTPUT 64 "frame_data";
v0x972d0b160_0 .net "clk", 0 0, v0x972d254a0_0;  alias, 1 drivers
v0x972d0b200_0 .var "frame_data", 63 0;
v0x972d0b2a0_0 .var "frame_valid", 0 0;
v0x972d0b340_0 .net "payload", 63 0, L_0x972ce8460;  1 drivers
v0x972d0b3e0_0 .net "push", 0 0, L_0x973075c70;  1 drivers
v0x972d0b480_0 .net "rst_n", 0 0, v0x972d26c60_0;  alias, 1 drivers
S_0x973169200 .scope module, "u_spi" "bms_spi_slave" 9 29, 11 1 0, S_0x973168f00;
 .timescale 0 0;
    .port_info 0 /INPUT 1 "sclk";
    .port_info 1 /INPUT 1 "rst_n";
    .port_info 2 /INPUT 1 "ss_n";
    .port_info 3 /INPUT 1 "mosi";
    .port_info 4 /INPUT 8 "tx_byte";
    .port_info 5 /OUTPUT 1 "miso";
    .port_info 6 /OUTPUT 8 "rx_byte";
    .port_info 7 /OUTPUT 1 "rx_valid";
v0x972d0b520_0 .var "bit_cnt", 2 0;
v0x972d0b5c0_0 .var "miso", 0 0;
v0x972d0b660_0 .net "mosi", 0 0, L_0x9728783b8;  alias, 1 drivers
v0x972d0b700_0 .net "rst_n", 0 0, v0x972d26c60_0;  alias, 1 drivers
v0x972d0b7a0_0 .var "rx_byte", 7 0;
v0x972d0b840_0 .var "rx_shift", 7 0;
v0x972d0b8e0_0 .var "rx_valid", 0 0;
v0x972d0b980_0 .net "sclk", 0 0, L_0x972878328;  alias, 1 drivers
v0x972d0ba20_0 .net "ss_n", 0 0, L_0x972878370;  alias, 1 drivers
v0x972d0bac0_0 .net "tx_byte", 7 0, L_0x105206450;  alias, 1 drivers
v0x972d0bb60_0 .var "tx_shift", 7 0;
E_0x972cf8e00 .event negedge, v0x972ccf7a0_0, v0x972d0b980_0;
E_0x972cf8e40/0 .event negedge, v0x972ccf7a0_0;
E_0x972cf8e40/1 .event posedge, v0x972d0b980_0;
E_0x972cf8e40 .event/or E_0x972cf8e40/0, E_0x972cf8e40/1;
E_0x972cf8e80 .event negedge, v0x972ccf7a0_0, v0x972d0ba20_0;
S_0x973169380 .scope module, "u_uart" "bms_uart_tx" 9 19, 12 1 0, S_0x973168f00;
 .timescale 0 0;
    .port_info 0 /INPUT 1 "clk";
    .port_info 1 /INPUT 1 "rst_n";
    .port_info 2 /INPUT 8 "tx_byte";
    .port_info 3 /INPUT 1 "tx_valid";
    .port_info 4 /OUTPUT 1 "tx_ready";
    .port_info 5 /OUTPUT 1 "tx_wire";
    .port_info 6 /OUTPUT 1 "busy";
P_0x9730f0c80 .param/l "CLKS_PER_BIT" 0 12 2, C4<0000000000010000>;
P_0x9730f0cc0 .param/l "ST_DATA" 1 12 19, C4<10>;
P_0x9730f0d00 .param/l "ST_IDLE" 1 12 17, C4<00>;
P_0x9730f0d40 .param/l "ST_START" 1 12 18, C4<01>;
P_0x9730f0d80 .param/l "ST_STOP" 1 12 20, C4<11>;
v0x972d0bc00_0 .var "baud_cnt", 15 0;
v0x972d0bca0_0 .var "bit_idx", 3 0;
v0x972d0bd40_0 .var "busy", 0 0;
v0x972d0bde0_0 .net "clk", 0 0, v0x972d254a0_0;  alias, 1 drivers
v0x972d0be80_0 .net "rst_n", 0 0, v0x972d26c60_0;  alias, 1 drivers
v0x972d0bf20_0 .var "shreg", 7 0;
v0x972d10000_0 .var "state", 1 0;
v0x972d100a0_0 .net "tx_byte", 7 0, L_0x105206450;  alias, 1 drivers
v0x972d10140_0 .var "tx_ready", 0 0;
v0x972d101e0_0 .net "tx_valid", 0 0, L_0x9730763e0;  1 drivers
v0x972d10280_0 .var "tx_wire", 0 0;
S_0x973169500 .scope module, "u_emi" "bms_emi_guard" 6 79, 13 1 0, S_0x973168a80;
 .timescale 0 0;
    .port_info 0 /INPUT 1 "clk";
    .port_info 1 /INPUT 1 "rst_n";
    .port_info 2 /INPUT 1 "emi_in";
    .port_info 3 /OUTPUT 1 "emi_alert";
P_0x9731393c0 .param/l "FILTER_LEN" 0 13 2, +C4<00000000000000000000000000000100>;
v0x972d110e0_0 .net "clk", 0 0, v0x972d254a0_0;  alias, 1 drivers
v0x972d11180_0 .var "emi_alert", 0 0;
v0x972d11220_0 .net "emi_in", 0 0, v0x972d26080_0;  alias, 1 drivers
v0x972d112c0_0 .var "hist", 3 0;
v0x972d11360_0 .net "rst_n", 0 0, v0x972d26c60_0;  alias, 1 drivers
S_0x973169680 .scope module, "u_fault" "bms_fault_processor" 6 94, 14 1 0, S_0x973168a80;
 .timescale 0 0;
    .port_info 0 /INPUT 1 "clk";
    .port_info 1 /INPUT 1 "rst_n";
    .port_info 2 /INPUT 1 "en";
    .port_info 3 /INPUT 256 "cell_v_bus";
    .port_info 4 /INPUT 256 "cell_v_red_bus";
    .port_info 5 /INPUT 12 "temp";
    .port_info 6 /INPUT 1 "iso_fault";
    .port_info 7 /INPUT 1 "emi_alert";
    .port_info 8 /OUTPUT 1 "fault_out";
    .port_info 9 /OUTPUT 8 "fault_code";
    .port_info 10 /OUTPUT 16 "ov_map";
    .port_info 11 /OUTPUT 16 "uv_map";
    .port_info 12 /OUTPUT 1 "sensor_mismatch";
P_0x105208350 .param/l "CELL_COUNT" 0 14 2, +C4<00000000000000000000000000010000>;
P_0x105208390 .param/l "OTP_LIM" 0 14 5, C4<001110000100>;
P_0x1052083d0 .param/l "OVP_LIM" 0 14 3, C4<1100111001100110>;
P_0x105208410 .param/l "REDUNDANCY_DELTA" 0 14 7, C4<0000000000100000>;
P_0x105208450 .param/l "REDUNDANCY_HITS" 0 14 8, C4<0100>;
P_0x105208490 .param/l "UTP_LIM" 0 14 6, C4<000000101000>;
P_0x1052084d0 .param/l "UVP_LIM" 0 14 4, C4<1000000000000000>;
v0x972d11400_0 .net "cell_v_bus", 255 0, v0x972d09ea0_0;  alias, 1 drivers
v0x972d114a0_0 .net "cell_v_red_bus", 255 0, v0x972d09f40_0;  alias, 1 drivers
v0x972d11540_0 .net "clk", 0 0, v0x972d254a0_0;  alias, 1 drivers
v0x972d115e0_0 .net "emi_alert", 0 0, v0x972d11180_0;  alias, 1 drivers
v0x972d11680_0 .net "en", 0 0, v0x972d12c60_0;  alias, 1 drivers
v0x972d11720_0 .var "fault_code", 7 0;
v0x972d117c0_0 .var "fault_out", 0 0;
v0x972d11860_0 .var/i "i", 31 0;
v0x972d11900_0 .net "iso_fault", 0 0, v0x972d12260_0;  alias, 1 drivers
v0x972d119a0_0 .var "mismatch_cnt", 3 0;
v0x972d11a40_0 .var "mismatch_flag", 0 0;
v0x972d11ae0_0 .var "ot_flag", 0 0;
v0x972d11b80_0 .var "ov_flag", 0 0;
v0x972d11c20_0 .var "ov_map", 15 0;
v0x972d11cc0_0 .net "rst_n", 0 0, v0x972d26c60_0;  alias, 1 drivers
v0x972d11d60_0 .var "sensor_mismatch", 0 0;
v0x972d11e00_0 .net "temp", 11 0, v0x972d26300_0;  alias, 1 drivers
v0x972d11ea0_0 .var "ut_flag", 0 0;
v0x972d11f40_0 .var "uv_flag", 0 0;
v0x972d11fe0_0 .var "uv_map", 15 0;
v0x972d12080_0 .var "v_main", 15 0;
v0x972d12120_0 .var "v_red", 15 0;
S_0x973169800 .scope module, "u_iso" "bms_isolation_monitor" 6 86, 15 1 0, S_0x973168a80;
 .timescale 0 0;
    .port_info 0 /INPUT 1 "clk";
    .port_info 1 /INPUT 1 "rst_n";
    .port_info 2 /INPUT 16 "iso_resistance";
    .port_info 3 /OUTPUT 1 "iso_fault";
    .port_info 4 /OUTPUT 16 "iso_margin";
P_0x973139400 .param/l "ISO_LIM" 0 15 2, C4<0000000111110100>;
v0x972d121c0_0 .net "clk", 0 0, v0x972d254a0_0;  alias, 1 drivers
v0x972d12260_0 .var "iso_fault", 0 0;
v0x972d12300_0 .var "iso_margin", 15 0;
v0x972d123a0_0 .net "iso_resistance", 15 0, v0x972d26120_0;  alias, 1 drivers
v0x972d12440_0 .net "rst_n", 0 0, v0x972d26c60_0;  alias, 1 drivers
S_0x973169980 .scope module, "u_log" "bms_fault_logger" 6 161, 16 1 0, S_0x973168a80;
 .timescale 0 0;
    .port_info 0 /INPUT 1 "clk";
    .port_info 1 /INPUT 1 "rst_n";
    .port_info 2 /INPUT 1 "log_en";
    .port_info 3 /INPUT 8 "fault_code";
    .port_info 4 /INPUT 16 "timestamp";
    .port_info 5 /OUTPUT 4 "wr_ptr";
    .port_info 6 /OUTPUT 1 "overflow";
P_0x973139440 .param/l "DEPTH" 0 16 2, +C4<00000000000000000000000000010000>;
v0x972d124e0_0 .net "clk", 0 0, v0x972d254a0_0;  alias, 1 drivers
v0x972d12580_0 .net "fault_code", 7 0, v0x972d11720_0;  alias, 1 drivers
v0x972d12620 .array "fault_mem", 15 0, 23 0;
v0x972d126c0_0 .net "log_en", 0 0, L_0x973075b20;  1 drivers
v0x972d12760_0 .var "overflow", 0 0;
v0x972d12800_0 .net "rst_n", 0 0, v0x972d26c60_0;  alias, 1 drivers
v0x972d128a0_0 .net "timestamp", 15 0, v0x972d15360_0;  1 drivers
v0x972d12940_0 .var "wr_ptr", 3 0;
S_0x973169b00 .scope module, "u_pwr" "bms_power_mgmt" 6 135, 17 1 0, S_0x973168a80;
 .timescale 0 0;
    .port_info 0 /INPUT 1 "clk";
    .port_info 1 /INPUT 1 "rst_n";
    .port_info 2 /INPUT 1 "fault_condition";
    .port_info 3 /INPUT 1 "comm_active";
    .port_info 4 /INPUT 1 "adc_busy";
    .port_info 5 /OUTPUT 1 "logic_clk_en";
    .port_info 6 /OUTPUT 1 "sleep_mode";
v0x972d129e0_0 .net "adc_busy", 0 0, v0x972d09c20_0;  alias, 1 drivers
v0x972d12a80_0 .net "clk", 0 0, v0x972d254a0_0;  alias, 1 drivers
v0x972d12b20_0 .net "comm_active", 0 0, L_0x973075b90;  alias, 1 drivers
v0x972d12bc0_0 .net "fault_condition", 0 0, v0x972d117c0_0;  alias, 1 drivers
v0x972d12c60_0 .var "logic_clk_en", 0 0;
v0x972d12d00_0 .net "rst_n", 0 0, v0x972d26c60_0;  alias, 1 drivers
v0x972d12da0_0 .var "sleep_mode", 0 0;
S_0x973169c80 .scope module, "u_soc_soh" "bms_soc_soh_engine" 6 110, 18 1 0, S_0x973168a80;
 .timescale 0 0;
    .port_info 0 /INPUT 1 "clk";
    .port_info 1 /INPUT 1 "rst_n";
    .port_info 2 /INPUT 1 "en";
    .port_info 3 /INPUT 16 "pack_i";
    .port_info 4 /INPUT 16 "pack_v_avg";
    .port_info 5 /INPUT 16 "charge_cycles";
    .port_info 6 /OUTPUT 16 "soc_out";
    .port_info 7 /OUTPUT 16 "soh_out";
P_0x105208510 .param/l "CURRENT_DEADBAND" 0 18 5, C4<0000000000001000>;
P_0x105208550 .param/l "CYCLE_AGING_STEP" 0 18 7, C4<0000000000100000>;
P_0x105208590 .param/l "NOMINAL_CAPACITY" 0 18 2, C4<00000000000000011000011010100000>;
P_0x1052085d0 .param/l "OCV_EMPTY" 0 18 4, C4<1000000000000000>;
P_0x105208610 .param/l "OCV_FULL" 0 18 3, C4<1100111001100110>;
P_0x105208650 .param/l "RELAX_COUNT_MAX" 0 18 6, C4<00000000000000011000011010100000>;
v0x972d12e40_0 .var "abs_pack_i", 15 0;
v0x972d12ee0_0 .net "charge_cycles", 15 0, v0x972d25fe0_0;  alias, 1 drivers
v0x972d12f80_0 .net "clk", 0 0, v0x972d254a0_0;  alias, 1 drivers
v0x972d13020_0 .var/s "coulomb_acc", 31 0;
v0x972d130c0_0 .var "cycle_loss", 31 0;
v0x972d13160_0 .net "en", 0 0, v0x972d12c60_0;  alias, 1 drivers
v0x972d13200_0 .var "ocv_soc", 15 0;
v0x972d132a0_0 .net "pack_i", 15 0, v0x972d261c0_0;  alias, 1 drivers
v0x972d13340_0 .net "pack_v_avg", 15 0, v0x972d26260_0;  alias, 1 drivers
v0x972d133e0_0 .var "relax_cnt", 31 0;
v0x972d13480_0 .net "rst_n", 0 0, v0x972d26c60_0;  alias, 1 drivers
v0x972d13520_0 .var "soc_out", 15 0;
v0x972d135c0_0 .var "soh_calc", 31 0;
v0x972d13660_0 .var "soh_out", 15 0;
S_0x973169e00 .scope module, "u_lmu2" "bms_lmu_wrapper" 4 85, 5 1 0, S_0x1051f21c0;
 .timescale 0 0;
    .port_info 0 /INPUT 1 "clk";
    .port_info 1 /INPUT 1 "rst_n";
    .port_info 2 /INPUT 1 "adc_start";
    .port_info 3 /INPUT 16 "adc_data";
    .port_info 4 /INPUT 1 "adc_valid";
    .port_info 5 /INPUT 16 "pack_i";
    .port_info 6 /INPUT 16 "pack_v_avg";
    .port_info 7 /INPUT 16 "charge_cycles";
    .port_info 8 /INPUT 12 "temp_die";
    .port_info 9 /INPUT 192 "cell_t_bus";
    .port_info 10 /INPUT 16 "iso_resistance";
    .port_info 11 /INPUT 1 "emi_in";
    .port_info 12 /INPUT 2 "comm_sel";
    .port_info 13 /INPUT 1 "spi_sclk";
    .port_info 14 /INPUT 1 "spi_ss_n";
    .port_info 15 /INPUT 1 "spi_mosi";
    .port_info 16 /OUTPUT 1 "spi_miso";
    .port_info 17 /OUTPUT 1 "uart_tx";
    .port_info 18 /OUTPUT 64 "can_frame";
    .port_info 19 /OUTPUT 1 "can_valid";
    .port_info 20 /OUTPUT 16 "active_tx_sw";
    .port_info 21 /OUTPUT 16 "active_rx_sw";
    .port_info 22 /OUTPUT 16 "passive_sw";
    .port_info 23 /OUTPUT 1 "fault_trip";
    .port_info 24 /OUTPUT 8 "fault_code";
    .port_info 25 /OUTPUT 16 "soc_out";
    .port_info 26 /OUTPUT 16 "soh_out";
v0x972d1df40_0 .net "active_rx_sw", 15 0, v0x972d16d00_0;  alias, 1 drivers
v0x972d1dfe0_0 .net "active_tx_sw", 15 0, v0x972d16da0_0;  alias, 1 drivers
v0x972d1e080_0 .net "adc_data", 15 0, v0x972d263a0_0;  alias, 1 drivers
v0x972d1e120_0 .net "adc_start", 0 0, v0x972d26440_0;  alias, 1 drivers
v0x972d1e1c0_0 .net "adc_valid", 0 0, v0x972d264e0_0;  alias, 1 drivers
v0x972d1e260_0 .net "can_frame", 63 0, v0x972d17c00_0;  alias, 1 drivers
v0x972d1e300_0 .net "can_valid", 0 0, v0x972d17ca0_0;  alias, 1 drivers
v0x972d1e3a0_0 .net "cell_t_bus", 191 0, v0x972d26580_0;  alias, 1 drivers
v0x972d1e440_0 .net "charge_cycles", 15 0, v0x972d26620_0;  alias, 1 drivers
v0x972d1e4e0_0 .net "clk", 0 0, v0x972d254a0_0;  alias, 1 drivers
L_0x9728784d8 .functor BUFT 1, C4<01>, C4<0>, C4<0>, C4<0>;
v0x972d1e580_0 .net "comm_sel", 1 0, L_0x9728784d8;  1 drivers
v0x972d1e620_0 .net "emi_in", 0 0, v0x972d266c0_0;  alias, 1 drivers
v0x972d1e6c0_0 .net "fault_code", 7 0, v0x972d1a120_0;  alias, 1 drivers
v0x972d1e760_0 .net "fault_trip", 0 0, v0x972d1a1c0_0;  alias, 1 drivers
v0x972d1e800_0 .net "iso_resistance", 15 0, v0x972d26760_0;  alias, 1 drivers
v0x972d1e8a0_0 .net "pack_i", 15 0, v0x972d26800_0;  alias, 1 drivers
v0x972d1e940_0 .net "pack_v_avg", 15 0, v0x972d268a0_0;  alias, 1 drivers
v0x972d1e9e0_0 .net "passive_sw", 15 0, v0x972d17700_0;  alias, 1 drivers
v0x972d1ea80_0 .net "rst_n", 0 0, v0x972d26c60_0;  alias, 1 drivers
v0x972d1eb20_0 .net "soc_out", 15 0, v0x972d1bf20_0;  alias, 1 drivers
v0x972d1ebc0_0 .net "soh_out", 15 0, v0x972d1c0a0_0;  alias, 1 drivers
v0x972d1ec60_0 .net "spi_miso", 0 0, v0x972d18000_0;  alias, 1 drivers
L_0x9728785b0 .functor BUFT 1, C4<0>, C4<0>, C4<0>, C4<0>;
v0x972d1ed00_0 .net "spi_mosi", 0 0, L_0x9728785b0;  1 drivers
L_0x972878520 .functor BUFT 1, C4<0>, C4<0>, C4<0>, C4<0>;
v0x972d1eda0_0 .net "spi_sclk", 0 0, L_0x972878520;  1 drivers
L_0x972878568 .functor BUFT 1, C4<1>, C4<0>, C4<0>, C4<0>;
v0x972d1ee40_0 .net "spi_ss_n", 0 0, L_0x972878568;  1 drivers
v0x972d1eee0_0 .net "temp_die", 11 0, v0x972d26940_0;  alias, 1 drivers
v0x972d1ef80_0 .net "uart_tx", 0 0, v0x972d18c80_0;  alias, 1 drivers
S_0x973169f80 .scope module, "u_lmu" "bms_satellite_top" 5 30, 6 1 0, S_0x973169e00;
 .timescale 0 0;
    .port_info 0 /INPUT 1 "clk";
    .port_info 1 /INPUT 1 "rst_n";
    .port_info 2 /INPUT 1 "adc_start";
    .port_info 3 /INPUT 16 "adc_data";
    .port_info 4 /INPUT 1 "adc_valid";
    .port_info 5 /INPUT 16 "pack_i";
    .port_info 6 /INPUT 16 "pack_v_avg";
    .port_info 7 /INPUT 16 "charge_cycles";
    .port_info 8 /INPUT 12 "temp_die";
    .port_info 9 /INPUT 192 "cell_t_bus";
    .port_info 10 /INPUT 16 "iso_resistance";
    .port_info 11 /INPUT 1 "emi_in";
    .port_info 12 /INPUT 2 "comm_sel";
    .port_info 13 /INPUT 1 "spi_sclk";
    .port_info 14 /INPUT 1 "spi_ss_n";
    .port_info 15 /INPUT 1 "spi_mosi";
    .port_info 16 /OUTPUT 1 "spi_miso";
    .port_info 17 /OUTPUT 1 "uart_tx";
    .port_info 18 /OUTPUT 64 "can_frame";
    .port_info 19 /OUTPUT 1 "can_valid";
    .port_info 20 /OUTPUT 16 "active_tx_sw";
    .port_info 21 /OUTPUT 16 "active_rx_sw";
    .port_info 22 /OUTPUT 16 "passive_sw";
    .port_info 23 /OUTPUT 1 "fault_trip";
    .port_info 24 /OUTPUT 8 "fault_code";
    .port_info 25 /OUTPUT 16 "soc_out";
    .port_info 26 /OUTPUT 16 "soh_out";
P_0x973139480 .param/l "CELL_COUNT" 0 6 2, +C4<00000000000000000000000000010000>;
L_0x973075e30 .functor NOT 1, v0x972d1a1c0_0, C4<0>, C4<0>, C4<0>;
L_0x973076060 .functor AND 1, v0x972d1b660_0, L_0x973075e30, C4<1>, C4<1>;
L_0x973075420 .functor NOT 1, v0x972d1cfa0_0, C4<0>, C4<0>, C4<0>;
L_0x9730758f0 .functor AND 1, v0x972d1a1c0_0, L_0x973075420, C4<1>, C4<1>;
v0x972d1c140_0 .net *"_ivl_0", 0 0, L_0x973075e30;  1 drivers
v0x972d1c1e0_0 .net *"_ivl_6", 0 0, L_0x973075420;  1 drivers
v0x972d1c280_0 .net "active_rx_sw", 15 0, v0x972d16d00_0;  alias, 1 drivers
v0x972d1c320_0 .net "active_tx_sw", 15 0, v0x972d16da0_0;  alias, 1 drivers
v0x972d1c3c0_0 .net "adc_busy", 0 0, v0x972d16620_0;  1 drivers
v0x972d1c460_0 .net "adc_data", 15 0, v0x972d263a0_0;  alias, 1 drivers
v0x972d1c500_0 .net "adc_frame_done", 0 0, v0x972d16a80_0;  1 drivers
v0x972d1c5a0_0 .net "adc_start", 0 0, v0x972d26440_0;  alias, 1 drivers
v0x972d1c640_0 .net "adc_valid", 0 0, v0x972d264e0_0;  alias, 1 drivers
v0x972d1c6e0_0 .net "balance_busy", 0 0, v0x972d16e40_0;  1 drivers
v0x972d1c780_0 .net "can_frame", 63 0, v0x972d17c00_0;  alias, 1 drivers
v0x972d1c820_0 .net "can_valid", 0 0, v0x972d17ca0_0;  alias, 1 drivers
v0x972d1c8c0_0 .net "cell_t_bus", 191 0, v0x972d26580_0;  alias, 1 drivers
v0x972d1c960_0 .net "cell_v_bus", 255 0, v0x972d168a0_0;  1 drivers
v0x972d1ca00_0 .net "cell_v_red_bus", 255 0, v0x972d16940_0;  1 drivers
v0x972d1caa0_0 .net "charge_cycles", 15 0, v0x972d26620_0;  alias, 1 drivers
v0x972d1cb40_0 .net "clk", 0 0, v0x972d254a0_0;  alias, 1 drivers
v0x972d1cbe0_0 .net "comm_active", 0 0, L_0x9730752d0;  1 drivers
v0x972d1cc80_0 .net "comm_sel", 1 0, L_0x9728784d8;  alias, 1 drivers
v0x972d1cd20_0 .net "emi_alert", 0 0, v0x972d19b80_0;  1 drivers
v0x972d1cdc0_0 .net "emi_in", 0 0, v0x972d266c0_0;  alias, 1 drivers
v0x972d1ce60_0 .net "fault_code", 7 0, v0x972d1a120_0;  alias, 1 drivers
v0x972d1cf00_0 .net "fault_trip", 0 0, v0x972d1a1c0_0;  alias, 1 drivers
v0x972d1cfa0_0 .var "fault_trip_d", 0 0;
v0x972d1d040_0 .net "high_id", 3 0, v0x972d173e0_0;  1 drivers
v0x972d1d0e0_0 .net "iso_fault", 0 0, v0x972d1ac60_0;  1 drivers
v0x972d1d180_0 .net "iso_margin", 15 0, v0x972d1ad00_0;  1 drivers
v0x972d1d220_0 .net "iso_resistance", 15 0, v0x972d26760_0;  alias, 1 drivers
v0x972d1d2c0_0 .net "logic_clk_en", 0 0, v0x972d1b660_0;  1 drivers
v0x972d1d360_0 .net "low_id", 3 0, v0x972d175c0_0;  1 drivers
v0x972d1d400_0 .net "ov_map", 15 0, v0x972d1a620_0;  1 drivers
v0x972d1d4a0_0 .net "pack_i", 15 0, v0x972d26800_0;  alias, 1 drivers
v0x972d1d540_0 .net "pack_v_avg", 15 0, v0x972d268a0_0;  alias, 1 drivers
v0x972d1d5e0_0 .net "passive_sw", 15 0, v0x972d17700_0;  alias, 1 drivers
v0x972d1d680_0 .net "rst_n", 0 0, v0x972d26c60_0;  alias, 1 drivers
v0x972d1d720_0 .net "sample_idx", 4 0, v0x972d16bc0_0;  1 drivers
v0x972d1d7c0_0 .net "sensor_mismatch", 0 0, v0x972d1a760_0;  1 drivers
v0x972d1d860_0 .net "sleep_mode", 0 0, v0x972d1b7a0_0;  1 drivers
v0x972d1d900_0 .net "soc_out", 15 0, v0x972d1bf20_0;  alias, 1 drivers
v0x972d1d9a0_0 .net "soh_out", 15 0, v0x972d1c0a0_0;  alias, 1 drivers
v0x972d1da40_0 .net "spi_miso", 0 0, v0x972d18000_0;  alias, 1 drivers
v0x972d1dae0_0 .net "spi_mosi", 0 0, L_0x9728785b0;  alias, 1 drivers
v0x972d1db80_0 .net "spi_sclk", 0 0, L_0x972878520;  alias, 1 drivers
v0x972d1dc20_0 .net "spi_ss_n", 0 0, L_0x972878568;  alias, 1 drivers
v0x972d1dcc0_0 .net "temp_die", 11 0, v0x972d26940_0;  alias, 1 drivers
v0x972d1dd60_0 .var "timestamp", 15 0;
v0x972d1de00_0 .net "uart_tx", 0 0, v0x972d18c80_0;  alias, 1 drivers
v0x972d1dea0_0 .net "uv_map", 15 0, v0x972d1a9e0_0;  1 drivers
L_0x105203bd0 .part v0x972d1bf20_0, 8, 8;
S_0x97316a100 .scope module, "u_adc" "bms_adc_if" 6 66, 7 1 0, S_0x973169f80;
 .timescale 0 0;
    .port_info 0 /INPUT 1 "clk";
    .port_info 1 /INPUT 1 "rst_n";
    .port_info 2 /INPUT 1 "start";
    .port_info 3 /INPUT 16 "adc_data";
    .port_info 4 /INPUT 1 "adc_valid";
    .port_info 5 /OUTPUT 1 "adc_busy";
    .port_info 6 /OUTPUT 5 "sample_idx";
    .port_info 7 /OUTPUT 256 "cell_v_bus";
    .port_info 8 /OUTPUT 256 "cell_v_red_bus";
    .port_info 9 /OUTPUT 1 "frame_done";
P_0x973129080 .param/l "ADC_WIDTH" 0 7 3, +C4<00000000000000000000000000010000>;
P_0x9731290c0 .param/l "CELL_COUNT" 0 7 2, +C4<00000000000000000000000000010000>;
v0x972d16620_0 .var "adc_busy", 0 0;
v0x972d166c0_0 .net "adc_data", 15 0, v0x972d263a0_0;  alias, 1 drivers
v0x972d16760_0 .net "adc_valid", 0 0, v0x972d264e0_0;  alias, 1 drivers
v0x972d16800_0 .var "bank_sel", 0 0;
v0x972d168a0_0 .var "cell_v_bus", 255 0;
v0x972d16940_0 .var "cell_v_red_bus", 255 0;
v0x972d169e0_0 .net "clk", 0 0, v0x972d254a0_0;  alias, 1 drivers
v0x972d16a80_0 .var "frame_done", 0 0;
v0x972d16b20_0 .net "rst_n", 0 0, v0x972d26c60_0;  alias, 1 drivers
v0x972d16bc0_0 .var "sample_idx", 4 0;
v0x972d16c60_0 .net "start", 0 0, v0x972d26440_0;  alias, 1 drivers
S_0x97316a280 .scope module, "u_bal" "bms_active_balancer" 6 121, 8 1 0, S_0x973169f80;
 .timescale 0 0;
    .port_info 0 /INPUT 1 "clk";
    .port_info 1 /INPUT 1 "rst_n";
    .port_info 2 /INPUT 1 "en";
    .port_info 3 /INPUT 256 "cell_v_bus";
    .port_info 4 /INPUT 192 "cell_t_bus";
    .port_info 5 /OUTPUT 16 "active_tx_sw";
    .port_info 6 /OUTPUT 16 "active_rx_sw";
    .port_info 7 /OUTPUT 16 "passive_sw";
    .port_info 8 /OUTPUT 1 "balance_busy";
    .port_info 9 /OUTPUT 4 "high_id_o";
    .port_info 10 /OUTPUT 4 "low_id_o";
P_0x973170000 .param/l "BAL_OFF_TICKS" 0 8 7, C4<00000000000000000010011100010000>;
P_0x973170040 .param/l "BAL_ON_TICKS" 0 8 6, C4<00000000000000001100001101010000>;
P_0x973170080 .param/l "CELL_COUNT" 0 8 2, +C4<00000000000000000000000000010000>;
P_0x9731700c0 .param/l "FULL_CHARGE" 0 8 4, C4<1100001101010000>;
P_0x973170100 .param/l "THERMAL_LIMIT" 0 8 5, C4<001101110000>;
P_0x973170140 .param/l "TOLERANCE" 0 8 3, C4<0000000000110010>;
v0x972d16d00_0 .var "active_rx_sw", 15 0;
v0x972d16da0_0 .var "active_tx_sw", 15 0;
v0x972d16e40_0 .var "balance_busy", 0 0;
v0x972d16ee0_0 .net "cell_t_bus", 191 0, v0x972d26580_0;  alias, 1 drivers
v0x972d16f80_0 .var "cell_t_i", 11 0;
v0x972d17020_0 .net "cell_v_bus", 255 0, v0x972d168a0_0;  alias, 1 drivers
v0x972d170c0_0 .var "cell_v_i", 15 0;
v0x972d17160_0 .net "clk", 0 0, v0x972d254a0_0;  alias, 1 drivers
v0x972d17200_0 .var "dwell_cnt", 31 0;
v0x972d172a0_0 .net "en", 0 0, L_0x973076060;  1 drivers
v0x972d17340_0 .var "high_id", 3 0;
v0x972d173e0_0 .var "high_id_o", 3 0;
v0x972d17480_0 .var/i "i", 31 0;
v0x972d17520_0 .var "low_id", 3 0;
v0x972d175c0_0 .var "low_id_o", 3 0;
v0x972d17660_0 .var "min_v", 15 0;
v0x972d17700_0 .var "passive_sw", 15 0;
v0x972d177a0_0 .var "peak_v", 15 0;
v0x972d17840_0 .var "phase_on", 0 0;
v0x972d178e0_0 .net "rst_n", 0 0, v0x972d26c60_0;  alias, 1 drivers
v0x972d17980_0 .var "rx_mask", 15 0;
v0x972d17a20_0 .var "thermal_block", 0 0;
v0x972d17ac0_0 .var "tx_mask", 15 0;
S_0x97316a400 .scope module, "u_comm" "bms_comm_hub" 6 145, 9 1 0, S_0x973169f80;
 .timescale 0 0;
    .port_info 0 /INPUT 1 "clk";
    .port_info 1 /INPUT 1 "rst_n";
    .port_info 2 /INPUT 2 "comm_sel";
    .port_info 3 /INPUT 8 "tx_byte";
    .port_info 4 /INPUT 1 "tx_valid";
    .port_info 5 /INPUT 1 "spi_sclk";
    .port_info 6 /INPUT 1 "spi_ss_n";
    .port_info 7 /INPUT 1 "spi_mosi";
    .port_info 8 /OUTPUT 1 "spi_miso";
    .port_info 9 /OUTPUT 1 "uart_tx";
    .port_info 10 /OUTPUT 64 "can_frame";
    .port_info 11 /OUTPUT 1 "can_valid";
    .port_info 12 /OUTPUT 1 "comm_active";
L_0x973075ce0 .functor AND 1, v0x972d16a80_0, L_0x9730d19a0, C4<1>, C4<1>;
L_0x973075ab0 .functor AND 1, v0x972d16a80_0, L_0x9730d1a40, C4<1>, C4<1>;
L_0x9730759d0 .functor NOT 1, L_0x972878568, C4<0>, C4<0>, C4<0>;
L_0x973075a40 .functor OR 1, v0x972d18780_0, L_0x9730759d0, C4<0>, C4<0>;
L_0x9730752d0 .functor OR 1, L_0x973075a40, v0x972d17ca0_0, C4<0>, C4<0>;
L_0x972878400 .functor BUFT 1, C4<00>, C4<0>, C4<0>, C4<0>;
v0x972d18d20_0 .net/2u *"_ivl_0", 1 0, L_0x972878400;  1 drivers
L_0x972878490 .functor BUFT 1, C4<00000000000000000000000000000000000000000000000000000000>, C4<0>, C4<0>, C4<0>;
v0x972d18dc0_0 .net/2u *"_ivl_12", 55 0, L_0x972878490;  1 drivers
v0x972d18e60_0 .net *"_ivl_16", 0 0, L_0x9730759d0;  1 drivers
v0x972d18f00_0 .net *"_ivl_18", 0 0, L_0x973075a40;  1 drivers
v0x972d18fa0_0 .net *"_ivl_2", 0 0, L_0x9730d19a0;  1 drivers
L_0x972878448 .functor BUFT 1, C4<10>, C4<0>, C4<0>, C4<0>;
v0x972d19040_0 .net/2u *"_ivl_6", 1 0, L_0x972878448;  1 drivers
v0x972d190e0_0 .net *"_ivl_8", 0 0, L_0x9730d1a40;  1 drivers
v0x972d19180_0 .net "can_frame", 63 0, v0x972d17c00_0;  alias, 1 drivers
v0x972d19220_0 .net "can_valid", 0 0, v0x972d17ca0_0;  alias, 1 drivers
v0x972d192c0_0 .net "clk", 0 0, v0x972d254a0_0;  alias, 1 drivers
v0x972d19360_0 .net "comm_active", 0 0, L_0x9730752d0;  alias, 1 drivers
v0x972d19400_0 .net "comm_sel", 1 0, L_0x9728784d8;  alias, 1 drivers
v0x972d194a0_0 .net "rst_n", 0 0, v0x972d26c60_0;  alias, 1 drivers
v0x972d19540_0 .net "spi_miso", 0 0, v0x972d18000_0;  alias, 1 drivers
v0x972d195e0_0 .net "spi_mosi", 0 0, L_0x9728785b0;  alias, 1 drivers
v0x972d19680_0 .net "spi_sclk", 0 0, L_0x972878520;  alias, 1 drivers
v0x972d19720_0 .net "spi_ss_n", 0 0, L_0x972878568;  alias, 1 drivers
v0x972d197c0_0 .net "tx_byte", 7 0, L_0x105203bd0;  1 drivers
v0x972d19860_0 .net "tx_valid", 0 0, v0x972d16a80_0;  alias, 1 drivers
v0x972d19900_0 .net "uart_busy", 0 0, v0x972d18780_0;  1 drivers
v0x972d199a0_0 .net "uart_ready", 0 0, v0x972d18b40_0;  1 drivers
v0x972d19a40_0 .net "uart_tx", 0 0, v0x972d18c80_0;  alias, 1 drivers
L_0x9730d19a0 .cmp/eq 2, L_0x9728784d8, L_0x972878400;
L_0x9730d1a40 .cmp/eq 2, L_0x9728784d8, L_0x972878448;
L_0x972ce8500 .concat [ 8 56 0 0], L_0x105203bd0, L_0x972878490;
S_0x97316a580 .scope module, "u_can" "bms_can_status_if" 9 40, 10 1 0, S_0x97316a400;
 .timescale 0 0;
    .port_info 0 /INPUT 1 "clk";
    .port_info 1 /INPUT 1 "rst_n";
    .port_info 2 /INPUT 1 "push";
    .port_info 3 /INPUT 64 "payload";
    .port_info 4 /OUTPUT 1 "frame_valid";
    .port_info 5 /OUTPUT 64 "frame_data";
v0x972d17b60_0 .net "clk", 0 0, v0x972d254a0_0;  alias, 1 drivers
v0x972d17c00_0 .var "frame_data", 63 0;
v0x972d17ca0_0 .var "frame_valid", 0 0;
v0x972d17d40_0 .net "payload", 63 0, L_0x972ce8500;  1 drivers
v0x972d17de0_0 .net "push", 0 0, L_0x973075ab0;  1 drivers
v0x972d17e80_0 .net "rst_n", 0 0, v0x972d26c60_0;  alias, 1 drivers
S_0x97316a700 .scope module, "u_spi" "bms_spi_slave" 9 29, 11 1 0, S_0x97316a400;
 .timescale 0 0;
    .port_info 0 /INPUT 1 "sclk";
    .port_info 1 /INPUT 1 "rst_n";
    .port_info 2 /INPUT 1 "ss_n";
    .port_info 3 /INPUT 1 "mosi";
    .port_info 4 /INPUT 8 "tx_byte";
    .port_info 5 /OUTPUT 1 "miso";
    .port_info 6 /OUTPUT 8 "rx_byte";
    .port_info 7 /OUTPUT 1 "rx_valid";
v0x972d17f20_0 .var "bit_cnt", 2 0;
v0x972d18000_0 .var "miso", 0 0;
v0x972d180a0_0 .net "mosi", 0 0, L_0x9728785b0;  alias, 1 drivers
v0x972d18140_0 .net "rst_n", 0 0, v0x972d26c60_0;  alias, 1 drivers
v0x972d181e0_0 .var "rx_byte", 7 0;
v0x972d18280_0 .var "rx_shift", 7 0;
v0x972d18320_0 .var "rx_valid", 0 0;
v0x972d183c0_0 .net "sclk", 0 0, L_0x972878520;  alias, 1 drivers
v0x972d18460_0 .net "ss_n", 0 0, L_0x972878568;  alias, 1 drivers
v0x972d18500_0 .net "tx_byte", 7 0, L_0x105203bd0;  alias, 1 drivers
v0x972d185a0_0 .var "tx_shift", 7 0;
E_0x972cf8ec0 .event negedge, v0x972ccf7a0_0, v0x972d183c0_0;
E_0x972cf8f00/0 .event negedge, v0x972ccf7a0_0;
E_0x972cf8f00/1 .event posedge, v0x972d183c0_0;
E_0x972cf8f00 .event/or E_0x972cf8f00/0, E_0x972cf8f00/1;
E_0x972cf8f40 .event negedge, v0x972ccf7a0_0, v0x972d18460_0;
S_0x97316a880 .scope module, "u_uart" "bms_uart_tx" 9 19, 12 1 0, S_0x97316a400;
 .timescale 0 0;
    .port_info 0 /INPUT 1 "clk";
    .port_info 1 /INPUT 1 "rst_n";
    .port_info 2 /INPUT 8 "tx_byte";
    .port_info 3 /INPUT 1 "tx_valid";
    .port_info 4 /OUTPUT 1 "tx_ready";
    .port_info 5 /OUTPUT 1 "tx_wire";
    .port_info 6 /OUTPUT 1 "busy";
P_0x9730f0b40 .param/l "CLKS_PER_BIT" 0 12 2, C4<0000000000010000>;
P_0x9730f0b80 .param/l "ST_DATA" 1 12 19, C4<10>;
P_0x9730f0bc0 .param/l "ST_IDLE" 1 12 17, C4<00>;
P_0x9730f0c00 .param/l "ST_START" 1 12 18, C4<01>;
P_0x9730f0c40 .param/l "ST_STOP" 1 12 20, C4<11>;
v0x972d18640_0 .var "baud_cnt", 15 0;
v0x972d186e0_0 .var "bit_idx", 3 0;
v0x972d18780_0 .var "busy", 0 0;
v0x972d18820_0 .net "clk", 0 0, v0x972d254a0_0;  alias, 1 drivers
v0x972d188c0_0 .net "rst_n", 0 0, v0x972d26c60_0;  alias, 1 drivers
v0x972d18960_0 .var "shreg", 7 0;
v0x972d18a00_0 .var "state", 1 0;
v0x972d18aa0_0 .net "tx_byte", 7 0, L_0x105203bd0;  alias, 1 drivers
v0x972d18b40_0 .var "tx_ready", 0 0;
v0x972d18be0_0 .net "tx_valid", 0 0, L_0x973075ce0;  1 drivers
v0x972d18c80_0 .var "tx_wire", 0 0;
S_0x97316aa00 .scope module, "u_emi" "bms_emi_guard" 6 79, 13 1 0, S_0x973169f80;
 .timescale 0 0;
    .port_info 0 /INPUT 1 "clk";
    .port_info 1 /INPUT 1 "rst_n";
    .port_info 2 /INPUT 1 "emi_in";
    .port_info 3 /OUTPUT 1 "emi_alert";
P_0x9731394c0 .param/l "FILTER_LEN" 0 13 2, +C4<00000000000000000000000000000100>;
v0x972d19ae0_0 .net "clk", 0 0, v0x972d254a0_0;  alias, 1 drivers
v0x972d19b80_0 .var "emi_alert", 0 0;
v0x972d19c20_0 .net "emi_in", 0 0, v0x972d266c0_0;  alias, 1 drivers
v0x972d19cc0_0 .var "hist", 3 0;
v0x972d19d60_0 .net "rst_n", 0 0, v0x972d26c60_0;  alias, 1 drivers
S_0x97316ab80 .scope module, "u_fault" "bms_fault_processor" 6 94, 14 1 0, S_0x973169f80;
 .timescale 0 0;
    .port_info 0 /INPUT 1 "clk";
    .port_info 1 /INPUT 1 "rst_n";
    .port_info 2 /INPUT 1 "en";
    .port_info 3 /INPUT 256 "cell_v_bus";
    .port_info 4 /INPUT 256 "cell_v_red_bus";
    .port_info 5 /INPUT 12 "temp";
    .port_info 6 /INPUT 1 "iso_fault";
    .port_info 7 /INPUT 1 "emi_alert";
    .port_info 8 /OUTPUT 1 "fault_out";
    .port_info 9 /OUTPUT 8 "fault_code";
    .port_info 10 /OUTPUT 16 "ov_map";
    .port_info 11 /OUTPUT 16 "uv_map";
    .port_info 12 /OUTPUT 1 "sensor_mismatch";
P_0x105207f50 .param/l "CELL_COUNT" 0 14 2, +C4<00000000000000000000000000010000>;
P_0x105207f90 .param/l "OTP_LIM" 0 14 5, C4<001110000100>;
P_0x105207fd0 .param/l "OVP_LIM" 0 14 3, C4<1100111001100110>;
P_0x105208010 .param/l "REDUNDANCY_DELTA" 0 14 7, C4<0000000000100000>;
P_0x105208050 .param/l "REDUNDANCY_HITS" 0 14 8, C4<0100>;
P_0x105208090 .param/l "UTP_LIM" 0 14 6, C4<000000101000>;
P_0x1052080d0 .param/l "UVP_LIM" 0 14 4, C4<1000000000000000>;
v0x972d19e00_0 .net "cell_v_bus", 255 0, v0x972d168a0_0;  alias, 1 drivers
v0x972d19ea0_0 .net "cell_v_red_bus", 255 0, v0x972d16940_0;  alias, 1 drivers
v0x972d19f40_0 .net "clk", 0 0, v0x972d254a0_0;  alias, 1 drivers
v0x972d19fe0_0 .net "emi_alert", 0 0, v0x972d19b80_0;  alias, 1 drivers
v0x972d1a080_0 .net "en", 0 0, v0x972d1b660_0;  alias, 1 drivers
v0x972d1a120_0 .var "fault_code", 7 0;
v0x972d1a1c0_0 .var "fault_out", 0 0;
v0x972d1a260_0 .var/i "i", 31 0;
v0x972d1a300_0 .net "iso_fault", 0 0, v0x972d1ac60_0;  alias, 1 drivers
v0x972d1a3a0_0 .var "mismatch_cnt", 3 0;
v0x972d1a440_0 .var "mismatch_flag", 0 0;
v0x972d1a4e0_0 .var "ot_flag", 0 0;
v0x972d1a580_0 .var "ov_flag", 0 0;
v0x972d1a620_0 .var "ov_map", 15 0;
v0x972d1a6c0_0 .net "rst_n", 0 0, v0x972d26c60_0;  alias, 1 drivers
v0x972d1a760_0 .var "sensor_mismatch", 0 0;
v0x972d1a800_0 .net "temp", 11 0, v0x972d26940_0;  alias, 1 drivers
v0x972d1a8a0_0 .var "ut_flag", 0 0;
v0x972d1a940_0 .var "uv_flag", 0 0;
v0x972d1a9e0_0 .var "uv_map", 15 0;
v0x972d1aa80_0 .var "v_main", 15 0;
v0x972d1ab20_0 .var "v_red", 15 0;
S_0x97316ad00 .scope module, "u_iso" "bms_isolation_monitor" 6 86, 15 1 0, S_0x973169f80;
 .timescale 0 0;
    .port_info 0 /INPUT 1 "clk";
    .port_info 1 /INPUT 1 "rst_n";
    .port_info 2 /INPUT 16 "iso_resistance";
    .port_info 3 /OUTPUT 1 "iso_fault";
    .port_info 4 /OUTPUT 16 "iso_margin";
P_0x973139500 .param/l "ISO_LIM" 0 15 2, C4<0000000111110100>;
v0x972d1abc0_0 .net "clk", 0 0, v0x972d254a0_0;  alias, 1 drivers
v0x972d1ac60_0 .var "iso_fault", 0 0;
v0x972d1ad00_0 .var "iso_margin", 15 0;
v0x972d1ada0_0 .net "iso_resistance", 15 0, v0x972d26760_0;  alias, 1 drivers
v0x972d1ae40_0 .net "rst_n", 0 0, v0x972d26c60_0;  alias, 1 drivers
S_0x97316ae80 .scope module, "u_log" "bms_fault_logger" 6 161, 16 1 0, S_0x973169f80;
 .timescale 0 0;
    .port_info 0 /INPUT 1 "clk";
    .port_info 1 /INPUT 1 "rst_n";
    .port_info 2 /INPUT 1 "log_en";
    .port_info 3 /INPUT 8 "fault_code";
    .port_info 4 /INPUT 16 "timestamp";
    .port_info 5 /OUTPUT 4 "wr_ptr";
    .port_info 6 /OUTPUT 1 "overflow";
P_0x973139540 .param/l "DEPTH" 0 16 2, +C4<00000000000000000000000000010000>;
v0x972d1aee0_0 .net "clk", 0 0, v0x972d254a0_0;  alias, 1 drivers
v0x972d1af80_0 .net "fault_code", 7 0, v0x972d1a120_0;  alias, 1 drivers
v0x972d1b020 .array "fault_mem", 15 0, 23 0;
v0x972d1b0c0_0 .net "log_en", 0 0, L_0x9730758f0;  1 drivers
v0x972d1b160_0 .var "overflow", 0 0;
v0x972d1b200_0 .net "rst_n", 0 0, v0x972d26c60_0;  alias, 1 drivers
v0x972d1b2a0_0 .net "timestamp", 15 0, v0x972d1dd60_0;  1 drivers
v0x972d1b340_0 .var "wr_ptr", 3 0;
S_0x97316b000 .scope module, "u_pwr" "bms_power_mgmt" 6 135, 17 1 0, S_0x973169f80;
 .timescale 0 0;
    .port_info 0 /INPUT 1 "clk";
    .port_info 1 /INPUT 1 "rst_n";
    .port_info 2 /INPUT 1 "fault_condition";
    .port_info 3 /INPUT 1 "comm_active";
    .port_info 4 /INPUT 1 "adc_busy";
    .port_info 5 /OUTPUT 1 "logic_clk_en";
    .port_info 6 /OUTPUT 1 "sleep_mode";
v0x972d1b3e0_0 .net "adc_busy", 0 0, v0x972d16620_0;  alias, 1 drivers
v0x972d1b480_0 .net "clk", 0 0, v0x972d254a0_0;  alias, 1 drivers
v0x972d1b520_0 .net "comm_active", 0 0, L_0x9730752d0;  alias, 1 drivers
v0x972d1b5c0_0 .net "fault_condition", 0 0, v0x972d1a1c0_0;  alias, 1 drivers
v0x972d1b660_0 .var "logic_clk_en", 0 0;
v0x972d1b700_0 .net "rst_n", 0 0, v0x972d26c60_0;  alias, 1 drivers
v0x972d1b7a0_0 .var "sleep_mode", 0 0;
S_0x97316b180 .scope module, "u_soc_soh" "bms_soc_soh_engine" 6 110, 18 1 0, S_0x973169f80;
 .timescale 0 0;
    .port_info 0 /INPUT 1 "clk";
    .port_info 1 /INPUT 1 "rst_n";
    .port_info 2 /INPUT 1 "en";
    .port_info 3 /INPUT 16 "pack_i";
    .port_info 4 /INPUT 16 "pack_v_avg";
    .port_info 5 /INPUT 16 "charge_cycles";
    .port_info 6 /OUTPUT 16 "soc_out";
    .port_info 7 /OUTPUT 16 "soh_out";
P_0x973170180 .param/l "CURRENT_DEADBAND" 0 18 5, C4<0000000000001000>;
P_0x9731701c0 .param/l "CYCLE_AGING_STEP" 0 18 7, C4<0000000000100000>;
P_0x973170200 .param/l "NOMINAL_CAPACITY" 0 18 2, C4<00000000000000011000011010100000>;
P_0x973170240 .param/l "OCV_EMPTY" 0 18 4, C4<1000000000000000>;
P_0x973170280 .param/l "OCV_FULL" 0 18 3, C4<1100111001100110>;
P_0x9731702c0 .param/l "RELAX_COUNT_MAX" 0 18 6, C4<00000000000000011000011010100000>;
v0x972d1b840_0 .var "abs_pack_i", 15 0;
v0x972d1b8e0_0 .net "charge_cycles", 15 0, v0x972d26620_0;  alias, 1 drivers
v0x972d1b980_0 .net "clk", 0 0, v0x972d254a0_0;  alias, 1 drivers
v0x972d1ba20_0 .var/s "coulomb_acc", 31 0;
v0x972d1bac0_0 .var "cycle_loss", 31 0;
v0x972d1bb60_0 .net "en", 0 0, v0x972d1b660_0;  alias, 1 drivers
v0x972d1bc00_0 .var "ocv_soc", 15 0;
v0x972d1bca0_0 .net "pack_i", 15 0, v0x972d26800_0;  alias, 1 drivers
v0x972d1bd40_0 .net "pack_v_avg", 15 0, v0x972d268a0_0;  alias, 1 drivers
v0x972d1bde0_0 .var "relax_cnt", 31 0;
v0x972d1be80_0 .net "rst_n", 0 0, v0x972d26c60_0;  alias, 1 drivers
v0x972d1bf20_0 .var "soc_out", 15 0;
v0x972d1c000_0 .var "soh_calc", 31 0;
v0x972d1c0a0_0 .var "soh_out", 15 0;
S_0x97316b300 .scope module, "u_mcu" "bms_master_control_unit_enhanced" 4 94, 19 1 0, S_0x1051f21c0;
 .timescale 0 0;
    .port_info 0 /INPUT 1 "clk";
    .port_info 1 /INPUT 1 "rst_n";
    .port_info 2 /INPUT 1 "start_poll";
    .port_info 3 /INPUT 1 "spi_miso";
    .port_info 4 /INPUT 16 "pack_current";
    .port_info 5 /INPUT 12 "lmu0_temp_die";
    .port_info 6 /INPUT 12 "lmu1_temp_die";
    .port_info 7 /INPUT 12 "lmu2_temp_die";
    .port_info 8 /INPUT 16 "lmu0_soc";
    .port_info 9 /INPUT 16 "lmu1_soc";
    .port_info 10 /INPUT 16 "lmu2_soc";
    .port_info 11 /INPUT 16 "lmu0_soh";
    .port_info 12 /INPUT 16 "lmu1_soh";
    .port_info 13 /INPUT 16 "lmu2_soh";
    .port_info 14 /INPUT 1 "lmu0_fault";
    .port_info 15 /INPUT 1 "lmu1_fault";
    .port_info 16 /INPUT 1 "lmu2_fault";
    .port_info 17 /INPUT 8 "lmu0_fault_code";
    .port_info 18 /INPUT 8 "lmu1_fault_code";
    .port_info 19 /INPUT 8 "lmu2_fault_code";
    .port_info 20 /OUTPUT 1 "spi_sclk";
    .port_info 21 /OUTPUT 1 "spi_mosi";
    .port_info 22 /OUTPUT 3 "spi_cs_n";
    .port_info 23 /OUTPUT 16 "pack_soc_avg";
    .port_info 24 /OUTPUT 16 "pack_soh_avg";
    .port_info 25 /OUTPUT 1 "global_fault";
    .port_info 26 /OUTPUT 8 "global_fault_code";
    .port_info 27 /OUTPUT 2 "active_lmu_id";
    .port_info 28 /OUTPUT 1 "poll_busy";
    .port_info 29 /OUTPUT 1 "current_warn";
    .port_info 30 /OUTPUT 1 "current_trip";
    .port_info 31 /OUTPUT 1 "thermal_warn";
    .port_info 32 /OUTPUT 1 "thermal_trip";
    .port_info 33 /OUTPUT 1 "lmu_count_fault";
    .port_info 34 /OUTPUT 16 "allowed_current";
    .port_info 35 /OUTPUT 8 "supervisor_code";
    .port_info 36 /OUTPUT 12 "max_temp_seen";
P_0x9730f3480 .param/l "ST_EVAL" 1 19 55, C4<100>;
P_0x9730f34c0 .param/l "ST_IDLE" 1 19 51, C4<000>;
P_0x9730f3500 .param/l "ST_LMU0" 1 19 52, C4<001>;
P_0x9730f3540 .param/l "ST_LMU1" 1 19 53, C4<010>;
P_0x9730f3580 .param/l "ST_LMU2" 1 19 54, C4<011>;
L_0x9728785f8 .functor BUFT 1, C4<0011>, C4<0>, C4<0>, C4<0>;
v0x972d20320_0 .net "active_lmu_count", 3 0, L_0x9728785f8;  1 drivers
v0x972d203c0_0 .var "active_lmu_id", 1 0;
v0x972d20460_0 .net "allowed_current", 15 0, v0x972d1f0c0_0;  alias, 1 drivers
v0x972d20500_0 .net "clk", 0 0, v0x972d254a0_0;  alias, 1 drivers
v0x972d205a0_0 .net "current_trip", 0 0, v0x972d1f200_0;  alias, 1 drivers
v0x972d20640_0 .net "current_warn", 0 0, v0x972d1f2a0_0;  alias, 1 drivers
v0x972d206e0_0 .var "global_fault", 0 0;
v0x972d20780_0 .var "global_fault_code", 7 0;
v0x972d20820_0 .net "lmu0_fault", 0 0, v0x972d00dc0_0;  alias, 1 drivers
v0x972d208c0_0 .net "lmu0_fault_code", 7 0, v0x972d00d20_0;  alias, 1 drivers
v0x972d20960_0 .net "lmu0_soc", 15 0, v0x972d02b20_0;  alias, 1 drivers
v0x972d20a00_0 .net "lmu0_soh", 15 0, v0x972d02c60_0;  alias, 1 drivers
v0x972d20aa0_0 .net "lmu0_temp_die", 11 0, v0x972d25cc0_0;  alias, 1 drivers
v0x972d20b40_0 .net "lmu1_fault", 0 0, v0x972d117c0_0;  alias, 1 drivers
v0x972d20be0_0 .net "lmu1_fault_code", 7 0, v0x972d11720_0;  alias, 1 drivers
v0x972d20c80_0 .net "lmu1_soc", 15 0, v0x972d13520_0;  alias, 1 drivers
v0x972d20d20_0 .net "lmu1_soh", 15 0, v0x972d13660_0;  alias, 1 drivers
v0x972d20dc0_0 .net "lmu1_temp_die", 11 0, v0x972d26300_0;  alias, 1 drivers
v0x972d20e60_0 .net "lmu2_fault", 0 0, v0x972d1a1c0_0;  alias, 1 drivers
v0x972d20f00_0 .net "lmu2_fault_code", 7 0, v0x972d1a120_0;  alias, 1 drivers
v0x972d20fa0_0 .net "lmu2_soc", 15 0, v0x972d1bf20_0;  alias, 1 drivers
v0x972d21040_0 .net "lmu2_soh", 15 0, v0x972d1c0a0_0;  alias, 1 drivers
v0x972d210e0_0 .net "lmu2_temp_die", 11 0, v0x972d26940_0;  alias, 1 drivers
v0x972d21180_0 .net "lmu_count_fault", 0 0, v0x972d1f3e0_0;  alias, 1 drivers
v0x972d21220_0 .var "max_temp_seen", 11 0;
v0x972d212c0_0 .net "pack_current", 15 0, v0x972d269e0_0;  alias, 1 drivers
v0x972d21360_0 .var "pack_soc_avg", 15 0;
v0x972d21400_0 .var "pack_soh_avg", 15 0;
v0x972d214a0_0 .var "poll_busy", 0 0;
v0x972d21540_0 .net "rst_n", 0 0, v0x972d26c60_0;  alias, 1 drivers
v0x972d215e0_0 .net "spi_busy", 0 0, v0x972d1f8e0_0;  1 drivers
v0x972d21680_0 .net "spi_cs_n", 2 0, v0x972d1fac0_0;  alias, 1 drivers
v0x972d21720_0 .net "spi_done", 0 0, v0x972d1fb60_0;  1 drivers
v0x972d217c0_0 .net "spi_miso", 0 0, v0x972d26da0_0;  alias, 1 drivers
v0x972d21860_0 .net "spi_mosi", 0 0, v0x972d1fca0_0;  alias, 1 drivers
v0x972d21900_0 .net "spi_rx_byte", 7 0, v0x972d1fde0_0;  1 drivers
v0x972d219a0_0 .net "spi_sclk", 0 0, v0x972d1ff20_0;  alias, 1 drivers
v0x972d21a40_0 .var "spi_slave_sel", 1 0;
v0x972d21ae0_0 .var "spi_start", 0 0;
v0x972d21b80_0 .var "spi_tx_byte", 7 0;
v0x972d21c20_0 .net "start_poll", 0 0, v0x972d26f80_0;  alias, 1 drivers
v0x972d21cc0_0 .var "state", 2 0;
v0x972d21d60_0 .net "supervisor_code", 7 0, v0x972d1f660_0;  alias, 1 drivers
v0x972d21e00_0 .net "thermal_trip", 0 0, v0x972d1f700_0;  alias, 1 drivers
v0x972d21ea0_0 .net "thermal_warn", 0 0, v0x972d1f7a0_0;  alias, 1 drivers
S_0x97316b480 .scope module, "u_curr_sup" "bms_current_limit_supervisor" 19 62, 20 1 0, S_0x97316b300;
 .timescale 0 0;
    .port_info 0 /INPUT 1 "clk";
    .port_info 1 /INPUT 1 "rst_n";
    .port_info 2 /INPUT 16 "pack_current";
    .port_info 3 /INPUT 12 "max_temp_seen";
    .port_info 4 /INPUT 4 "active_lmu_count";
    .port_info 5 /INPUT 1 "global_fault_in";
    .port_info 6 /OUTPUT 1 "current_warn";
    .port_info 7 /OUTPUT 1 "current_trip";
    .port_info 8 /OUTPUT 1 "thermal_warn";
    .port_info 9 /OUTPUT 1 "thermal_trip";
    .port_info 10 /OUTPUT 1 "lmu_count_fault";
    .port_info 11 /OUTPUT 16 "allowed_current";
    .port_info 12 /OUTPUT 8 "supervisor_code";
P_0x9730f0a00 .param/l "MCU_MAX_LMU_COUNT" 0 20 6, C4<0011>;
P_0x9730f0a40 .param/l "MCU_MAX_PACK_CURRENT" 0 20 2, C4<0000000100101100>;
P_0x9730f0a80 .param/l "MCU_MAX_TEMP" 0 20 4, C4<000001010000>;
P_0x9730f0ac0 .param/l "MCU_WARN_PACK_CURRENT" 0 20 3, C4<0000000011110000>;
P_0x9730f0b00 .param/l "MCU_WARN_TEMP" 0 20 5, C4<000001000001>;
v0x972d1f020_0 .net "active_lmu_count", 3 0, L_0x9728785f8;  alias, 1 drivers
v0x972d1f0c0_0 .var "allowed_current", 15 0;
v0x972d1f160_0 .net "clk", 0 0, v0x972d254a0_0;  alias, 1 drivers
v0x972d1f200_0 .var "current_trip", 0 0;
v0x972d1f2a0_0 .var "current_warn", 0 0;
v0x972d1f340_0 .net "global_fault_in", 0 0, v0x972d206e0_0;  alias, 1 drivers
v0x972d1f3e0_0 .var "lmu_count_fault", 0 0;
v0x972d1f480_0 .net "max_temp_seen", 11 0, v0x972d21220_0;  alias, 1 drivers
v0x972d1f520_0 .net "pack_current", 15 0, v0x972d269e0_0;  alias, 1 drivers
v0x972d1f5c0_0 .net "rst_n", 0 0, v0x972d26c60_0;  alias, 1 drivers
v0x972d1f660_0 .var "supervisor_code", 7 0;
v0x972d1f700_0 .var "thermal_trip", 0 0;
v0x972d1f7a0_0 .var "thermal_warn", 0 0;
S_0x97316b600 .scope module, "u_spi_master" "bms_spi_master" 19 57, 21 1 0, S_0x97316b300;
 .timescale 0 0;
    .port_info 0 /INPUT 1 "clk";
    .port_info 1 /INPUT 1 "rst_n";
    .port_info 2 /INPUT 1 "start";
    .port_info 3 /INPUT 2 "slave_sel";
    .port_info 4 /INPUT 8 "tx_byte";
    .port_info 5 /INPUT 1 "miso";
    .port_info 6 /OUTPUT 1 "busy";
    .port_info 7 /OUTPUT 1 "done";
    .port_info 8 /OUTPUT 8 "rx_byte";
    .port_info 9 /OUTPUT 1 "sclk";
    .port_info 10 /OUTPUT 1 "mosi";
    .port_info 11 /OUTPUT 3 "cs_n";
P_0x973170300 .param/l "CLK_DIV" 0 21 2, C4<00001000>;
P_0x973170340 .param/l "CPHA" 0 21 4, C4<00>;
P_0x973170380 .param/l "CPOL" 0 21 3, C4<00>;
P_0x9731703c0 .param/l "ST_DONE" 1 21 27, C4<10>;
P_0x973170400 .param/l "ST_IDLE" 1 21 25, C4<00>;
P_0x973170440 .param/l "ST_SHIFT" 1 21 26, C4<01>;
v0x972d1f840_0 .var "bit_cnt", 3 0;
v0x972d1f8e0_0 .var "busy", 0 0;
v0x972d1f980_0 .net "clk", 0 0, v0x972d254a0_0;  alias, 1 drivers
v0x972d1fa20_0 .var "clk_cnt", 7 0;
v0x972d1fac0_0 .var "cs_n", 2 0;
v0x972d1fb60_0 .var "done", 0 0;
v0x972d1fc00_0 .net "miso", 0 0, v0x972d26da0_0;  alias, 1 drivers
v0x972d1fca0_0 .var "mosi", 0 0;
v0x972d1fd40_0 .net "rst_n", 0 0, v0x972d26c60_0;  alias, 1 drivers
v0x972d1fde0_0 .var "rx_byte", 7 0;
v0x972d1fe80_0 .var "rx_shift", 7 0;
v0x972d1ff20_0 .var "sclk", 0 0;
v0x972d20000_0 .net "slave_sel", 1 0, v0x972d21a40_0;  1 drivers
v0x972d200a0_0 .net "start", 0 0, v0x972d21ae0_0;  1 drivers
v0x972d20140_0 .var "state", 1 0;
v0x972d201e0_0 .net "tx_byte", 7 0, v0x972d21b80_0;  1 drivers
v0x972d20280_0 .var "tx_shift", 7 0;
S_0x97316b780 .scope task, "pulse_lmu_adc" "pulse_lmu_adc" 3 53, 3 53 0, S_0x1051ec970;
 .timescale -9 -9;
v0x972d25360_0 .var "start_sig", 0 0;
v0x972d25400_0 .var "valid_sig", 0 0;
E_0x972cf8f80 .event posedge, v0x972ccfa20_0;
TD_tb_bms_system_3lmu_top_enhanced.pulse_lmu_adc ;
    %pushi/vec4 1, 0, 1;
    %store/vec4 v0x972d25360_0, 0, 1;
    %pushi/vec4 1, 0, 1;
    %store/vec4 v0x972d25400_0, 0, 1;
    %wait E_0x972cf8f80;
    %pushi/vec4 0, 0, 1;
    %store/vec4 v0x972d25360_0, 0, 1;
    %pushi/vec4 0, 0, 1;
    %store/vec4 v0x972d25400_0, 0, 1;
    %end;
    .scope S_0x1051f65b0;
T_2 ;
    %wait E_0x972cf8d00;
    %load/vec4 v0x972ccf7a0_0;
    %nor/r;
    %flag_set/vec4 8;
    %jmp/0xz  T_2.0, 8;
    %pushi/vec4 0, 0, 1;
    %assign/vec4 v0x972ccfc00_0, 0;
    %pushi/vec4 0, 0, 5;
    %assign/vec4 v0x972ccf840_0, 0;
    %pushi/vec4 0, 0, 256;
    %assign/vec4 v0x972ccfe80_0, 0;
    %pushi/vec4 0, 0, 256;
    %assign/vec4 v0x972ccf980_0, 0;
    %pushi/vec4 0, 0, 1;
    %assign/vec4 v0x972ccf700_0, 0;
    %pushi/vec4 0, 0, 1;
    %assign/vec4 v0x972ccfde0_0, 0;
    %jmp T_2.1;
T_2.0 ;
    %pushi/vec4 0, 0, 1;
    %assign/vec4 v0x972ccf700_0, 0;
    %load/vec4 v0x972ccf8e0_0;
    %flag_set/vec4 9;
    %flag_get/vec4 9;
    %jmp/0 T_2.4, 9;
    %load/vec4 v0x972ccfc00_0;
    %nor/r;
    %and;
T_2.4;
    %flag_set/vec4 8;
    %jmp/0xz  T_2.2, 8;
    %pushi/vec4 1, 0, 1;
    %assign/vec4 v0x972ccfc00_0, 0;
    %pushi/vec4 0, 0, 5;
    %assign/vec4 v0x972ccf840_0, 0;
    %pushi/vec4 0, 0, 1;
    %assign/vec4 v0x972ccfde0_0, 0;
    %jmp T_2.3;
T_2.2 ;
    %load/vec4 v0x972ccfc00_0;
    %flag_set/vec4 9;
    %flag_get/vec4 9;
    %jmp/0 T_2.7, 9;
    %load/vec4 v0x972ccfd40_0;
    %and;
T_2.7;
    %flag_set/vec4 8;
    %jmp/0xz  T_2.5, 8;
    %load/vec4 v0x972ccfde0_0;
    %nor/r;
    %flag_set/vec4 8;
    %jmp/0xz  T_2.8, 8;
    %load/vec4 v0x972ccfca0_0;
    %ix/load 5, 0, 0;
    %load/vec4 v0x972ccf840_0;
    %pad/u 32;
    %muli 16, 0, 32;
    %ix/vec4 4;
    %assign/vec4/off/d v0x972ccfe80_0, 4, 5;
    %jmp T_2.9;
T_2.8 ;
    %load/vec4 v0x972ccfca0_0;
    %ix/load 5, 0, 0;
    %load/vec4 v0x972ccf840_0;
    %pad/u 32;
    %muli 16, 0, 32;
    %ix/vec4 4;
    %assign/vec4/off/d v0x972ccf980_0, 4, 5;
T_2.9 ;
    %load/vec4 v0x972ccf840_0;
    %pad/u 32;
    %cmpi/e 15, 0, 32;
    %jmp/0xz  T_2.10, 4;
    %load/vec4 v0x972ccfde0_0;
    %nor/r;
    %flag_set/vec4 8;
    %jmp/0xz  T_2.12, 8;
    %pushi/vec4 0, 0, 5;
    %assign/vec4 v0x972ccf840_0, 0;
    %pushi/vec4 1, 0, 1;
    %assign/vec4 v0x972ccfde0_0, 0;
    %jmp T_2.13;
T_2.12 ;
    %pushi/vec4 0, 0, 1;
    %assign/vec4 v0x972ccfc00_0, 0;
    %pushi/vec4 1, 0, 1;
    %assign/vec4 v0x972ccf700_0, 0;
T_2.13 ;
    %jmp T_2.11;
T_2.10 ;
    %load/vec4 v0x972ccf840_0;
    %addi 1, 0, 5;
    %assign/vec4 v0x972ccf840_0, 0;
T_2.11 ;
T_2.5 ;
T_2.3 ;
T_2.1 ;
    %jmp T_2;
    .thread T_2;
    .scope S_0x973168000;
T_3 ;
    %wait E_0x972cf8d00;
    %load/vec4 v0x972d00960_0;
    %nor/r;
    %flag_set/vec4 8;
    %jmp/0xz  T_3.0, 8;
    %pushi/vec4 0, 0, 4;
    %assign/vec4 v0x972d008c0_0, 0;
    %pushi/vec4 0, 0, 1;
    %assign/vec4 v0x972d00780_0, 0;
    %jmp T_3.1;
T_3.0 ;
    %load/vec4 v0x972d008c0_0;
    %parti/s 3, 0, 2;
    %load/vec4 v0x972d00820_0;
    %concat/vec4; draw_concat_vec4
    %assign/vec4 v0x972d008c0_0, 0;
    %load/vec4 v0x972d008c0_0;
    %and/r;
    %assign/vec4 v0x972d00780_0, 0;
T_3.1 ;
    %jmp T_3;
    .thread T_3;
    .scope S_0x973168300;
T_4 ;
    %wait E_0x972cf8d00;
    %load/vec4 v0x972d01a40_0;
    %nor/r;
    %flag_set/vec4 8;
    %jmp/0xz  T_4.0, 8;
    %pushi/vec4 0, 0, 1;
    %assign/vec4 v0x972d01860_0, 0;
    %pushi/vec4 0, 0, 16;
    %assign/vec4 v0x972d01900_0, 0;
    %jmp T_4.1;
T_4.0 ;
    %load/vec4 v0x972d019a0_0;
    %cmpi/u 500, 0, 16;
    %flag_get/vec4 5;
    %assign/vec4 v0x972d01860_0, 0;
    %load/vec4 v0x972d019a0_0;
    %cmpi/u 500, 0, 16;
    %jmp/0xz  T_4.2, 5;
    %pushi/vec4 0, 0, 16;
    %assign/vec4 v0x972d01900_0, 0;
    %jmp T_4.3;
T_4.2 ;
    %load/vec4 v0x972d019a0_0;
    %subi 500, 0, 16;
    %assign/vec4 v0x972d01900_0, 0;
T_4.3 ;
T_4.1 ;
    %jmp T_4;
    .thread T_4;
    .scope S_0x973168180;
T_5 ;
    %wait E_0x972cf8d00;
    %load/vec4 v0x972d012c0_0;
    %nor/r;
    %flag_set/vec4 8;
    %jmp/0xz  T_5.0, 8;
    %pushi/vec4 0, 0, 1;
    %assign/vec4 v0x972d00dc0_0, 0;
    %pushi/vec4 0, 0, 8;
    %assign/vec4 v0x972d00d20_0, 0;
    %pushi/vec4 0, 0, 16;
    %assign/vec4 v0x972d01220_0, 0;
    %pushi/vec4 0, 0, 16;
    %assign/vec4 v0x972d015e0_0, 0;
    %pushi/vec4 0, 0, 1;
    %assign/vec4 v0x972d01360_0, 0;
    %pushi/vec4 0, 0, 4;
    %assign/vec4 v0x972d00fa0_0, 0;
    %jmp T_5.1;
T_5.0 ;
    %load/vec4 v0x972d00c80_0;
    %nor/r;
    %flag_set/vec4 8;
    %jmp/0xz  T_5.2, 8;
    %pushi/vec4 0, 0, 1;
    %assign/vec4 v0x972d00dc0_0, 0;
    %pushi/vec4 0, 0, 8;
    %assign/vec4 v0x972d00d20_0, 0;
    %pushi/vec4 0, 0, 16;
    %assign/vec4 v0x972d01220_0, 0;
    %pushi/vec4 0, 0, 16;
    %assign/vec4 v0x972d015e0_0, 0;
    %pushi/vec4 0, 0, 1;
    %assign/vec4 v0x972d01360_0, 0;
    %pushi/vec4 0, 0, 4;
    %assign/vec4 v0x972d00fa0_0, 0;
    %jmp T_5.3;
T_5.2 ;
    %pushi/vec4 0, 0, 1;
    %store/vec4 v0x972d01180_0, 0, 1;
    %pushi/vec4 0, 0, 1;
    %store/vec4 v0x972d01540_0, 0, 1;
    %pushi/vec4 900, 0, 12;
    %load/vec4 v0x972d01400_0;
    %cmp/u;
    %flag_get/vec4 5;
    %store/vec4 v0x972d010e0_0, 0, 1;
    %load/vec4 v0x972d01400_0;
    %cmpi/u 40, 0, 12;
    %flag_get/vec4 5;
    %store/vec4 v0x972d014a0_0, 0, 1;
    %pushi/vec4 0, 0, 1;
    %store/vec4 v0x972d01040_0, 0, 1;
    %pushi/vec4 0, 0, 32;
    %store/vec4 v0x972d00e60_0, 0, 32;
T_5.4 ; Top of for-loop
    %load/vec4 v0x972d00e60_0;
    %cmpi/s 16, 0, 32;
	  %jmp/0xz T_5.5, 5;
    %load/vec4 v0x972d00a00_0;
    %load/vec4 v0x972d00e60_0;
    %muli 16, 0, 32;
    %part/s 16;
    %store/vec4 v0x972d01680_0, 0, 16;
    %load/vec4 v0x972d00aa0_0;
    %load/vec4 v0x972d00e60_0;
    %muli 16, 0, 32;
    %part/s 16;
    %store/vec4 v0x972d01720_0, 0, 16;
    %pushi/vec4 52838, 0, 16;
    %load/vec4 v0x972d01680_0;
    %cmp/u;
    %flag_get/vec4 5;
    %ix/getv/s 4, v0x972d00e60_0;
    %store/vec4 v0x972d01220_0, 4, 1;
    %load/vec4 v0x972d01680_0;
    %cmpi/u 32768, 0, 16;
    %flag_get/vec4 5;
    %ix/getv/s 4, v0x972d00e60_0;
    %store/vec4 v0x972d015e0_0, 4, 1;
    %load/vec4 v0x972d01680_0;
    %cmpi/u 52838, 0, 16;
    %flag_or 5, 4; GT is !LE
    %flag_inv 5;
    %jmp/0xz  T_5.7, 5;
    %pushi/vec4 1, 0, 1;
    %store/vec4 v0x972d01180_0, 0, 1;
T_5.7 ;
    %load/vec4 v0x972d01680_0;
    %cmpi/u 32768, 0, 16;
    %jmp/0xz  T_5.9, 5;
    %pushi/vec4 1, 0, 1;
    %store/vec4 v0x972d01540_0, 0, 1;
T_5.9 ;
    %load/vec4 v0x972d01720_0;
    %load/vec4 v0x972d01680_0;
    %cmp/u;
    %flag_or 5, 4;
    %flag_get/vec4 5;
    %jmp/0 T_5.14, 5;
    %pushi/vec4 32, 0, 16;
    %load/vec4 v0x972d01680_0;
    %load/vec4 v0x972d01720_0;
    %sub;
    %cmp/u;
    %flag_get/vec4 5;
    %and;
T_5.14;
    %flag_set/vec4 8;
    %jmp/1 T_5.13, 8;
    %load/vec4 v0x972d01680_0;
    %load/vec4 v0x972d01720_0;
    %cmp/u;
    %flag_get/vec4 5;
    %jmp/0 T_5.15, 5;
    %pushi/vec4 32, 0, 16;
    %load/vec4 v0x972d01720_0;
    %load/vec4 v0x972d01680_0;
    %sub;
    %cmp/u;
    %flag_get/vec4 5;
    %and;
T_5.15;
    %flag_set/vec4 9;
    %flag_or 8, 9;
T_5.13;
    %jmp/0xz  T_5.11, 8;
    %pushi/vec4 1, 0, 1;
    %store/vec4 v0x972d01040_0, 0, 1;
T_5.11 ;
T_5.6 ; for-loop step statement
    %load/vec4 v0x972d00e60_0;
    %addi 1, 0, 32;
    %store/vec4 v0x972d00e60_0, 0, 32;
    %jmp T_5.4;
T_5.5 ; for-loop exit label
    %load/vec4 v0x972d01040_0;
    %flag_set/vec4 8;
    %jmp/0xz  T_5.16, 8;
    %load/vec4 v0x972d00fa0_0;
    %cmpi/u 4, 0, 4;
    %jmp/0xz  T_5.18, 5;
    %load/vec4 v0x972d00fa0_0;
    %addi 1, 0, 4;
    %assign/vec4 v0x972d00fa0_0, 0;
T_5.18 ;
    %jmp T_5.17;
T_5.16 ;
    %pushi/vec4 0, 0, 4;
    %assign/vec4 v0x972d00fa0_0, 0;
T_5.17 ;
    %load/vec4 v0x972d00fa0_0;
    %cmpi/u 3, 0, 4;
    %flag_inv 5; GE is !LT
    %jmp/0xz  T_5.20, 5;
    %pushi/vec4 1, 0, 1;
    %assign/vec4 v0x972d01360_0, 0;
    %jmp T_5.21;
T_5.20 ;
    %pushi/vec4 0, 0, 1;
    %assign/vec4 v0x972d01360_0, 0;
T_5.21 ;
    %load/vec4 v0x972d01180_0;
    %load/vec4 v0x972d01540_0;
    %or;
    %load/vec4 v0x972d010e0_0;
    %or;
    %load/vec4 v0x972d014a0_0;
    %or;
    %load/vec4 v0x972d00f00_0;
    %or;
    %load/vec4 v0x972d00be0_0;
    %or;
    %load/vec4 v0x972d01360_0;
    %or;
    %assign/vec4 v0x972d00dc0_0, 0;
    %load/vec4 v0x972d01180_0;
    %flag_set/vec4 8;
    %jmp/0xz  T_5.22, 8;
    %pushi/vec4 1, 0, 8;
    %assign/vec4 v0x972d00d20_0, 0;
    %jmp T_5.23;
T_5.22 ;
    %load/vec4 v0x972d01540_0;
    %flag_set/vec4 8;
    %jmp/0xz  T_5.24, 8;
    %pushi/vec4 2, 0, 8;
    %assign/vec4 v0x972d00d20_0, 0;
    %jmp T_5.25;
T_5.24 ;
    %load/vec4 v0x972d010e0_0;
    %flag_set/vec4 8;
    %jmp/0xz  T_5.26, 8;
    %pushi/vec4 3, 0, 8;
    %assign/vec4 v0x972d00d20_0, 0;
    %jmp T_5.27;
T_5.26 ;
    %load/vec4 v0x972d014a0_0;
    %flag_set/vec4 8;
    %jmp/0xz  T_5.28, 8;
    %pushi/vec4 4, 0, 8;
    %assign/vec4 v0x972d00d20_0, 0;
    %jmp T_5.29;
T_5.28 ;
    %load/vec4 v0x972d00f00_0;
    %flag_set/vec4 8;
    %jmp/0xz  T_5.30, 8;
    %pushi/vec4 5, 0, 8;
    %assign/vec4 v0x972d00d20_0, 0;
    %jmp T_5.31;
T_5.30 ;
    %load/vec4 v0x972d00be0_0;
    %flag_set/vec4 8;
    %jmp/0xz  T_5.32, 8;
    %pushi/vec4 6, 0, 8;
    %assign/vec4 v0x972d00d20_0, 0;
    %jmp T_5.33;
T_5.32 ;
    %load/vec4 v0x972d01360_0;
    %flag_set/vec4 8;
    %jmp/0xz  T_5.34, 8;
    %pushi/vec4 7, 0, 8;
    %assign/vec4 v0x972d00d20_0, 0;
    %jmp T_5.35;
T_5.34 ;
    %pushi/vec4 0, 0, 8;
    %assign/vec4 v0x972d00d20_0, 0;
T_5.35 ;
T_5.33 ;
T_5.31 ;
T_5.29 ;
T_5.27 ;
T_5.25 ;
T_5.23 ;
T_5.3 ;
T_5.1 ;
    %jmp T_5;
    .thread T_5;
    .scope S_0x973168780;
T_6 ;
    %wait E_0x972cf8d00;
    %load/vec4 v0x972d02a80_0;
    %nor/r;
    %flag_set/vec4 8;
    %jmp/0xz  T_6.0, 8;
    %pushi/vec4 214748364, 0, 32;
    %assign/vec4 v0x972d02620_0, 0;
    %pushi/vec4 0, 0, 32;
    %assign/vec4 v0x972d029e0_0, 0;
    %pushi/vec4 32768, 0, 16;
    %assign/vec4 v0x972d02b20_0, 0;
    %pushi/vec4 65535, 0, 16;
    %assign/vec4 v0x972d02c60_0, 0;
    %pushi/vec4 32768, 0, 16;
    %assign/vec4 v0x972d02800_0, 0;
    %pushi/vec4 100000, 0, 32;
    %assign/vec4 v0x972d02bc0_0, 0;
    %pushi/vec4 0, 0, 16;
    %assign/vec4 v0x972d02440_0, 0;
    %pushi/vec4 0, 0, 32;
    %assign/vec4 v0x972d026c0_0, 0;
    %jmp T_6.1;
T_6.0 ;
    %load/vec4 v0x972d02760_0;
    %flag_set/vec4 8;
    %jmp/0xz  T_6.2, 8;
    %load/vec4 v0x972d028a0_0;
    %parti/s 1, 15, 5;
    %flag_set/vec4 8;
    %jmp/0xz  T_6.4, 8;
    %load/vec4 v0x972d028a0_0;
    %inv;
    %addi 1, 0, 16;
    %assign/vec4 v0x972d02440_0, 0;
    %jmp T_6.5;
T_6.4 ;
    %load/vec4 v0x972d028a0_0;
    %assign/vec4 v0x972d02440_0, 0;
T_6.5 ;
    %load/vec4 v0x972d02620_0;
    %load/vec4 v0x972d028a0_0;
    %parti/s 1, 15, 5;
    %replicate 16;
    %load/vec4 v0x972d028a0_0;
    %concat/vec4; draw_concat_vec4
    %add;
    %assign/vec4 v0x972d02620_0, 0;
    %load/vec4 v0x972d02440_0;
    %cmpi/u 8, 0, 16;
    %flag_or 5, 4;
    %jmp/0xz  T_6.6, 5;
    %load/vec4 v0x972d029e0_0;
    %cmpi/u 100000, 0, 32;
    %jmp/0xz  T_6.8, 5;
    %load/vec4 v0x972d029e0_0;
    %addi 1, 0, 32;
    %assign/vec4 v0x972d029e0_0, 0;
T_6.8 ;
    %jmp T_6.7;
T_6.6 ;
    %pushi/vec4 0, 0, 32;
    %assign/vec4 v0x972d029e0_0, 0;
T_6.7 ;
    %load/vec4 v0x972d02940_0;
    %cmpi/u 32768, 0, 16;
    %flag_or 5, 4;
    %jmp/0xz  T_6.10, 5;
    %pushi/vec4 0, 0, 16;
    %assign/vec4 v0x972d02800_0, 0;
    %jmp T_6.11;
T_6.10 ;
    %load/vec4 v0x972d02940_0;
    %cmpi/u 52838, 0, 16;
    %flag_inv 5; GE is !LT
    %jmp/0xz  T_6.12, 5;
    %pushi/vec4 65535, 0, 16;
    %assign/vec4 v0x972d02800_0, 0;
    %jmp T_6.13;
T_6.12 ;
    %load/vec4 v0x972d02940_0;
    %subi 32768, 0, 16;
    %muli 65535, 0, 16;
    %pushi/vec4 20070, 0, 16;
    %div;
    %assign/vec4 v0x972d02800_0, 0;
T_6.13 ;
T_6.11 ;
    %load/vec4 v0x972d029e0_0;
    %cmpi/u 100000, 0, 32;
    %flag_inv 5; GE is !LT
    %jmp/0xz  T_6.14, 5;
    %load/vec4 v0x972d02b20_0;
    %ix/load 4, 1, 0;
    %flag_set/imm 4, 0;
    %shiftr 4;
    %load/vec4 v0x972d02800_0;
    %ix/load 4, 1, 0;
    %flag_set/imm 4, 0;
    %shiftr 4;
    %add;
    %assign/vec4 v0x972d02b20_0, 0;
    %jmp T_6.15;
T_6.14 ;
    %load/vec4 v0x972d02620_0;
    %parti/s 16, 15, 5;
    %assign/vec4 v0x972d02b20_0, 0;
T_6.15 ;
    %load/vec4 v0x972d024e0_0;
    %pad/u 32;
    %muli 32, 0, 32;
    %store/vec4 v0x972d026c0_0, 0, 32;
    %load/vec4 v0x972d026c0_0;
    %cmpi/u 50000, 0, 32;
    %flag_inv 5; GE is !LT
    %jmp/0xz  T_6.16, 5;
    %pushi/vec4 50000, 0, 32;
    %assign/vec4 v0x972d02bc0_0, 0;
    %jmp T_6.17;
T_6.16 ;
    %pushi/vec4 100000, 0, 32;
    %load/vec4 v0x972d026c0_0;
    %sub;
    %assign/vec4 v0x972d02bc0_0, 0;
T_6.17 ;
    %load/vec4 v0x972d02bc0_0;
    %muli 65535, 0, 32;
    %pushi/vec4 100000, 0, 32;
    %div;
    %pad/u 16;
    %assign/vec4 v0x972d02c60_0, 0;
T_6.2 ;
T_6.1 ;
    %jmp T_6;
    .thread T_6;
    .scope S_0x1051f5fc0;
T_7 ;
    %wait E_0x972cf8d00;
    %load/vec4 v0x972ccf0c0_0;
    %nor/r;
    %flag_set/vec4 8;
    %jmp/0xz  T_7.0, 8;
    %pushi/vec4 0, 0, 16;
    %assign/vec4 v0x972ccf520_0, 0;
    %pushi/vec4 0, 0, 16;
    %assign/vec4 v0x972ccf480_0, 0;
    %pushi/vec4 0, 0, 16;
    %assign/vec4 v0x972cceb20_0, 0;
    %pushi/vec4 0, 0, 1;
    %assign/vec4 v0x972ccf5c0_0, 0;
    %pushi/vec4 0, 0, 4;
    %assign/vec4 v0x972cce580_0, 0;
    %pushi/vec4 0, 0, 4;
    %assign/vec4 v0x972cce3a0_0, 0;
    %pushi/vec4 0, 0, 32;
    %assign/vec4 v0x972ccf340_0, 0;
    %pushi/vec4 0, 0, 1;
    %assign/vec4 v0x972ccf020_0, 0;
    %jmp T_7.1;
T_7.0 ;
    %load/vec4 v0x972ccf3e0_0;
    %nor/r;
    %flag_set/vec4 8;
    %jmp/0xz  T_7.2, 8;
    %pushi/vec4 0, 0, 16;
    %assign/vec4 v0x972ccf520_0, 0;
    %pushi/vec4 0, 0, 16;
    %assign/vec4 v0x972ccf480_0, 0;
    %pushi/vec4 0, 0, 16;
    %assign/vec4 v0x972cceb20_0, 0;
    %pushi/vec4 0, 0, 1;
    %assign/vec4 v0x972ccf5c0_0, 0;
    %pushi/vec4 0, 0, 32;
    %assign/vec4 v0x972ccf340_0, 0;
    %pushi/vec4 0, 0, 1;
    %assign/vec4 v0x972ccf020_0, 0;
    %jmp T_7.3;
T_7.2 ;
    %pushi/vec4 0, 0, 16;
    %store/vec4 v0x972ccebc0_0, 0, 16;
    %pushi/vec4 65535, 0, 16;
    %store/vec4 v0x972cce440_0, 0, 16;
    %pushi/vec4 0, 0, 4;
    %store/vec4 v0x972cce4e0_0, 0, 4;
    %pushi/vec4 0, 0, 4;
    %store/vec4 v0x972cce6c0_0, 0, 4;
    %pushi/vec4 0, 0, 1;
    %store/vec4 v0x972cce940_0, 0, 1;
    %pushi/vec4 0, 0, 16;
    %store/vec4 v0x972cce260_0, 0, 16;
    %pushi/vec4 0, 0, 16;
    %store/vec4 v0x972cce8a0_0, 0, 16;
    %pushi/vec4 0, 0, 32;
    %store/vec4 v0x972cce620_0, 0, 32;
T_7.4 ; Top of for-loop
    %load/vec4 v0x972cce620_0;
    %cmpi/s 16, 0, 32;
	  %jmp/0xz T_7.5, 5;
    %load/vec4 v0x972cce800_0;
    %load/vec4 v0x972cce620_0;
    %muli 16, 0, 32;
    %part/s 16;
    %store/vec4 v0x972cce9e0_0, 0, 16;
    %load/vec4 v0x972ccebc0_0;
    %load/vec4 v0x972cce9e0_0;
    %cmp/u;
    %jmp/0xz  T_7.7, 5;
    %load/vec4 v0x972cce9e0_0;
    %store/vec4 v0x972ccebc0_0, 0, 16;
    %load/vec4 v0x972cce620_0;
    %parti/s 4, 0, 2;
    %store/vec4 v0x972cce4e0_0, 0, 4;
T_7.7 ;
    %load/vec4 v0x972cce9e0_0;
    %load/vec4 v0x972cce440_0;
    %cmp/u;
    %jmp/0xz  T_7.9, 5;
    %load/vec4 v0x972cce9e0_0;
    %store/vec4 v0x972cce440_0, 0, 16;
    %load/vec4 v0x972cce620_0;
    %parti/s 4, 0, 2;
    %store/vec4 v0x972cce6c0_0, 0, 4;
T_7.9 ;
T_7.6 ; for-loop step statement
    %load/vec4 v0x972cce620_0;
    %addi 1, 0, 32;
    %store/vec4 v0x972cce620_0, 0, 32;
    %jmp T_7.4;
T_7.5 ; for-loop exit label
    %load/vec4 v0x972cce4e0_0;
    %assign/vec4 v0x972cce580_0, 0;
    %load/vec4 v0x972cce6c0_0;
    %assign/vec4 v0x972cce3a0_0, 0;
    %load/vec4 v0x972ccf660_0;
    %load/vec4 v0x972cce4e0_0;
    %pad/u 32;
    %muli 12, 0, 32;
    %part/u 12;
    %store/vec4 v0x972cce760_0, 0, 12;
    %load/vec4 v0x972cce760_0;
    %cmpi/u 880, 0, 12;
    %flag_inv 5; GE is !LT
    %jmp/0xz  T_7.11, 5;
    %pushi/vec4 1, 0, 1;
    %store/vec4 v0x972cce940_0, 0, 1;
T_7.11 ;
    %pushi/vec4 1, 0, 1;
    %ix/getv 4, v0x972cce4e0_0;
    %store/vec4 v0x972cce260_0, 4, 1;
    %pushi/vec4 1, 0, 1;
    %ix/getv 4, v0x972cce6c0_0;
    %store/vec4 v0x972cce8a0_0, 4, 1;
    %load/vec4 v0x972ccebc0_0;
    %load/vec4 v0x972cce440_0;
    %sub;
    %cmpi/u 50, 0, 16;
    %flag_or 5, 4; GT is !LE
    %flag_inv 5;
    %jmp/0xz  T_7.13, 5;
    %pushi/vec4 1, 0, 1;
    %assign/vec4 v0x972ccf5c0_0, 0;
    %load/vec4 v0x972ccf020_0;
    %cmpi/e 0, 0, 1;
    %jmp/0xz  T_7.15, 4;
    %pushi/vec4 0, 0, 16;
    %assign/vec4 v0x972ccf520_0, 0;
    %pushi/vec4 0, 0, 16;
    %assign/vec4 v0x972ccf480_0, 0;
    %pushi/vec4 0, 0, 16;
    %assign/vec4 v0x972cceb20_0, 0;
    %load/vec4 v0x972ccf340_0;
    %cmpi/u 9999, 0, 32;
    %flag_inv 5; GE is !LT
    %jmp/0xz  T_7.17, 5;
    %pushi/vec4 0, 0, 32;
    %assign/vec4 v0x972ccf340_0, 0;
    %pushi/vec4 1, 0, 1;
    %assign/vec4 v0x972ccf020_0, 0;
    %jmp T_7.18;
T_7.17 ;
    %load/vec4 v0x972ccf340_0;
    %addi 1, 0, 32;
    %assign/vec4 v0x972ccf340_0, 0;
T_7.18 ;
    %jmp T_7.16;
T_7.15 ;
    %load/vec4 v0x972cce940_0;
    %flag_set/vec4 8;
    %jmp/0xz  T_7.19, 8;
    %pushi/vec4 0, 0, 16;
    %assign/vec4 v0x972ccf520_0, 0;
    %pushi/vec4 0, 0, 16;
    %assign/vec4 v0x972ccf480_0, 0;
    %pushi/vec4 0, 0, 16;
    %assign/vec4 v0x972cceb20_0, 0;
    %jmp T_7.20;
T_7.19 ;
    %load/vec4 v0x972cce260_0;
    %assign/vec4 v0x972ccf520_0, 0;
    %load/vec4 v0x972cce8a0_0;
    %assign/vec4 v0x972ccf480_0, 0;
    %pushi/vec4 0, 0, 16;
    %assign/vec4 v0x972cceb20_0, 0;
T_7.20 ;
    %load/vec4 v0x972ccf340_0;
    %cmpi/u 49999, 0, 32;
    %flag_inv 5; GE is !LT
    %jmp/0xz  T_7.21, 5;
    %pushi/vec4 0, 0, 32;
    %assign/vec4 v0x972ccf340_0, 0;
    %pushi/vec4 0, 0, 1;
    %assign/vec4 v0x972ccf020_0, 0;
    %jmp T_7.22;
T_7.21 ;
    %load/vec4 v0x972ccf340_0;
    %addi 1, 0, 32;
    %assign/vec4 v0x972ccf340_0, 0;
T_7.22 ;
T_7.16 ;
    %jmp T_7.14;
T_7.13 ;
    %load/vec4 v0x972ccebc0_0;
    %cmpi/u 50000, 0, 16;
    %flag_or 5, 4; GT is !LE
    %flag_inv 5;
    %jmp/0xz  T_7.23, 5;
    %pushi/vec4 0, 0, 1;
    %assign/vec4 v0x972ccf5c0_0, 0;
    %pushi/vec4 0, 0, 16;
    %assign/vec4 v0x972ccf520_0, 0;
    %pushi/vec4 0, 0, 16;
    %assign/vec4 v0x972ccf480_0, 0;
    %pushi/vec4 65535, 0, 16;
    %assign/vec4 v0x972cceb20_0, 0;
    %pushi/vec4 0, 0, 32;
    %assign/vec4 v0x972ccf340_0, 0;
    %pushi/vec4 0, 0, 1;
    %assign/vec4 v0x972ccf020_0, 0;
    %jmp T_7.24;
T_7.23 ;
    %pushi/vec4 0, 0, 1;
    %assign/vec4 v0x972ccf5c0_0, 0;
    %pushi/vec4 0, 0, 16;
    %assign/vec4 v0x972ccf520_0, 0;
    %pushi/vec4 0, 0, 16;
    %assign/vec4 v0x972ccf480_0, 0;
    %pushi/vec4 0, 0, 16;
    %assign/vec4 v0x972cceb20_0, 0;
    %pushi/vec4 0, 0, 32;
    %assign/vec4 v0x972ccf340_0, 0;
    %pushi/vec4 0, 0, 1;
    %assign/vec4 v0x972ccf020_0, 0;
T_7.24 ;
T_7.14 ;
T_7.3 ;
T_7.1 ;
    %jmp T_7;
    .thread T_7;
    .scope S_0x973168600;
T_8 ;
    %wait E_0x972cf8d00;
    %load/vec4 v0x972d02300_0;
    %nor/r;
    %flag_set/vec4 8;
    %jmp/0xz  T_8.0, 8;
    %pushi/vec4 1, 0, 1;
    %assign/vec4 v0x972d02260_0, 0;
    %pushi/vec4 0, 0, 1;
    %assign/vec4 v0x972d023a0_0, 0;
    %jmp T_8.1;
T_8.0 ;
    %load/vec4 v0x972d02120_0;
    %inv;
    %load/vec4 v0x972d021c0_0;
    %inv;
    %and;
    %load/vec4 v0x972d01fe0_0;
    %inv;
    %and;
    %assign/vec4 v0x972d023a0_0, 0;
    %load/vec4 v0x972d02120_0;
    %load/vec4 v0x972d021c0_0;
    %or;
    %load/vec4 v0x972d01fe0_0;
    %or;
    %assign/vec4 v0x972d02260_0, 0;
T_8.1 ;
    %jmp T_8;
    .thread T_8;
    .scope S_0x1051f4a50;
T_9 ;
    %wait E_0x972cf8d00;
    %load/vec4 v0x972ccd400_0;
    %nor/r;
    %flag_set/vec4 8;
    %jmp/0xz  T_9.0, 8;
    %pushi/vec4 0, 0, 2;
    %assign/vec4 v0x972cccdc0_0, 0;
    %pushi/vec4 0, 0, 4;
    %assign/vec4 v0x972ccd720_0, 0;
    %pushi/vec4 0, 0, 8;
    %assign/vec4 v0x972ccd4a0_0, 0;
    %pushi/vec4 0, 0, 16;
    %assign/vec4 v0x972ccd680_0, 0;
    %pushi/vec4 1, 0, 1;
    %assign/vec4 v0x972cccb40_0, 0;
    %pushi/vec4 1, 0, 1;
    %assign/vec4 v0x972cccc80_0, 0;
    %pushi/vec4 0, 0, 1;
    %assign/vec4 v0x972ccdb80_0, 0;
    %jmp T_9.1;
T_9.0 ;
    %load/vec4 v0x972cccdc0_0;
    %dup/vec4;
    %pushi/vec4 0, 0, 2;
    %cmp/u;
    %jmp/1 T_9.2, 6;
    %dup/vec4;
    %pushi/vec4 1, 0, 2;
    %cmp/u;
    %jmp/1 T_9.3, 6;
    %dup/vec4;
    %pushi/vec4 2, 0, 2;
    %cmp/u;
    %jmp/1 T_9.4, 6;
    %pushi/vec4 1, 0, 1;
    %assign/vec4 v0x972cccc80_0, 0;
    %load/vec4 v0x972ccd680_0;
    %cmpi/e 15, 0, 16;
    %jmp/0xz  T_9.7, 4;
    %pushi/vec4 0, 0, 16;
    %assign/vec4 v0x972ccd680_0, 0;
    %pushi/vec4 0, 0, 2;
    %assign/vec4 v0x972cccdc0_0, 0;
    %jmp T_9.8;
T_9.7 ;
    %load/vec4 v0x972ccd680_0;
    %addi 1, 0, 16;
    %assign/vec4 v0x972ccd680_0, 0;
T_9.8 ;
    %jmp T_9.6;
T_9.2 ;
    %pushi/vec4 1, 0, 1;
    %assign/vec4 v0x972cccc80_0, 0;
    %pushi/vec4 1, 0, 1;
    %assign/vec4 v0x972cccb40_0, 0;
    %pushi/vec4 0, 0, 1;
    %assign/vec4 v0x972ccdb80_0, 0;
    %pushi/vec4 0, 0, 4;
    %assign/vec4 v0x972ccd720_0, 0;
    %pushi/vec4 0, 0, 16;
    %assign/vec4 v0x972ccd680_0, 0;
    %load/vec4 v0x972cccbe0_0;
    %flag_set/vec4 8;
    %jmp/0xz  T_9.9, 8;
    %load/vec4 v0x972ccce60_0;
    %assign/vec4 v0x972ccd4a0_0, 0;
    %pushi/vec4 0, 0, 1;
    %assign/vec4 v0x972cccb40_0, 0;
    %pushi/vec4 1, 0, 1;
    %assign/vec4 v0x972ccdb80_0, 0;
    %pushi/vec4 1, 0, 2;
    %assign/vec4 v0x972cccdc0_0, 0;
T_9.9 ;
    %jmp T_9.6;
T_9.3 ;
    %pushi/vec4 0, 0, 1;
    %assign/vec4 v0x972cccc80_0, 0;
    %load/vec4 v0x972ccd680_0;
    %cmpi/e 15, 0, 16;
    %jmp/0xz  T_9.11, 4;
    %pushi/vec4 0, 0, 16;
    %assign/vec4 v0x972ccd680_0, 0;
    %pushi/vec4 2, 0, 2;
    %assign/vec4 v0x972cccdc0_0, 0;
    %jmp T_9.12;
T_9.11 ;
    %load/vec4 v0x972ccd680_0;
    %addi 1, 0, 16;
    %assign/vec4 v0x972ccd680_0, 0;
T_9.12 ;
    %jmp T_9.6;
T_9.4 ;
    %load/vec4 v0x972ccd4a0_0;
    %parti/s 1, 0, 2;
    %assign/vec4 v0x972cccc80_0, 0;
    %load/vec4 v0x972ccd680_0;
    %cmpi/e 15, 0, 16;
    %jmp/0xz  T_9.13, 4;
    %pushi/vec4 0, 0, 16;
    %assign/vec4 v0x972ccd680_0, 0;
    %pushi/vec4 0, 0, 1;
    %load/vec4 v0x972ccd4a0_0;
    %parti/s 7, 1, 2;
    %concat/vec4; draw_concat_vec4
    %assign/vec4 v0x972ccd4a0_0, 0;
    %load/vec4 v0x972ccd720_0;
    %cmpi/e 7, 0, 4;
    %jmp/0xz  T_9.15, 4;
    %pushi/vec4 3, 0, 2;
    %assign/vec4 v0x972cccdc0_0, 0;
    %jmp T_9.16;
T_9.15 ;
    %load/vec4 v0x972ccd720_0;
    %addi 1, 0, 4;
    %assign/vec4 v0x972ccd720_0, 0;
T_9.16 ;
    %jmp T_9.14;
T_9.13 ;
    %load/vec4 v0x972ccd680_0;
    %addi 1, 0, 16;
    %assign/vec4 v0x972ccd680_0, 0;
T_9.14 ;
    %jmp T_9.6;
T_9.6 ;
    %pop/vec4 1;
T_9.1 ;
    %jmp T_9;
    .thread T_9;
    .scope S_0x1051f2f50;
T_10 ;
    %wait E_0x972cf8dc0;
    %load/vec4 v0x972ccdea0_0;
    %nor/r;
    %flag_set/vec4 8;
    %jmp/0xz  T_10.0, 8;
    %pushi/vec4 0, 0, 8;
    %assign/vec4 v0x972cccfa0_0, 0;
    %jmp T_10.1;
T_10.0 ;
    %load/vec4 v0x972cccf00_0;
    %assign/vec4 v0x972cccfa0_0, 0;
T_10.1 ;
    %jmp T_10;
    .thread T_10;
    .scope S_0x1051f2f50;
T_11 ;
    %wait E_0x972cf8d80;
    %load/vec4 v0x972ccdea0_0;
    %nor/r;
    %flag_set/vec4 8;
    %jmp/0xz  T_11.0, 8;
    %pushi/vec4 0, 0, 3;
    %assign/vec4 v0x972ccd360_0, 0;
    %pushi/vec4 0, 0, 8;
    %assign/vec4 v0x972ccd040_0, 0;
    %pushi/vec4 0, 0, 8;
    %assign/vec4 v0x972ccdf40_0, 0;
    %pushi/vec4 0, 0, 1;
    %assign/vec4 v0x972ccd0e0_0, 0;
    %jmp T_11.1;
T_11.0 ;
    %load/vec4 v0x972ccd220_0;
    %nor/r;
    %flag_set/vec4 8;
    %jmp/0xz  T_11.2, 8;
    %load/vec4 v0x972ccd040_0;
    %parti/s 7, 0, 2;
    %load/vec4 v0x972ccd5e0_0;
    %concat/vec4; draw_concat_vec4
    %assign/vec4 v0x972ccd040_0, 0;
    %pushi/vec4 0, 0, 1;
    %assign/vec4 v0x972ccd0e0_0, 0;
    %load/vec4 v0x972ccd360_0;
    %cmpi/e 7, 0, 3;
    %jmp/0xz  T_11.4, 4;
    %pushi/vec4 0, 0, 3;
    %assign/vec4 v0x972ccd360_0, 0;
    %load/vec4 v0x972ccd040_0;
    %parti/s 7, 0, 2;
    %load/vec4 v0x972ccd5e0_0;
    %concat/vec4; draw_concat_vec4
    %assign/vec4 v0x972ccdf40_0, 0;
    %pushi/vec4 1, 0, 1;
    %assign/vec4 v0x972ccd0e0_0, 0;
    %jmp T_11.5;
T_11.4 ;
    %load/vec4 v0x972ccd360_0;
    %addi 1, 0, 3;
    %assign/vec4 v0x972ccd360_0, 0;
T_11.5 ;
    %jmp T_11.3;
T_11.2 ;
    %pushi/vec4 0, 0, 3;
    %assign/vec4 v0x972ccd360_0, 0;
    %pushi/vec4 0, 0, 1;
    %assign/vec4 v0x972ccd0e0_0, 0;
T_11.3 ;
T_11.1 ;
    %jmp T_11;
    .thread T_11;
    .scope S_0x1051f2f50;
T_12 ;
    %wait E_0x972cf8d40;
    %load/vec4 v0x972ccdea0_0;
    %nor/r;
    %flag_set/vec4 8;
    %jmp/0xz  T_12.0, 8;
    %pushi/vec4 0, 0, 1;
    %assign/vec4 v0x972ccd540_0, 0;
    %pushi/vec4 0, 0, 8;
    %assign/vec4 v0x972cccfa0_0, 0;
    %jmp T_12.1;
T_12.0 ;
    %load/vec4 v0x972ccd220_0;
    %nor/r;
    %flag_set/vec4 8;
    %jmp/0xz  T_12.2, 8;
    %load/vec4 v0x972cccfa0_0;
    %parti/s 1, 7, 4;
    %assign/vec4 v0x972ccd540_0, 0;
    %load/vec4 v0x972cccfa0_0;
    %parti/s 7, 0, 2;
    %concati/vec4 0, 0, 1;
    %assign/vec4 v0x972cccfa0_0, 0;
    %jmp T_12.3;
T_12.2 ;
    %pushi/vec4 0, 0, 1;
    %assign/vec4 v0x972ccd540_0, 0;
T_12.3 ;
T_12.1 ;
    %jmp T_12;
    .thread T_12;
    .scope S_0x1051f2dd0;
T_13 ;
    %wait E_0x972cf8d00;
    %load/vec4 v0x972ccd2c0_0;
    %nor/r;
    %flag_set/vec4 8;
    %jmp/0xz  T_13.0, 8;
    %pushi/vec4 0, 0, 1;
    %assign/vec4 v0x972cce080_0, 0;
    %pushi/vec4 0, 0, 64;
    %assign/vec4 v0x972ccdfe0_0, 0;
    %jmp T_13.1;
T_13.0 ;
    %load/vec4 v0x972cce1c0_0;
    %assign/vec4 v0x972cce080_0, 0;
    %load/vec4 v0x972cce1c0_0;
    %flag_set/vec4 8;
    %jmp/0xz  T_13.2, 8;
    %load/vec4 v0x972cce120_0;
    %assign/vec4 v0x972ccdfe0_0, 0;
T_13.2 ;
T_13.1 ;
    %jmp T_13;
    .thread T_13;
    .scope S_0x973168480;
T_14 ;
    %wait E_0x972cf8d00;
    %load/vec4 v0x972d01e00_0;
    %nor/r;
    %flag_set/vec4 8;
    %jmp/0xz  T_14.0, 8;
    %pushi/vec4 0, 0, 4;
    %assign/vec4 v0x972d01f40_0, 0;
    %pushi/vec4 0, 0, 1;
    %assign/vec4 v0x972d01d60_0, 0;
    %jmp T_14.1;
T_14.0 ;
    %load/vec4 v0x972d01cc0_0;
    %flag_set/vec4 8;
    %jmp/0xz  T_14.2, 8;
    %load/vec4 v0x972d01ea0_0;
    %load/vec4 v0x972d01b80_0;
    %concat/vec4; draw_concat_vec4
    %load/vec4 v0x972d01f40_0;
    %pad/u 6;
    %ix/vec4 3;
    %ix/load 4, 0, 0; Constant delay
    %assign/vec4/a/d v0x972d01c20, 0, 4;
    %load/vec4 v0x972d01f40_0;
    %pad/u 32;
    %cmpi/e 15, 0, 32;
    %jmp/0xz  T_14.4, 4;
    %pushi/vec4 0, 0, 4;
    %assign/vec4 v0x972d01f40_0, 0;
    %pushi/vec4 1, 0, 1;
    %assign/vec4 v0x972d01d60_0, 0;
    %jmp T_14.5;
T_14.4 ;
    %load/vec4 v0x972d01f40_0;
    %addi 1, 0, 4;
    %assign/vec4 v0x972d01f40_0, 0;
T_14.5 ;
T_14.2 ;
T_14.1 ;
    %jmp T_14;
    .thread T_14;
    .scope S_0x1051f6430;
T_15 ;
    %wait E_0x972cf8d00;
    %load/vec4 v0x972d08280_0;
    %nor/r;
    %flag_set/vec4 8;
    %jmp/0xz  T_15.0, 8;
    %pushi/vec4 0, 0, 16;
    %assign/vec4 v0x972d08960_0, 0;
    %jmp T_15.1;
T_15.0 ;
    %load/vec4 v0x972d08960_0;
    %addi 1, 0, 16;
    %assign/vec4 v0x972d08960_0, 0;
T_15.1 ;
    %jmp T_15;
    .thread T_15;
    .scope S_0x1051f6430;
T_16 ;
    %wait E_0x972cf8d00;
    %load/vec4 v0x972d08280_0;
    %nor/r;
    %flag_set/vec4 8;
    %jmp/0xz  T_16.0, 8;
    %pushi/vec4 0, 0, 1;
    %assign/vec4 v0x972d03b60_0, 0;
    %jmp T_16.1;
T_16.0 ;
    %load/vec4 v0x972d03ac0_0;
    %assign/vec4 v0x972d03b60_0, 0;
T_16.1 ;
    %jmp T_16;
    .thread T_16;
    .scope S_0x973168c00;
T_17 ;
    %wait E_0x972cf8d00;
    %load/vec4 v0x972d0a120_0;
    %nor/r;
    %flag_set/vec4 8;
    %jmp/0xz  T_17.0, 8;
    %pushi/vec4 0, 0, 1;
    %assign/vec4 v0x972d09c20_0, 0;
    %pushi/vec4 0, 0, 5;
    %assign/vec4 v0x972d0a1c0_0, 0;
    %pushi/vec4 0, 0, 256;
    %assign/vec4 v0x972d09ea0_0, 0;
    %pushi/vec4 0, 0, 256;
    %assign/vec4 v0x972d09f40_0, 0;
    %pushi/vec4 0, 0, 1;
    %assign/vec4 v0x972d0a080_0, 0;
    %pushi/vec4 0, 0, 1;
    %assign/vec4 v0x972d09e00_0, 0;
    %jmp T_17.1;
T_17.0 ;
    %pushi/vec4 0, 0, 1;
    %assign/vec4 v0x972d0a080_0, 0;
    %load/vec4 v0x972d0a260_0;
    %flag_set/vec4 9;
    %flag_get/vec4 9;
    %jmp/0 T_17.4, 9;
    %load/vec4 v0x972d09c20_0;
    %nor/r;
    %and;
T_17.4;
    %flag_set/vec4 8;
    %jmp/0xz  T_17.2, 8;
    %pushi/vec4 1, 0, 1;
    %assign/vec4 v0x972d09c20_0, 0;
    %pushi/vec4 0, 0, 5;
    %assign/vec4 v0x972d0a1c0_0, 0;
    %pushi/vec4 0, 0, 1;
    %assign/vec4 v0x972d09e00_0, 0;
    %jmp T_17.3;
T_17.2 ;
    %load/vec4 v0x972d09c20_0;
    %flag_set/vec4 9;
    %flag_get/vec4 9;
    %jmp/0 T_17.7, 9;
    %load/vec4 v0x972d09d60_0;
    %and;
T_17.7;
    %flag_set/vec4 8;
    %jmp/0xz  T_17.5, 8;
    %load/vec4 v0x972d09e00_0;
    %nor/r;
    %flag_set/vec4 8;
    %jmp/0xz  T_17.8, 8;
    %load/vec4 v0x972d09cc0_0;
    %ix/load 5, 0, 0;
    %load/vec4 v0x972d0a1c0_0;
    %pad/u 32;
    %muli 16, 0, 32;
    %ix/vec4 4;
    %assign/vec4/off/d v0x972d09ea0_0, 4, 5;
    %jmp T_17.9;
T_17.8 ;
    %load/vec4 v0x972d09cc0_0;
    %ix/load 5, 0, 0;
    %load/vec4 v0x972d0a1c0_0;
    %pad/u 32;
    %muli 16, 0, 32;
    %ix/vec4 4;
    %assign/vec4/off/d v0x972d09f40_0, 4, 5;
T_17.9 ;
    %load/vec4 v0x972d0a1c0_0;
    %pad/u 32;
    %cmpi/e 15, 0, 32;
    %jmp/0xz  T_17.10, 4;
    %load/vec4 v0x972d09e00_0;
    %nor/r;
    %flag_set/vec4 8;
    %jmp/0xz  T_17.12, 8;
    %pushi/vec4 0, 0, 5;
    %assign/vec4 v0x972d0a1c0_0, 0;
    %pushi/vec4 1, 0, 1;
    %assign/vec4 v0x972d09e00_0, 0;
    %jmp T_17.13;
T_17.12 ;
    %pushi/vec4 0, 0, 1;
    %assign/vec4 v0x972d09c20_0, 0;
    %pushi/vec4 1, 0, 1;
    %assign/vec4 v0x972d0a080_0, 0;
T_17.13 ;
    %jmp T_17.11;
T_17.10 ;
    %load/vec4 v0x972d0a1c0_0;
    %addi 1, 0, 5;
    %assign/vec4 v0x972d0a1c0_0, 0;
T_17.11 ;
T_17.5 ;
T_17.3 ;
T_17.1 ;
    %jmp T_17;
    .thread T_17;
    .scope S_0x973169500;
T_18 ;
    %wait E_0x972cf8d00;
    %load/vec4 v0x972d11360_0;
    %nor/r;
    %flag_set/vec4 8;
    %jmp/0xz  T_18.0, 8;
    %pushi/vec4 0, 0, 4;
    %assign/vec4 v0x972d112c0_0, 0;
    %pushi/vec4 0, 0, 1;
    %assign/vec4 v0x972d11180_0, 0;
    %jmp T_18.1;
T_18.0 ;
    %load/vec4 v0x972d112c0_0;
    %parti/s 3, 0, 2;
    %load/vec4 v0x972d11220_0;
    %concat/vec4; draw_concat_vec4
    %assign/vec4 v0x972d112c0_0, 0;
    %load/vec4 v0x972d112c0_0;
    %and/r;
    %assign/vec4 v0x972d11180_0, 0;
T_18.1 ;
    %jmp T_18;
    .thread T_18;
    .scope S_0x973169800;
T_19 ;
    %wait E_0x972cf8d00;
    %load/vec4 v0x972d12440_0;
    %nor/r;
    %flag_set/vec4 8;
    %jmp/0xz  T_19.0, 8;
    %pushi/vec4 0, 0, 1;
    %assign/vec4 v0x972d12260_0, 0;
    %pushi/vec4 0, 0, 16;
    %assign/vec4 v0x972d12300_0, 0;
    %jmp T_19.1;
T_19.0 ;
    %load/vec4 v0x972d123a0_0;
    %cmpi/u 500, 0, 16;
    %flag_get/vec4 5;
    %assign/vec4 v0x972d12260_0, 0;
    %load/vec4 v0x972d123a0_0;
    %cmpi/u 500, 0, 16;
    %jmp/0xz  T_19.2, 5;
    %pushi/vec4 0, 0, 16;
    %assign/vec4 v0x972d12300_0, 0;
    %jmp T_19.3;
T_19.2 ;
    %load/vec4 v0x972d123a0_0;
    %subi 500, 0, 16;
    %assign/vec4 v0x972d12300_0, 0;
T_19.3 ;
T_19.1 ;
    %jmp T_19;
    .thread T_19;
    .scope S_0x973169680;
T_20 ;
    %wait E_0x972cf8d00;
    %load/vec4 v0x972d11cc0_0;
    %nor/r;
    %flag_set/vec4 8;
    %jmp/0xz  T_20.0, 8;
    %pushi/vec4 0, 0, 1;
    %assign/vec4 v0x972d117c0_0, 0;
    %pushi/vec4 0, 0, 8;
    %assign/vec4 v0x972d11720_0, 0;
    %pushi/vec4 0, 0, 16;
    %assign/vec4 v0x972d11c20_0, 0;
    %pushi/vec4 0, 0, 16;
    %assign/vec4 v0x972d11fe0_0, 0;
    %pushi/vec4 0, 0, 1;
    %assign/vec4 v0x972d11d60_0, 0;
    %pushi/vec4 0, 0, 4;
    %assign/vec4 v0x972d119a0_0, 0;
    %jmp T_20.1;
T_20.0 ;
    %load/vec4 v0x972d11680_0;
    %nor/r;
    %flag_set/vec4 8;
    %jmp/0xz  T_20.2, 8;
    %pushi/vec4 0, 0, 1;
    %assign/vec4 v0x972d117c0_0, 0;
    %pushi/vec4 0, 0, 8;
    %assign/vec4 v0x972d11720_0, 0;
    %pushi/vec4 0, 0, 16;
    %assign/vec4 v0x972d11c20_0, 0;
    %pushi/vec4 0, 0, 16;
    %assign/vec4 v0x972d11fe0_0, 0;
    %pushi/vec4 0, 0, 1;
    %assign/vec4 v0x972d11d60_0, 0;
    %pushi/vec4 0, 0, 4;
    %assign/vec4 v0x972d119a0_0, 0;
    %jmp T_20.3;
T_20.2 ;
    %pushi/vec4 0, 0, 1;
    %store/vec4 v0x972d11b80_0, 0, 1;
    %pushi/vec4 0, 0, 1;
    %store/vec4 v0x972d11f40_0, 0, 1;
    %pushi/vec4 900, 0, 12;
    %load/vec4 v0x972d11e00_0;
    %cmp/u;
    %flag_get/vec4 5;
    %store/vec4 v0x972d11ae0_0, 0, 1;
    %load/vec4 v0x972d11e00_0;
    %cmpi/u 40, 0, 12;
    %flag_get/vec4 5;
    %store/vec4 v0x972d11ea0_0, 0, 1;
    %pushi/vec4 0, 0, 1;
    %store/vec4 v0x972d11a40_0, 0, 1;
    %pushi/vec4 0, 0, 32;
    %store/vec4 v0x972d11860_0, 0, 32;
T_20.4 ; Top of for-loop
    %load/vec4 v0x972d11860_0;
    %cmpi/s 16, 0, 32;
	  %jmp/0xz T_20.5, 5;
    %load/vec4 v0x972d11400_0;
    %load/vec4 v0x972d11860_0;
    %muli 16, 0, 32;
    %part/s 16;
    %store/vec4 v0x972d12080_0, 0, 16;
    %load/vec4 v0x972d114a0_0;
    %load/vec4 v0x972d11860_0;
    %muli 16, 0, 32;
    %part/s 16;
    %store/vec4 v0x972d12120_0, 0, 16;
    %pushi/vec4 52838, 0, 16;
    %load/vec4 v0x972d12080_0;
    %cmp/u;
    %flag_get/vec4 5;
    %ix/getv/s 4, v0x972d11860_0;
    %store/vec4 v0x972d11c20_0, 4, 1;
    %load/vec4 v0x972d12080_0;
    %cmpi/u 32768, 0, 16;
    %flag_get/vec4 5;
    %ix/getv/s 4, v0x972d11860_0;
    %store/vec4 v0x972d11fe0_0, 4, 1;
    %load/vec4 v0x972d12080_0;
    %cmpi/u 52838, 0, 16;
    %flag_or 5, 4; GT is !LE
    %flag_inv 5;
    %jmp/0xz  T_20.7, 5;
    %pushi/vec4 1, 0, 1;
    %store/vec4 v0x972d11b80_0, 0, 1;
T_20.7 ;
    %load/vec4 v0x972d12080_0;
    %cmpi/u 32768, 0, 16;
    %jmp/0xz  T_20.9, 5;
    %pushi/vec4 1, 0, 1;
    %store/vec4 v0x972d11f40_0, 0, 1;
T_20.9 ;
    %load/vec4 v0x972d12120_0;
    %load/vec4 v0x972d12080_0;
    %cmp/u;
    %flag_or 5, 4;
    %flag_get/vec4 5;
    %jmp/0 T_20.14, 5;
    %pushi/vec4 32, 0, 16;
    %load/vec4 v0x972d12080_0;
    %load/vec4 v0x972d12120_0;
    %sub;
    %cmp/u;
    %flag_get/vec4 5;
    %and;
T_20.14;
    %flag_set/vec4 8;
    %jmp/1 T_20.13, 8;
    %load/vec4 v0x972d12080_0;
    %load/vec4 v0x972d12120_0;
    %cmp/u;
    %flag_get/vec4 5;
    %jmp/0 T_20.15, 5;
    %pushi/vec4 32, 0, 16;
    %load/vec4 v0x972d12120_0;
    %load/vec4 v0x972d12080_0;
    %sub;
    %cmp/u;
    %flag_get/vec4 5;
    %and;
T_20.15;
    %flag_set/vec4 9;
    %flag_or 8, 9;
T_20.13;
    %jmp/0xz  T_20.11, 8;
    %pushi/vec4 1, 0, 1;
    %store/vec4 v0x972d11a40_0, 0, 1;
T_20.11 ;
T_20.6 ; for-loop step statement
    %load/vec4 v0x972d11860_0;
    %addi 1, 0, 32;
    %store/vec4 v0x972d11860_0, 0, 32;
    %jmp T_20.4;
T_20.5 ; for-loop exit label
    %load/vec4 v0x972d11a40_0;
    %flag_set/vec4 8;
    %jmp/0xz  T_20.16, 8;
    %load/vec4 v0x972d119a0_0;
    %cmpi/u 4, 0, 4;
    %jmp/0xz  T_20.18, 5;
    %load/vec4 v0x972d119a0_0;
    %addi 1, 0, 4;
    %assign/vec4 v0x972d119a0_0, 0;
T_20.18 ;
    %jmp T_20.17;
T_20.16 ;
    %pushi/vec4 0, 0, 4;
    %assign/vec4 v0x972d119a0_0, 0;
T_20.17 ;
    %load/vec4 v0x972d119a0_0;
    %cmpi/u 3, 0, 4;
    %flag_inv 5; GE is !LT
    %jmp/0xz  T_20.20, 5;
    %pushi/vec4 1, 0, 1;
    %assign/vec4 v0x972d11d60_0, 0;
    %jmp T_20.21;
T_20.20 ;
    %pushi/vec4 0, 0, 1;
    %assign/vec4 v0x972d11d60_0, 0;
T_20.21 ;
    %load/vec4 v0x972d11b80_0;
    %load/vec4 v0x972d11f40_0;
    %or;
    %load/vec4 v0x972d11ae0_0;
    %or;
    %load/vec4 v0x972d11ea0_0;
    %or;
    %load/vec4 v0x972d11900_0;
    %or;
    %load/vec4 v0x972d115e0_0;
    %or;
    %load/vec4 v0x972d11d60_0;
    %or;
    %assign/vec4 v0x972d117c0_0, 0;
    %load/vec4 v0x972d11b80_0;
    %flag_set/vec4 8;
    %jmp/0xz  T_20.22, 8;
    %pushi/vec4 1, 0, 8;
    %assign/vec4 v0x972d11720_0, 0;
    %jmp T_20.23;
T_20.22 ;
    %load/vec4 v0x972d11f40_0;
    %flag_set/vec4 8;
    %jmp/0xz  T_20.24, 8;
    %pushi/vec4 2, 0, 8;
    %assign/vec4 v0x972d11720_0, 0;
    %jmp T_20.25;
T_20.24 ;
    %load/vec4 v0x972d11ae0_0;
    %flag_set/vec4 8;
    %jmp/0xz  T_20.26, 8;
    %pushi/vec4 3, 0, 8;
    %assign/vec4 v0x972d11720_0, 0;
    %jmp T_20.27;
T_20.26 ;
    %load/vec4 v0x972d11ea0_0;
    %flag_set/vec4 8;
    %jmp/0xz  T_20.28, 8;
    %pushi/vec4 4, 0, 8;
    %assign/vec4 v0x972d11720_0, 0;
    %jmp T_20.29;
T_20.28 ;
    %load/vec4 v0x972d11900_0;
    %flag_set/vec4 8;
    %jmp/0xz  T_20.30, 8;
    %pushi/vec4 5, 0, 8;
    %assign/vec4 v0x972d11720_0, 0;
    %jmp T_20.31;
T_20.30 ;
    %load/vec4 v0x972d115e0_0;
    %flag_set/vec4 8;
    %jmp/0xz  T_20.32, 8;
    %pushi/vec4 6, 0, 8;
    %assign/vec4 v0x972d11720_0, 0;
    %jmp T_20.33;
T_20.32 ;
    %load/vec4 v0x972d11d60_0;
    %flag_set/vec4 8;
    %jmp/0xz  T_20.34, 8;
    %pushi/vec4 7, 0, 8;
    %assign/vec4 v0x972d11720_0, 0;
    %jmp T_20.35;
T_20.34 ;
    %pushi/vec4 0, 0, 8;
    %assign/vec4 v0x972d11720_0, 0;
T_20.35 ;
T_20.33 ;
T_20.31 ;
T_20.29 ;
T_20.27 ;
T_20.25 ;
T_20.23 ;
T_20.3 ;
T_20.1 ;
    %jmp T_20;
    .thread T_20;
    .scope S_0x973169c80;
T_21 ;
    %wait E_0x972cf8d00;
    %load/vec4 v0x972d13480_0;
    %nor/r;
    %flag_set/vec4 8;
    %jmp/0xz  T_21.0, 8;
    %pushi/vec4 214748364, 0, 32;
    %assign/vec4 v0x972d13020_0, 0;
    %pushi/vec4 0, 0, 32;
    %assign/vec4 v0x972d133e0_0, 0;
    %pushi/vec4 32768, 0, 16;
    %assign/vec4 v0x972d13520_0, 0;
    %pushi/vec4 65535, 0, 16;
    %assign/vec4 v0x972d13660_0, 0;
    %pushi/vec4 32768, 0, 16;
    %assign/vec4 v0x972d13200_0, 0;
    %pushi/vec4 100000, 0, 32;
    %assign/vec4 v0x972d135c0_0, 0;
    %pushi/vec4 0, 0, 16;
    %assign/vec4 v0x972d12e40_0, 0;
    %pushi/vec4 0, 0, 32;
    %assign/vec4 v0x972d130c0_0, 0;
    %jmp T_21.1;
T_21.0 ;
    %load/vec4 v0x972d13160_0;
    %flag_set/vec4 8;
    %jmp/0xz  T_21.2, 8;
    %load/vec4 v0x972d132a0_0;
    %parti/s 1, 15, 5;
    %flag_set/vec4 8;
    %jmp/0xz  T_21.4, 8;
    %load/vec4 v0x972d132a0_0;
    %inv;
    %addi 1, 0, 16;
    %assign/vec4 v0x972d12e40_0, 0;
    %jmp T_21.5;
T_21.4 ;
    %load/vec4 v0x972d132a0_0;
    %assign/vec4 v0x972d12e40_0, 0;
T_21.5 ;
    %load/vec4 v0x972d13020_0;
    %load/vec4 v0x972d132a0_0;
    %parti/s 1, 15, 5;
    %replicate 16;
    %load/vec4 v0x972d132a0_0;
    %concat/vec4; draw_concat_vec4
    %add;
    %assign/vec4 v0x972d13020_0, 0;
    %load/vec4 v0x972d12e40_0;
    %cmpi/u 8, 0, 16;
    %flag_or 5, 4;
    %jmp/0xz  T_21.6, 5;
    %load/vec4 v0x972d133e0_0;
    %cmpi/u 100000, 0, 32;
    %jmp/0xz  T_21.8, 5;
    %load/vec4 v0x972d133e0_0;
    %addi 1, 0, 32;
    %assign/vec4 v0x972d133e0_0, 0;
T_21.8 ;
    %jmp T_21.7;
T_21.6 ;
    %pushi/vec4 0, 0, 32;
    %assign/vec4 v0x972d133e0_0, 0;
T_21.7 ;
    %load/vec4 v0x972d13340_0;
    %cmpi/u 32768, 0, 16;
    %flag_or 5, 4;
    %jmp/0xz  T_21.10, 5;
    %pushi/vec4 0, 0, 16;
    %assign/vec4 v0x972d13200_0, 0;
    %jmp T_21.11;
T_21.10 ;
    %load/vec4 v0x972d13340_0;
    %cmpi/u 52838, 0, 16;
    %flag_inv 5; GE is !LT
    %jmp/0xz  T_21.12, 5;
    %pushi/vec4 65535, 0, 16;
    %assign/vec4 v0x972d13200_0, 0;
    %jmp T_21.13;
T_21.12 ;
    %load/vec4 v0x972d13340_0;
    %subi 32768, 0, 16;
    %muli 65535, 0, 16;
    %pushi/vec4 20070, 0, 16;
    %div;
    %assign/vec4 v0x972d13200_0, 0;
T_21.13 ;
T_21.11 ;
    %load/vec4 v0x972d133e0_0;
    %cmpi/u 100000, 0, 32;
    %flag_inv 5; GE is !LT
    %jmp/0xz  T_21.14, 5;
    %load/vec4 v0x972d13520_0;
    %ix/load 4, 1, 0;
    %flag_set/imm 4, 0;
    %shiftr 4;
    %load/vec4 v0x972d13200_0;
    %ix/load 4, 1, 0;
    %flag_set/imm 4, 0;
    %shiftr 4;
    %add;
    %assign/vec4 v0x972d13520_0, 0;
    %jmp T_21.15;
T_21.14 ;
    %load/vec4 v0x972d13020_0;
    %parti/s 16, 15, 5;
    %assign/vec4 v0x972d13520_0, 0;
T_21.15 ;
    %load/vec4 v0x972d12ee0_0;
    %pad/u 32;
    %muli 32, 0, 32;
    %store/vec4 v0x972d130c0_0, 0, 32;
    %load/vec4 v0x972d130c0_0;
    %cmpi/u 50000, 0, 32;
    %flag_inv 5; GE is !LT
    %jmp/0xz  T_21.16, 5;
    %pushi/vec4 50000, 0, 32;
    %assign/vec4 v0x972d135c0_0, 0;
    %jmp T_21.17;
T_21.16 ;
    %pushi/vec4 100000, 0, 32;
    %load/vec4 v0x972d130c0_0;
    %sub;
    %assign/vec4 v0x972d135c0_0, 0;
T_21.17 ;
    %load/vec4 v0x972d135c0_0;
    %muli 65535, 0, 32;
    %pushi/vec4 100000, 0, 32;
    %div;
    %pad/u 16;
    %assign/vec4 v0x972d13660_0, 0;
T_21.2 ;
T_21.1 ;
    %jmp T_21;
    .thread T_21;
    .scope S_0x973168d80;
T_22 ;
    %wait E_0x972cf8d00;
    %load/vec4 v0x972d0aee0_0;
    %nor/r;
    %flag_set/vec4 8;
    %jmp/0xz  T_22.0, 8;
    %pushi/vec4 0, 0, 16;
    %assign/vec4 v0x972d0a3a0_0, 0;
    %pushi/vec4 0, 0, 16;
    %assign/vec4 v0x972d0a300_0, 0;
    %pushi/vec4 0, 0, 16;
    %assign/vec4 v0x972d0ad00_0, 0;
    %pushi/vec4 0, 0, 1;
    %assign/vec4 v0x972d0a440_0, 0;
    %pushi/vec4 0, 0, 4;
    %assign/vec4 v0x972d0a9e0_0, 0;
    %pushi/vec4 0, 0, 4;
    %assign/vec4 v0x972d0abc0_0, 0;
    %pushi/vec4 0, 0, 32;
    %assign/vec4 v0x972d0a800_0, 0;
    %pushi/vec4 0, 0, 1;
    %assign/vec4 v0x972d0ae40_0, 0;
    %jmp T_22.1;
T_22.0 ;
    %load/vec4 v0x972d0a8a0_0;
    %nor/r;
    %flag_set/vec4 8;
    %jmp/0xz  T_22.2, 8;
    %pushi/vec4 0, 0, 16;
    %assign/vec4 v0x972d0a3a0_0, 0;
    %pushi/vec4 0, 0, 16;
    %assign/vec4 v0x972d0a300_0, 0;
    %pushi/vec4 0, 0, 16;
    %assign/vec4 v0x972d0ad00_0, 0;
    %pushi/vec4 0, 0, 1;
    %assign/vec4 v0x972d0a440_0, 0;
    %pushi/vec4 0, 0, 32;
    %assign/vec4 v0x972d0a800_0, 0;
    %pushi/vec4 0, 0, 1;
    %assign/vec4 v0x972d0ae40_0, 0;
    %jmp T_22.3;
T_22.2 ;
    %pushi/vec4 0, 0, 16;
    %store/vec4 v0x972d0ada0_0, 0, 16;
    %pushi/vec4 65535, 0, 16;
    %store/vec4 v0x972d0ac60_0, 0, 16;
    %pushi/vec4 0, 0, 4;
    %store/vec4 v0x972d0a940_0, 0, 4;
    %pushi/vec4 0, 0, 4;
    %store/vec4 v0x972d0ab20_0, 0, 4;
    %pushi/vec4 0, 0, 1;
    %store/vec4 v0x972d0b020_0, 0, 1;
    %pushi/vec4 0, 0, 16;
    %store/vec4 v0x972d0b0c0_0, 0, 16;
    %pushi/vec4 0, 0, 16;
    %store/vec4 v0x972d0af80_0, 0, 16;
    %pushi/vec4 0, 0, 32;
    %store/vec4 v0x972d0aa80_0, 0, 32;
T_22.4 ; Top of for-loop
    %load/vec4 v0x972d0aa80_0;
    %cmpi/s 16, 0, 32;
	  %jmp/0xz T_22.5, 5;
    %load/vec4 v0x972d0a620_0;
    %load/vec4 v0x972d0aa80_0;
    %muli 16, 0, 32;
    %part/s 16;
    %store/vec4 v0x972d0a6c0_0, 0, 16;
    %load/vec4 v0x972d0ada0_0;
    %load/vec4 v0x972d0a6c0_0;
    %cmp/u;
    %jmp/0xz  T_22.7, 5;
    %load/vec4 v0x972d0a6c0_0;
    %store/vec4 v0x972d0ada0_0, 0, 16;
    %load/vec4 v0x972d0aa80_0;
    %parti/s 4, 0, 2;
    %store/vec4 v0x972d0a940_0, 0, 4;
T_22.7 ;
    %load/vec4 v0x972d0a6c0_0;
    %load/vec4 v0x972d0ac60_0;
    %cmp/u;
    %jmp/0xz  T_22.9, 5;
    %load/vec4 v0x972d0a6c0_0;
    %store/vec4 v0x972d0ac60_0, 0, 16;
    %load/vec4 v0x972d0aa80_0;
    %parti/s 4, 0, 2;
    %store/vec4 v0x972d0ab20_0, 0, 4;
T_22.9 ;
T_22.6 ; for-loop step statement
    %load/vec4 v0x972d0aa80_0;
    %addi 1, 0, 32;
    %store/vec4 v0x972d0aa80_0, 0, 32;
    %jmp T_22.4;
T_22.5 ; for-loop exit label
    %load/vec4 v0x972d0a940_0;
    %assign/vec4 v0x972d0a9e0_0, 0;
    %load/vec4 v0x972d0ab20_0;
    %assign/vec4 v0x972d0abc0_0, 0;
    %load/vec4 v0x972d0a4e0_0;
    %load/vec4 v0x972d0a940_0;
    %pad/u 32;
    %muli 12, 0, 32;
    %part/u 12;
    %store/vec4 v0x972d0a580_0, 0, 12;
    %load/vec4 v0x972d0a580_0;
    %cmpi/u 880, 0, 12;
    %flag_inv 5; GE is !LT
    %jmp/0xz  T_22.11, 5;
    %pushi/vec4 1, 0, 1;
    %store/vec4 v0x972d0b020_0, 0, 1;
T_22.11 ;
    %pushi/vec4 1, 0, 1;
    %ix/getv 4, v0x972d0a940_0;
    %store/vec4 v0x972d0b0c0_0, 4, 1;
    %pushi/vec4 1, 0, 1;
    %ix/getv 4, v0x972d0ab20_0;
    %store/vec4 v0x972d0af80_0, 4, 1;
    %load/vec4 v0x972d0ada0_0;
    %load/vec4 v0x972d0ac60_0;
    %sub;
    %cmpi/u 50, 0, 16;
    %flag_or 5, 4; GT is !LE
    %flag_inv 5;
    %jmp/0xz  T_22.13, 5;
    %pushi/vec4 1, 0, 1;
    %assign/vec4 v0x972d0a440_0, 0;
    %load/vec4 v0x972d0ae40_0;
    %cmpi/e 0, 0, 1;
    %jmp/0xz  T_22.15, 4;
    %pushi/vec4 0, 0, 16;
    %assign/vec4 v0x972d0a3a0_0, 0;
    %pushi/vec4 0, 0, 16;
    %assign/vec4 v0x972d0a300_0, 0;
    %pushi/vec4 0, 0, 16;
    %assign/vec4 v0x972d0ad00_0, 0;
    %load/vec4 v0x972d0a800_0;
    %cmpi/u 9999, 0, 32;
    %flag_inv 5; GE is !LT
    %jmp/0xz  T_22.17, 5;
    %pushi/vec4 0, 0, 32;
    %assign/vec4 v0x972d0a800_0, 0;
    %pushi/vec4 1, 0, 1;
    %assign/vec4 v0x972d0ae40_0, 0;
    %jmp T_22.18;
T_22.17 ;
    %load/vec4 v0x972d0a800_0;
    %addi 1, 0, 32;
    %assign/vec4 v0x972d0a800_0, 0;
T_22.18 ;
    %jmp T_22.16;
T_22.15 ;
    %load/vec4 v0x972d0b020_0;
    %flag_set/vec4 8;
    %jmp/0xz  T_22.19, 8;
    %pushi/vec4 0, 0, 16;
    %assign/vec4 v0x972d0a3a0_0, 0;
    %pushi/vec4 0, 0, 16;
    %assign/vec4 v0x972d0a300_0, 0;
    %pushi/vec4 0, 0, 16;
    %assign/vec4 v0x972d0ad00_0, 0;
    %jmp T_22.20;
T_22.19 ;
    %load/vec4 v0x972d0b0c0_0;
    %assign/vec4 v0x972d0a3a0_0, 0;
    %load/vec4 v0x972d0af80_0;
    %assign/vec4 v0x972d0a300_0, 0;
    %pushi/vec4 0, 0, 16;
    %assign/vec4 v0x972d0ad00_0, 0;
T_22.20 ;
    %load/vec4 v0x972d0a800_0;
    %cmpi/u 49999, 0, 32;
    %flag_inv 5; GE is !LT
    %jmp/0xz  T_22.21, 5;
    %pushi/vec4 0, 0, 32;
    %assign/vec4 v0x972d0a800_0, 0;
    %pushi/vec4 0, 0, 1;
    %assign/vec4 v0x972d0ae40_0, 0;
    %jmp T_22.22;
T_22.21 ;
    %load/vec4 v0x972d0a800_0;
    %addi 1, 0, 32;
    %assign/vec4 v0x972d0a800_0, 0;
T_22.22 ;
T_22.16 ;
    %jmp T_22.14;
T_22.13 ;
    %load/vec4 v0x972d0ada0_0;
    %cmpi/u 50000, 0, 16;
    %flag_or 5, 4; GT is !LE
    %flag_inv 5;
    %jmp/0xz  T_22.23, 5;
    %pushi/vec4 0, 0, 1;
    %assign/vec4 v0x972d0a440_0, 0;
    %pushi/vec4 0, 0, 16;
    %assign/vec4 v0x972d0a3a0_0, 0;
    %pushi/vec4 0, 0, 16;
    %assign/vec4 v0x972d0a300_0, 0;
    %pushi/vec4 65535, 0, 16;
    %assign/vec4 v0x972d0ad00_0, 0;
    %pushi/vec4 0, 0, 32;
    %assign/vec4 v0x972d0a800_0, 0;
    %pushi/vec4 0, 0, 1;
    %assign/vec4 v0x972d0ae40_0, 0;
    %jmp T_22.24;
T_22.23 ;
    %pushi/vec4 0, 0, 1;
    %assign/vec4 v0x972d0a440_0, 0;
    %pushi/vec4 0, 0, 16;
    %assign/vec4 v0x972d0a3a0_0, 0;
    %pushi/vec4 0, 0, 16;
    %assign/vec4 v0x972d0a300_0, 0;
    %pushi/vec4 0, 0, 16;
    %assign/vec4 v0x972d0ad00_0, 0;
    %pushi/vec4 0, 0, 32;
    %assign/vec4 v0x972d0a800_0, 0;
    %pushi/vec4 0, 0, 1;
    %assign/vec4 v0x972d0ae40_0, 0;
T_22.24 ;
T_22.14 ;
T_22.3 ;
T_22.1 ;
    %jmp T_22;
    .thread T_22;
    .scope S_0x973169b00;
T_23 ;
    %wait E_0x972cf8d00;
    %load/vec4 v0x972d12d00_0;
    %nor/r;
    %flag_set/vec4 8;
    %jmp/0xz  T_23.0, 8;
    %pushi/vec4 1, 0, 1;
    %assign/vec4 v0x972d12c60_0, 0;
    %pushi/vec4 0, 0, 1;
    %assign/vec4 v0x972d12da0_0, 0;
    %jmp T_23.1;
T_23.0 ;
    %load/vec4 v0x972d12b20_0;
    %inv;
    %load/vec4 v0x972d12bc0_0;
    %inv;
    %and;
    %load/vec4 v0x972d129e0_0;
    %inv;
    %and;
    %assign/vec4 v0x972d12da0_0, 0;
    %load/vec4 v0x972d12b20_0;
    %load/vec4 v0x972d12bc0_0;
    %or;
    %load/vec4 v0x972d129e0_0;
    %or;
    %assign/vec4 v0x972d12c60_0, 0;
T_23.1 ;
    %jmp T_23;
    .thread T_23;
    .scope S_0x973169380;
T_24 ;
    %wait E_0x972cf8d00;
    %load/vec4 v0x972d0be80_0;
    %nor/r;
    %flag_set/vec4 8;
    %jmp/0xz  T_24.0, 8;
    %pushi/vec4 0, 0, 2;
    %assign/vec4 v0x972d10000_0, 0;
    %pushi/vec4 0, 0, 4;
    %assign/vec4 v0x972d0bca0_0, 0;
    %pushi/vec4 0, 0, 8;
    %assign/vec4 v0x972d0bf20_0, 0;
    %pushi/vec4 0, 0, 16;
    %assign/vec4 v0x972d0bc00_0, 0;
    %pushi/vec4 1, 0, 1;
    %assign/vec4 v0x972d10140_0, 0;
    %pushi/vec4 1, 0, 1;
    %assign/vec4 v0x972d10280_0, 0;
    %pushi/vec4 0, 0, 1;
    %assign/vec4 v0x972d0bd40_0, 0;
    %jmp T_24.1;
T_24.0 ;
    %load/vec4 v0x972d10000_0;
    %dup/vec4;
    %pushi/vec4 0, 0, 2;
    %cmp/u;
    %jmp/1 T_24.2, 6;
    %dup/vec4;
    %pushi/vec4 1, 0, 2;
    %cmp/u;
    %jmp/1 T_24.3, 6;
    %dup/vec4;
    %pushi/vec4 2, 0, 2;
    %cmp/u;
    %jmp/1 T_24.4, 6;
    %pushi/vec4 1, 0, 1;
    %assign/vec4 v0x972d10280_0, 0;
    %load/vec4 v0x972d0bc00_0;
    %cmpi/e 15, 0, 16;
    %jmp/0xz  T_24.7, 4;
    %pushi/vec4 0, 0, 16;
    %assign/vec4 v0x972d0bc00_0, 0;
    %pushi/vec4 0, 0, 2;
    %assign/vec4 v0x972d10000_0, 0;
    %jmp T_24.8;
T_24.7 ;
    %load/vec4 v0x972d0bc00_0;
    %addi 1, 0, 16;
    %assign/vec4 v0x972d0bc00_0, 0;
T_24.8 ;
    %jmp T_24.6;
T_24.2 ;
    %pushi/vec4 1, 0, 1;
    %assign/vec4 v0x972d10280_0, 0;
    %pushi/vec4 1, 0, 1;
    %assign/vec4 v0x972d10140_0, 0;
    %pushi/vec4 0, 0, 1;
    %assign/vec4 v0x972d0bd40_0, 0;
    %pushi/vec4 0, 0, 4;
    %assign/vec4 v0x972d0bca0_0, 0;
    %pushi/vec4 0, 0, 16;
    %assign/vec4 v0x972d0bc00_0, 0;
    %load/vec4 v0x972d101e0_0;
    %flag_set/vec4 8;
    %jmp/0xz  T_24.9, 8;
    %load/vec4 v0x972d100a0_0;
    %assign/vec4 v0x972d0bf20_0, 0;
    %pushi/vec4 0, 0, 1;
    %assign/vec4 v0x972d10140_0, 0;
    %pushi/vec4 1, 0, 1;
    %assign/vec4 v0x972d0bd40_0, 0;
    %pushi/vec4 1, 0, 2;
    %assign/vec4 v0x972d10000_0, 0;
T_24.9 ;
    %jmp T_24.6;
T_24.3 ;
    %pushi/vec4 0, 0, 1;
    %assign/vec4 v0x972d10280_0, 0;
    %load/vec4 v0x972d0bc00_0;
    %cmpi/e 15, 0, 16;
    %jmp/0xz  T_24.11, 4;
    %pushi/vec4 0, 0, 16;
    %assign/vec4 v0x972d0bc00_0, 0;
    %pushi/vec4 2, 0, 2;
    %assign/vec4 v0x972d10000_0, 0;
    %jmp T_24.12;
T_24.11 ;
    %load/vec4 v0x972d0bc00_0;
    %addi 1, 0, 16;
    %assign/vec4 v0x972d0bc00_0, 0;
T_24.12 ;
    %jmp T_24.6;
T_24.4 ;
    %load/vec4 v0x972d0bf20_0;
    %parti/s 1, 0, 2;
    %assign/vec4 v0x972d10280_0, 0;
    %load/vec4 v0x972d0bc00_0;
    %cmpi/e 15, 0, 16;
    %jmp/0xz  T_24.13, 4;
    %pushi/vec4 0, 0, 16;
    %assign/vec4 v0x972d0bc00_0, 0;
    %pushi/vec4 0, 0, 1;
    %load/vec4 v0x972d0bf20_0;
    %parti/s 7, 1, 2;
    %concat/vec4; draw_concat_vec4
    %assign/vec4 v0x972d0bf20_0, 0;
    %load/vec4 v0x972d0bca0_0;
    %cmpi/e 7, 0, 4;
    %jmp/0xz  T_24.15, 4;
    %pushi/vec4 3, 0, 2;
    %assign/vec4 v0x972d10000_0, 0;
    %jmp T_24.16;
T_24.15 ;
    %load/vec4 v0x972d0bca0_0;
    %addi 1, 0, 4;
    %assign/vec4 v0x972d0bca0_0, 0;
T_24.16 ;
    %jmp T_24.14;
T_24.13 ;
    %load/vec4 v0x972d0bc00_0;
    %addi 1, 0, 16;
    %assign/vec4 v0x972d0bc00_0, 0;
T_24.14 ;
    %jmp T_24.6;
T_24.6 ;
    %pop/vec4 1;
T_24.1 ;
    %jmp T_24;
    .thread T_24;
    .scope S_0x973169200;
T_25 ;
    %wait E_0x972cf8e80;
    %load/vec4 v0x972d0b700_0;
    %nor/r;
    %flag_set/vec4 8;
    %jmp/0xz  T_25.0, 8;
    %pushi/vec4 0, 0, 8;
    %assign/vec4 v0x972d0bb60_0, 0;
    %jmp T_25.1;
T_25.0 ;
    %load/vec4 v0x972d0bac0_0;
    %assign/vec4 v0x972d0bb60_0, 0;
T_25.1 ;
    %jmp T_25;
    .thread T_25;
    .scope S_0x973169200;
T_26 ;
    %wait E_0x972cf8e40;
    %load/vec4 v0x972d0b700_0;
    %nor/r;
    %flag_set/vec4 8;
    %jmp/0xz  T_26.0, 8;
    %pushi/vec4 0, 0, 3;
    %assign/vec4 v0x972d0b520_0, 0;
    %pushi/vec4 0, 0, 8;
    %assign/vec4 v0x972d0b840_0, 0;
    %pushi/vec4 0, 0, 8;
    %assign/vec4 v0x972d0b7a0_0, 0;
    %pushi/vec4 0, 0, 1;
    %assign/vec4 v0x972d0b8e0_0, 0;
    %jmp T_26.1;
T_26.0 ;
    %load/vec4 v0x972d0ba20_0;
    %nor/r;
    %flag_set/vec4 8;
    %jmp/0xz  T_26.2, 8;
    %load/vec4 v0x972d0b840_0;
    %parti/s 7, 0, 2;
    %load/vec4 v0x972d0b660_0;
    %concat/vec4; draw_concat_vec4
    %assign/vec4 v0x972d0b840_0, 0;
    %pushi/vec4 0, 0, 1;
    %assign/vec4 v0x972d0b8e0_0, 0;
    %load/vec4 v0x972d0b520_0;
    %cmpi/e 7, 0, 3;
    %jmp/0xz  T_26.4, 4;
    %pushi/vec4 0, 0, 3;
    %assign/vec4 v0x972d0b520_0, 0;
    %load/vec4 v0x972d0b840_0;
    %parti/s 7, 0, 2;
    %load/vec4 v0x972d0b660_0;
    %concat/vec4; draw_concat_vec4
    %assign/vec4 v0x972d0b7a0_0, 0;
    %pushi/vec4 1, 0, 1;
    %assign/vec4 v0x972d0b8e0_0, 0;
    %jmp T_26.5;
T_26.4 ;
    %load/vec4 v0x972d0b520_0;
    %addi 1, 0, 3;
    %assign/vec4 v0x972d0b520_0, 0;
T_26.5 ;
    %jmp T_26.3;
T_26.2 ;
    %pushi/vec4 0, 0, 3;
    %assign/vec4 v0x972d0b520_0, 0;
    %pushi/vec4 0, 0, 1;
    %assign/vec4 v0x972d0b8e0_0, 0;
T_26.3 ;
T_26.1 ;
    %jmp T_26;
    .thread T_26;
    .scope S_0x973169200;
T_27 ;
    %wait E_0x972cf8e00;
    %load/vec4 v0x972d0b700_0;
    %nor/r;
    %flag_set/vec4 8;
    %jmp/0xz  T_27.0, 8;
    %pushi/vec4 0, 0, 1;
    %assign/vec4 v0x972d0b5c0_0, 0;
    %pushi/vec4 0, 0, 8;
    %assign/vec4 v0x972d0bb60_0, 0;
    %jmp T_27.1;
T_27.0 ;
    %load/vec4 v0x972d0ba20_0;
    %nor/r;
    %flag_set/vec4 8;
    %jmp/0xz  T_27.2, 8;
    %load/vec4 v0x972d0bb60_0;
    %parti/s 1, 7, 4;
    %assign/vec4 v0x972d0b5c0_0, 0;
    %load/vec4 v0x972d0bb60_0;
    %parti/s 7, 0, 2;
    %concati/vec4 0, 0, 1;
    %assign/vec4 v0x972d0bb60_0, 0;
    %jmp T_27.3;
T_27.2 ;
    %pushi/vec4 0, 0, 1;
    %assign/vec4 v0x972d0b5c0_0, 0;
T_27.3 ;
T_27.1 ;
    %jmp T_27;
    .thread T_27;
    .scope S_0x973169080;
T_28 ;
    %wait E_0x972cf8d00;
    %load/vec4 v0x972d0b480_0;
    %nor/r;
    %flag_set/vec4 8;
    %jmp/0xz  T_28.0, 8;
    %pushi/vec4 0, 0, 1;
    %assign/vec4 v0x972d0b2a0_0, 0;
    %pushi/vec4 0, 0, 64;
    %assign/vec4 v0x972d0b200_0, 0;
    %jmp T_28.1;
T_28.0 ;
    %load/vec4 v0x972d0b3e0_0;
    %assign/vec4 v0x972d0b2a0_0, 0;
    %load/vec4 v0x972d0b3e0_0;
    %flag_set/vec4 8;
    %jmp/0xz  T_28.2, 8;
    %load/vec4 v0x972d0b340_0;
    %assign/vec4 v0x972d0b200_0, 0;
T_28.2 ;
T_28.1 ;
    %jmp T_28;
    .thread T_28;
    .scope S_0x973169980;
T_29 ;
    %wait E_0x972cf8d00;
    %load/vec4 v0x972d12800_0;
    %nor/r;
    %flag_set/vec4 8;
    %jmp/0xz  T_29.0, 8;
    %pushi/vec4 0, 0, 4;
    %assign/vec4 v0x972d12940_0, 0;
    %pushi/vec4 0, 0, 1;
    %assign/vec4 v0x972d12760_0, 0;
    %jmp T_29.1;
T_29.0 ;
    %load/vec4 v0x972d126c0_0;
    %flag_set/vec4 8;
    %jmp/0xz  T_29.2, 8;
    %load/vec4 v0x972d128a0_0;
    %load/vec4 v0x972d12580_0;
    %concat/vec4; draw_concat_vec4
    %load/vec4 v0x972d12940_0;
    %pad/u 6;
    %ix/vec4 3;
    %ix/load 4, 0, 0; Constant delay
    %assign/vec4/a/d v0x972d12620, 0, 4;
    %load/vec4 v0x972d12940_0;
    %pad/u 32;
    %cmpi/e 15, 0, 32;
    %jmp/0xz  T_29.4, 4;
    %pushi/vec4 0, 0, 4;
    %assign/vec4 v0x972d12940_0, 0;
    %pushi/vec4 1, 0, 1;
    %assign/vec4 v0x972d12760_0, 0;
    %jmp T_29.5;
T_29.4 ;
    %load/vec4 v0x972d12940_0;
    %addi 1, 0, 4;
    %assign/vec4 v0x972d12940_0, 0;
T_29.5 ;
T_29.2 ;
T_29.1 ;
    %jmp T_29;
    .thread T_29;
    .scope S_0x973168a80;
T_30 ;
    %wait E_0x972cf8d00;
    %load/vec4 v0x972d14c80_0;
    %nor/r;
    %flag_set/vec4 8;
    %jmp/0xz  T_30.0, 8;
    %pushi/vec4 0, 0, 16;
    %assign/vec4 v0x972d15360_0, 0;
    %jmp T_30.1;
T_30.0 ;
    %load/vec4 v0x972d15360_0;
    %addi 1, 0, 16;
    %assign/vec4 v0x972d15360_0, 0;
T_30.1 ;
    %jmp T_30;
    .thread T_30;
    .scope S_0x973168a80;
T_31 ;
    %wait E_0x972cf8d00;
    %load/vec4 v0x972d14c80_0;
    %nor/r;
    %flag_set/vec4 8;
    %jmp/0xz  T_31.0, 8;
    %pushi/vec4 0, 0, 1;
    %assign/vec4 v0x972d145a0_0, 0;
    %jmp T_31.1;
T_31.0 ;
    %load/vec4 v0x972d14500_0;
    %assign/vec4 v0x972d145a0_0, 0;
T_31.1 ;
    %jmp T_31;
    .thread T_31;
    .scope S_0x97316a100;
T_32 ;
    %wait E_0x972cf8d00;
    %load/vec4 v0x972d16b20_0;
    %nor/r;
    %flag_set/vec4 8;
    %jmp/0xz  T_32.0, 8;
    %pushi/vec4 0, 0, 1;
    %assign/vec4 v0x972d16620_0, 0;
    %pushi/vec4 0, 0, 5;
    %assign/vec4 v0x972d16bc0_0, 0;
    %pushi/vec4 0, 0, 256;
    %assign/vec4 v0x972d168a0_0, 0;
    %pushi/vec4 0, 0, 256;
    %assign/vec4 v0x972d16940_0, 0;
    %pushi/vec4 0, 0, 1;
    %assign/vec4 v0x972d16a80_0, 0;
    %pushi/vec4 0, 0, 1;
    %assign/vec4 v0x972d16800_0, 0;
    %jmp T_32.1;
T_32.0 ;
    %pushi/vec4 0, 0, 1;
    %assign/vec4 v0x972d16a80_0, 0;
    %load/vec4 v0x972d16c60_0;
    %flag_set/vec4 9;
    %flag_get/vec4 9;
    %jmp/0 T_32.4, 9;
    %load/vec4 v0x972d16620_0;
    %nor/r;
    %and;
T_32.4;
    %flag_set/vec4 8;
    %jmp/0xz  T_32.2, 8;
    %pushi/vec4 1, 0, 1;
    %assign/vec4 v0x972d16620_0, 0;
    %pushi/vec4 0, 0, 5;
    %assign/vec4 v0x972d16bc0_0, 0;
    %pushi/vec4 0, 0, 1;
    %assign/vec4 v0x972d16800_0, 0;
    %jmp T_32.3;
T_32.2 ;
    %load/vec4 v0x972d16620_0;
    %flag_set/vec4 9;
    %flag_get/vec4 9;
    %jmp/0 T_32.7, 9;
    %load/vec4 v0x972d16760_0;
    %and;
T_32.7;
    %flag_set/vec4 8;
    %jmp/0xz  T_32.5, 8;
    %load/vec4 v0x972d16800_0;
    %nor/r;
    %flag_set/vec4 8;
    %jmp/0xz  T_32.8, 8;
    %load/vec4 v0x972d166c0_0;
    %ix/load 5, 0, 0;
    %load/vec4 v0x972d16bc0_0;
    %pad/u 32;
    %muli 16, 0, 32;
    %ix/vec4 4;
    %assign/vec4/off/d v0x972d168a0_0, 4, 5;
    %jmp T_32.9;
T_32.8 ;
    %load/vec4 v0x972d166c0_0;
    %ix/load 5, 0, 0;
    %load/vec4 v0x972d16bc0_0;
    %pad/u 32;
    %muli 16, 0, 32;
    %ix/vec4 4;
    %assign/vec4/off/d v0x972d16940_0, 4, 5;
T_32.9 ;
    %load/vec4 v0x972d16bc0_0;
    %pad/u 32;
    %cmpi/e 15, 0, 32;
    %jmp/0xz  T_32.10, 4;
    %load/vec4 v0x972d16800_0;
    %nor/r;
    %flag_set/vec4 8;
    %jmp/0xz  T_32.12, 8;
    %pushi/vec4 0, 0, 5;
    %assign/vec4 v0x972d16bc0_0, 0;
    %pushi/vec4 1, 0, 1;
    %assign/vec4 v0x972d16800_0, 0;
    %jmp T_32.13;
T_32.12 ;
    %pushi/vec4 0, 0, 1;
    %assign/vec4 v0x972d16620_0, 0;
    %pushi/vec4 1, 0, 1;
    %assign/vec4 v0x972d16a80_0, 0;
T_32.13 ;
    %jmp T_32.11;
T_32.10 ;
    %load/vec4 v0x972d16bc0_0;
    %addi 1, 0, 5;
    %assign/vec4 v0x972d16bc0_0, 0;
T_32.11 ;
T_32.5 ;
T_32.3 ;
T_32.1 ;
    %jmp T_32;
    .thread T_32;
    .scope S_0x97316aa00;
T_33 ;
    %wait E_0x972cf8d00;
    %load/vec4 v0x972d19d60_0;
    %nor/r;
    %flag_set/vec4 8;
    %jmp/0xz  T_33.0, 8;
    %pushi/vec4 0, 0, 4;
    %assign/vec4 v0x972d19cc0_0, 0;
    %pushi/vec4 0, 0, 1;
    %assign/vec4 v0x972d19b80_0, 0;
    %jmp T_33.1;
T_33.0 ;
    %load/vec4 v0x972d19cc0_0;
    %parti/s 3, 0, 2;
    %load/vec4 v0x972d19c20_0;
    %concat/vec4; draw_concat_vec4
    %assign/vec4 v0x972d19cc0_0, 0;
    %load/vec4 v0x972d19cc0_0;
    %and/r;
    %assign/vec4 v0x972d19b80_0, 0;
T_33.1 ;
    %jmp T_33;
    .thread T_33;
    .scope S_0x97316ad00;
T_34 ;
    %wait E_0x972cf8d00;
    %load/vec4 v0x972d1ae40_0;
    %nor/r;
    %flag_set/vec4 8;
    %jmp/0xz  T_34.0, 8;
    %pushi/vec4 0, 0, 1;
    %assign/vec4 v0x972d1ac60_0, 0;
    %pushi/vec4 0, 0, 16;
    %assign/vec4 v0x972d1ad00_0, 0;
    %jmp T_34.1;
T_34.0 ;
    %load/vec4 v0x972d1ada0_0;
    %cmpi/u 500, 0, 16;
    %flag_get/vec4 5;
    %assign/vec4 v0x972d1ac60_0, 0;
    %load/vec4 v0x972d1ada0_0;
    %cmpi/u 500, 0, 16;
    %jmp/0xz  T_34.2, 5;
    %pushi/vec4 0, 0, 16;
    %assign/vec4 v0x972d1ad00_0, 0;
    %jmp T_34.3;
T_34.2 ;
    %load/vec4 v0x972d1ada0_0;
    %subi 500, 0, 16;
    %assign/vec4 v0x972d1ad00_0, 0;
T_34.3 ;
T_34.1 ;
    %jmp T_34;
    .thread T_34;
    .scope S_0x97316ab80;
T_35 ;
    %wait E_0x972cf8d00;
    %load/vec4 v0x972d1a6c0_0;
    %nor/r;
    %flag_set/vec4 8;
    %jmp/0xz  T_35.0, 8;
    %pushi/vec4 0, 0, 1;
    %assign/vec4 v0x972d1a1c0_0, 0;
    %pushi/vec4 0, 0, 8;
    %assign/vec4 v0x972d1a120_0, 0;
    %pushi/vec4 0, 0, 16;
    %assign/vec4 v0x972d1a620_0, 0;
    %pushi/vec4 0, 0, 16;
    %assign/vec4 v0x972d1a9e0_0, 0;
    %pushi/vec4 0, 0, 1;
    %assign/vec4 v0x972d1a760_0, 0;
    %pushi/vec4 0, 0, 4;
    %assign/vec4 v0x972d1a3a0_0, 0;
    %jmp T_35.1;
T_35.0 ;
    %load/vec4 v0x972d1a080_0;
    %nor/r;
    %flag_set/vec4 8;
    %jmp/0xz  T_35.2, 8;
    %pushi/vec4 0, 0, 1;
    %assign/vec4 v0x972d1a1c0_0, 0;
    %pushi/vec4 0, 0, 8;
    %assign/vec4 v0x972d1a120_0, 0;
    %pushi/vec4 0, 0, 16;
    %assign/vec4 v0x972d1a620_0, 0;
    %pushi/vec4 0, 0, 16;
    %assign/vec4 v0x972d1a9e0_0, 0;
    %pushi/vec4 0, 0, 1;
    %assign/vec4 v0x972d1a760_0, 0;
    %pushi/vec4 0, 0, 4;
    %assign/vec4 v0x972d1a3a0_0, 0;
    %jmp T_35.3;
T_35.2 ;
    %pushi/vec4 0, 0, 1;
    %store/vec4 v0x972d1a580_0, 0, 1;
    %pushi/vec4 0, 0, 1;
    %store/vec4 v0x972d1a940_0, 0, 1;
    %pushi/vec4 900, 0, 12;
    %load/vec4 v0x972d1a800_0;
    %cmp/u;
    %flag_get/vec4 5;
    %store/vec4 v0x972d1a4e0_0, 0, 1;
    %load/vec4 v0x972d1a800_0;
    %cmpi/u 40, 0, 12;
    %flag_get/vec4 5;
    %store/vec4 v0x972d1a8a0_0, 0, 1;
    %pushi/vec4 0, 0, 1;
    %store/vec4 v0x972d1a440_0, 0, 1;
    %pushi/vec4 0, 0, 32;
    %store/vec4 v0x972d1a260_0, 0, 32;
T_35.4 ; Top of for-loop
    %load/vec4 v0x972d1a260_0;
    %cmpi/s 16, 0, 32;
	  %jmp/0xz T_35.5, 5;
    %load/vec4 v0x972d19e00_0;
    %load/vec4 v0x972d1a260_0;
    %muli 16, 0, 32;
    %part/s 16;
    %store/vec4 v0x972d1aa80_0, 0, 16;
    %load/vec4 v0x972d19ea0_0;
    %load/vec4 v0x972d1a260_0;
    %muli 16, 0, 32;
    %part/s 16;
    %store/vec4 v0x972d1ab20_0, 0, 16;
    %pushi/vec4 52838, 0, 16;
    %load/vec4 v0x972d1aa80_0;
    %cmp/u;
    %flag_get/vec4 5;
    %ix/getv/s 4, v0x972d1a260_0;
    %store/vec4 v0x972d1a620_0, 4, 1;
    %load/vec4 v0x972d1aa80_0;
    %cmpi/u 32768, 0, 16;
    %flag_get/vec4 5;
    %ix/getv/s 4, v0x972d1a260_0;
    %store/vec4 v0x972d1a9e0_0, 4, 1;
    %load/vec4 v0x972d1aa80_0;
    %cmpi/u 52838, 0, 16;
    %flag_or 5, 4; GT is !LE
    %flag_inv 5;
    %jmp/0xz  T_35.7, 5;
    %pushi/vec4 1, 0, 1;
    %store/vec4 v0x972d1a580_0, 0, 1;
T_35.7 ;
    %load/vec4 v0x972d1aa80_0;
    %cmpi/u 32768, 0, 16;
    %jmp/0xz  T_35.9, 5;
    %pushi/vec4 1, 0, 1;
    %store/vec4 v0x972d1a940_0, 0, 1;
T_35.9 ;
    %load/vec4 v0x972d1ab20_0;
    %load/vec4 v0x972d1aa80_0;
    %cmp/u;
    %flag_or 5, 4;
    %flag_get/vec4 5;
    %jmp/0 T_35.14, 5;
    %pushi/vec4 32, 0, 16;
    %load/vec4 v0x972d1aa80_0;
    %load/vec4 v0x972d1ab20_0;
    %sub;
    %cmp/u;
    %flag_get/vec4 5;
    %and;
T_35.14;
    %flag_set/vec4 8;
    %jmp/1 T_35.13, 8;
    %load/vec4 v0x972d1aa80_0;
    %load/vec4 v0x972d1ab20_0;
    %cmp/u;
    %flag_get/vec4 5;
    %jmp/0 T_35.15, 5;
    %pushi/vec4 32, 0, 16;
    %load/vec4 v0x972d1ab20_0;
    %load/vec4 v0x972d1aa80_0;
    %sub;
    %cmp/u;
    %flag_get/vec4 5;
    %and;
T_35.15;
    %flag_set/vec4 9;
    %flag_or 8, 9;
T_35.13;
    %jmp/0xz  T_35.11, 8;
    %pushi/vec4 1, 0, 1;
    %store/vec4 v0x972d1a440_0, 0, 1;
T_35.11 ;
T_35.6 ; for-loop step statement
    %load/vec4 v0x972d1a260_0;
    %addi 1, 0, 32;
    %store/vec4 v0x972d1a260_0, 0, 32;
    %jmp T_35.4;
T_35.5 ; for-loop exit label
    %load/vec4 v0x972d1a440_0;
    %flag_set/vec4 8;
    %jmp/0xz  T_35.16, 8;
    %load/vec4 v0x972d1a3a0_0;
    %cmpi/u 4, 0, 4;
    %jmp/0xz  T_35.18, 5;
    %load/vec4 v0x972d1a3a0_0;
    %addi 1, 0, 4;
    %assign/vec4 v0x972d1a3a0_0, 0;
T_35.18 ;
    %jmp T_35.17;
T_35.16 ;
    %pushi/vec4 0, 0, 4;
    %assign/vec4 v0x972d1a3a0_0, 0;
T_35.17 ;
    %load/vec4 v0x972d1a3a0_0;
    %cmpi/u 3, 0, 4;
    %flag_inv 5; GE is !LT
    %jmp/0xz  T_35.20, 5;
    %pushi/vec4 1, 0, 1;
    %assign/vec4 v0x972d1a760_0, 0;
    %jmp T_35.21;
T_35.20 ;
    %pushi/vec4 0, 0, 1;
    %assign/vec4 v0x972d1a760_0, 0;
T_35.21 ;
    %load/vec4 v0x972d1a580_0;
    %load/vec4 v0x972d1a940_0;
    %or;
    %load/vec4 v0x972d1a4e0_0;
    %or;
    %load/vec4 v0x972d1a8a0_0;
    %or;
    %load/vec4 v0x972d1a300_0;
    %or;
    %load/vec4 v0x972d19fe0_0;
    %or;
    %load/vec4 v0x972d1a760_0;
    %or;
    %assign/vec4 v0x972d1a1c0_0, 0;
    %load/vec4 v0x972d1a580_0;
    %flag_set/vec4 8;
    %jmp/0xz  T_35.22, 8;
    %pushi/vec4 1, 0, 8;
    %assign/vec4 v0x972d1a120_0, 0;
    %jmp T_35.23;
T_35.22 ;
    %load/vec4 v0x972d1a940_0;
    %flag_set/vec4 8;
    %jmp/0xz  T_35.24, 8;
    %pushi/vec4 2, 0, 8;
    %assign/vec4 v0x972d1a120_0, 0;
    %jmp T_35.25;
T_35.24 ;
    %load/vec4 v0x972d1a4e0_0;
    %flag_set/vec4 8;
    %jmp/0xz  T_35.26, 8;
    %pushi/vec4 3, 0, 8;
    %assign/vec4 v0x972d1a120_0, 0;
    %jmp T_35.27;
T_35.26 ;
    %load/vec4 v0x972d1a8a0_0;
    %flag_set/vec4 8;
    %jmp/0xz  T_35.28, 8;
    %pushi/vec4 4, 0, 8;
    %assign/vec4 v0x972d1a120_0, 0;
    %jmp T_35.29;
T_35.28 ;
    %load/vec4 v0x972d1a300_0;
    %flag_set/vec4 8;
    %jmp/0xz  T_35.30, 8;
    %pushi/vec4 5, 0, 8;
    %assign/vec4 v0x972d1a120_0, 0;
    %jmp T_35.31;
T_35.30 ;
    %load/vec4 v0x972d19fe0_0;
    %flag_set/vec4 8;
    %jmp/0xz  T_35.32, 8;
    %pushi/vec4 6, 0, 8;
    %assign/vec4 v0x972d1a120_0, 0;
    %jmp T_35.33;
T_35.32 ;
    %load/vec4 v0x972d1a760_0;
    %flag_set/vec4 8;
    %jmp/0xz  T_35.34, 8;
    %pushi/vec4 7, 0, 8;
    %assign/vec4 v0x972d1a120_0, 0;
    %jmp T_35.35;
T_35.34 ;
    %pushi/vec4 0, 0, 8;
    %assign/vec4 v0x972d1a120_0, 0;
T_35.35 ;
T_35.33 ;
T_35.31 ;
T_35.29 ;
T_35.27 ;
T_35.25 ;
T_35.23 ;
T_35.3 ;
T_35.1 ;
    %jmp T_35;
    .thread T_35;
    .scope S_0x97316b180;
T_36 ;
    %wait E_0x972cf8d00;
    %load/vec4 v0x972d1be80_0;
    %nor/r;
    %flag_set/vec4 8;
    %jmp/0xz  T_36.0, 8;
    %pushi/vec4 214748364, 0, 32;
    %assign/vec4 v0x972d1ba20_0, 0;
    %pushi/vec4 0, 0, 32;
    %assign/vec4 v0x972d1bde0_0, 0;
    %pushi/vec4 32768, 0, 16;
    %assign/vec4 v0x972d1bf20_0, 0;
    %pushi/vec4 65535, 0, 16;
    %assign/vec4 v0x972d1c0a0_0, 0;
    %pushi/vec4 32768, 0, 16;
    %assign/vec4 v0x972d1bc00_0, 0;
    %pushi/vec4 100000, 0, 32;
    %assign/vec4 v0x972d1c000_0, 0;
    %pushi/vec4 0, 0, 16;
    %assign/vec4 v0x972d1b840_0, 0;
    %pushi/vec4 0, 0, 32;
    %assign/vec4 v0x972d1bac0_0, 0;
    %jmp T_36.1;
T_36.0 ;
    %load/vec4 v0x972d1bb60_0;
    %flag_set/vec4 8;
    %jmp/0xz  T_36.2, 8;
    %load/vec4 v0x972d1bca0_0;
    %parti/s 1, 15, 5;
    %flag_set/vec4 8;
    %jmp/0xz  T_36.4, 8;
    %load/vec4 v0x972d1bca0_0;
    %inv;
    %addi 1, 0, 16;
    %assign/vec4 v0x972d1b840_0, 0;
    %jmp T_36.5;
T_36.4 ;
    %load/vec4 v0x972d1bca0_0;
    %assign/vec4 v0x972d1b840_0, 0;
T_36.5 ;
    %load/vec4 v0x972d1ba20_0;
    %load/vec4 v0x972d1bca0_0;
    %parti/s 1, 15, 5;
    %replicate 16;
    %load/vec4 v0x972d1bca0_0;
    %concat/vec4; draw_concat_vec4
    %add;
    %assign/vec4 v0x972d1ba20_0, 0;
    %load/vec4 v0x972d1b840_0;
    %cmpi/u 8, 0, 16;
    %flag_or 5, 4;
    %jmp/0xz  T_36.6, 5;
    %load/vec4 v0x972d1bde0_0;
    %cmpi/u 100000, 0, 32;
    %jmp/0xz  T_36.8, 5;
    %load/vec4 v0x972d1bde0_0;
    %addi 1, 0, 32;
    %assign/vec4 v0x972d1bde0_0, 0;
T_36.8 ;
    %jmp T_36.7;
T_36.6 ;
    %pushi/vec4 0, 0, 32;
    %assign/vec4 v0x972d1bde0_0, 0;
T_36.7 ;
    %load/vec4 v0x972d1bd40_0;
    %cmpi/u 32768, 0, 16;
    %flag_or 5, 4;
    %jmp/0xz  T_36.10, 5;
    %pushi/vec4 0, 0, 16;
    %assign/vec4 v0x972d1bc00_0, 0;
    %jmp T_36.11;
T_36.10 ;
    %load/vec4 v0x972d1bd40_0;
    %cmpi/u 52838, 0, 16;
    %flag_inv 5; GE is !LT
    %jmp/0xz  T_36.12, 5;
    %pushi/vec4 65535, 0, 16;
    %assign/vec4 v0x972d1bc00_0, 0;
    %jmp T_36.13;
T_36.12 ;
    %load/vec4 v0x972d1bd40_0;
    %subi 32768, 0, 16;
    %muli 65535, 0, 16;
    %pushi/vec4 20070, 0, 16;
    %div;
    %assign/vec4 v0x972d1bc00_0, 0;
T_36.13 ;
T_36.11 ;
    %load/vec4 v0x972d1bde0_0;
    %cmpi/u 100000, 0, 32;
    %flag_inv 5; GE is !LT
    %jmp/0xz  T_36.14, 5;
    %load/vec4 v0x972d1bf20_0;
    %ix/load 4, 1, 0;
    %flag_set/imm 4, 0;
    %shiftr 4;
    %load/vec4 v0x972d1bc00_0;
    %ix/load 4, 1, 0;
    %flag_set/imm 4, 0;
    %shiftr 4;
    %add;
    %assign/vec4 v0x972d1bf20_0, 0;
    %jmp T_36.15;
T_36.14 ;
    %load/vec4 v0x972d1ba20_0;
    %parti/s 16, 15, 5;
    %assign/vec4 v0x972d1bf20_0, 0;
T_36.15 ;
    %load/vec4 v0x972d1b8e0_0;
    %pad/u 32;
    %muli 32, 0, 32;
    %store/vec4 v0x972d1bac0_0, 0, 32;
    %load/vec4 v0x972d1bac0_0;
    %cmpi/u 50000, 0, 32;
    %flag_inv 5; GE is !LT
    %jmp/0xz  T_36.16, 5;
    %pushi/vec4 50000, 0, 32;
    %assign/vec4 v0x972d1c000_0, 0;
    %jmp T_36.17;
T_36.16 ;
    %pushi/vec4 100000, 0, 32;
    %load/vec4 v0x972d1bac0_0;
    %sub;
    %assign/vec4 v0x972d1c000_0, 0;
T_36.17 ;
    %load/vec4 v0x972d1c000_0;
    %muli 65535, 0, 32;
    %pushi/vec4 100000, 0, 32;
    %div;
    %pad/u 16;
    %assign/vec4 v0x972d1c0a0_0, 0;
T_36.2 ;
T_36.1 ;
    %jmp T_36;
    .thread T_36;
    .scope S_0x97316a280;
T_37 ;
    %wait E_0x972cf8d00;
    %load/vec4 v0x972d178e0_0;
    %nor/r;
    %flag_set/vec4 8;
    %jmp/0xz  T_37.0, 8;
    %pushi/vec4 0, 0, 16;
    %assign/vec4 v0x972d16da0_0, 0;
    %pushi/vec4 0, 0, 16;
    %assign/vec4 v0x972d16d00_0, 0;
    %pushi/vec4 0, 0, 16;
    %assign/vec4 v0x972d17700_0, 0;
    %pushi/vec4 0, 0, 1;
    %assign/vec4 v0x972d16e40_0, 0;
    %pushi/vec4 0, 0, 4;
    %assign/vec4 v0x972d173e0_0, 0;
    %pushi/vec4 0, 0, 4;
    %assign/vec4 v0x972d175c0_0, 0;
    %pushi/vec4 0, 0, 32;
    %assign/vec4 v0x972d17200_0, 0;
    %pushi/vec4 0, 0, 1;
    %assign/vec4 v0x972d17840_0, 0;
    %jmp T_37.1;
T_37.0 ;
    %load/vec4 v0x972d172a0_0;
    %nor/r;
    %flag_set/vec4 8;
    %jmp/0xz  T_37.2, 8;
    %pushi/vec4 0, 0, 16;
    %assign/vec4 v0x972d16da0_0, 0;
    %pushi/vec4 0, 0, 16;
    %assign/vec4 v0x972d16d00_0, 0;
    %pushi/vec4 0, 0, 16;
    %assign/vec4 v0x972d17700_0, 0;
    %pushi/vec4 0, 0, 1;
    %assign/vec4 v0x972d16e40_0, 0;
    %pushi/vec4 0, 0, 32;
    %assign/vec4 v0x972d17200_0, 0;
    %pushi/vec4 0, 0, 1;
    %assign/vec4 v0x972d17840_0, 0;
    %jmp T_37.3;
T_37.2 ;
    %pushi/vec4 0, 0, 16;
    %store/vec4 v0x972d177a0_0, 0, 16;
    %pushi/vec4 65535, 0, 16;
    %store/vec4 v0x972d17660_0, 0, 16;
    %pushi/vec4 0, 0, 4;
    %store/vec4 v0x972d17340_0, 0, 4;
    %pushi/vec4 0, 0, 4;
    %store/vec4 v0x972d17520_0, 0, 4;
    %pushi/vec4 0, 0, 1;
    %store/vec4 v0x972d17a20_0, 0, 1;
    %pushi/vec4 0, 0, 16;
    %store/vec4 v0x972d17ac0_0, 0, 16;
    %pushi/vec4 0, 0, 16;
    %store/vec4 v0x972d17980_0, 0, 16;
    %pushi/vec4 0, 0, 32;
    %store/vec4 v0x972d17480_0, 0, 32;
T_37.4 ; Top of for-loop
    %load/vec4 v0x972d17480_0;
    %cmpi/s 16, 0, 32;
	  %jmp/0xz T_37.5, 5;
    %load/vec4 v0x972d17020_0;
    %load/vec4 v0x972d17480_0;
    %muli 16, 0, 32;
    %part/s 16;
    %store/vec4 v0x972d170c0_0, 0, 16;
    %load/vec4 v0x972d177a0_0;
    %load/vec4 v0x972d170c0_0;
    %cmp/u;
    %jmp/0xz  T_37.7, 5;
    %load/vec4 v0x972d170c0_0;
    %store/vec4 v0x972d177a0_0, 0, 16;
    %load/vec4 v0x972d17480_0;
    %parti/s 4, 0, 2;
    %store/vec4 v0x972d17340_0, 0, 4;
T_37.7 ;
    %load/vec4 v0x972d170c0_0;
    %load/vec4 v0x972d17660_0;
    %cmp/u;
    %jmp/0xz  T_37.9, 5;
    %load/vec4 v0x972d170c0_0;
    %store/vec4 v0x972d17660_0, 0, 16;
    %load/vec4 v0x972d17480_0;
    %parti/s 4, 0, 2;
    %store/vec4 v0x972d17520_0, 0, 4;
T_37.9 ;
T_37.6 ; for-loop step statement
    %load/vec4 v0x972d17480_0;
    %addi 1, 0, 32;
    %store/vec4 v0x972d17480_0, 0, 32;
    %jmp T_37.4;
T_37.5 ; for-loop exit label
    %load/vec4 v0x972d17340_0;
    %assign/vec4 v0x972d173e0_0, 0;
    %load/vec4 v0x972d17520_0;
    %assign/vec4 v0x972d175c0_0, 0;
    %load/vec4 v0x972d16ee0_0;
    %load/vec4 v0x972d17340_0;
    %pad/u 32;
    %muli 12, 0, 32;
    %part/u 12;
    %store/vec4 v0x972d16f80_0, 0, 12;
    %load/vec4 v0x972d16f80_0;
    %cmpi/u 880, 0, 12;
    %flag_inv 5; GE is !LT
    %jmp/0xz  T_37.11, 5;
    %pushi/vec4 1, 0, 1;
    %store/vec4 v0x972d17a20_0, 0, 1;
T_37.11 ;
    %pushi/vec4 1, 0, 1;
    %ix/getv 4, v0x972d17340_0;
    %store/vec4 v0x972d17ac0_0, 4, 1;
    %pushi/vec4 1, 0, 1;
    %ix/getv 4, v0x972d17520_0;
    %store/vec4 v0x972d17980_0, 4, 1;
    %load/vec4 v0x972d177a0_0;
    %load/vec4 v0x972d17660_0;
    %sub;
    %cmpi/u 50, 0, 16;
    %flag_or 5, 4; GT is !LE
    %flag_inv 5;
    %jmp/0xz  T_37.13, 5;
    %pushi/vec4 1, 0, 1;
    %assign/vec4 v0x972d16e40_0, 0;
    %load/vec4 v0x972d17840_0;
    %cmpi/e 0, 0, 1;
    %jmp/0xz  T_37.15, 4;
    %pushi/vec4 0, 0, 16;
    %assign/vec4 v0x972d16da0_0, 0;
    %pushi/vec4 0, 0, 16;
    %assign/vec4 v0x972d16d00_0, 0;
    %pushi/vec4 0, 0, 16;
    %assign/vec4 v0x972d17700_0, 0;
    %load/vec4 v0x972d17200_0;
    %cmpi/u 9999, 0, 32;
    %flag_inv 5; GE is !LT
    %jmp/0xz  T_37.17, 5;
    %pushi/vec4 0, 0, 32;
    %assign/vec4 v0x972d17200_0, 0;
    %pushi/vec4 1, 0, 1;
    %assign/vec4 v0x972d17840_0, 0;
    %jmp T_37.18;
T_37.17 ;
    %load/vec4 v0x972d17200_0;
    %addi 1, 0, 32;
    %assign/vec4 v0x972d17200_0, 0;
T_37.18 ;
    %jmp T_37.16;
T_37.15 ;
    %load/vec4 v0x972d17a20_0;
    %flag_set/vec4 8;
    %jmp/0xz  T_37.19, 8;
    %pushi/vec4 0, 0, 16;
    %assign/vec4 v0x972d16da0_0, 0;
    %pushi/vec4 0, 0, 16;
    %assign/vec4 v0x972d16d00_0, 0;
    %pushi/vec4 0, 0, 16;
    %assign/vec4 v0x972d17700_0, 0;
    %jmp T_37.20;
T_37.19 ;
    %load/vec4 v0x972d17ac0_0;
    %assign/vec4 v0x972d16da0_0, 0;
    %load/vec4 v0x972d17980_0;
    %assign/vec4 v0x972d16d00_0, 0;
    %pushi/vec4 0, 0, 16;
    %assign/vec4 v0x972d17700_0, 0;
T_37.20 ;
    %load/vec4 v0x972d17200_0;
    %cmpi/u 49999, 0, 32;
    %flag_inv 5; GE is !LT
    %jmp/0xz  T_37.21, 5;
    %pushi/vec4 0, 0, 32;
    %assign/vec4 v0x972d17200_0, 0;
    %pushi/vec4 0, 0, 1;
    %assign/vec4 v0x972d17840_0, 0;
    %jmp T_37.22;
T_37.21 ;
    %load/vec4 v0x972d17200_0;
    %addi 1, 0, 32;
    %assign/vec4 v0x972d17200_0, 0;
T_37.22 ;
T_37.16 ;
    %jmp T_37.14;
T_37.13 ;
    %load/vec4 v0x972d177a0_0;
    %cmpi/u 50000, 0, 16;
    %flag_or 5, 4; GT is !LE
    %flag_inv 5;
    %jmp/0xz  T_37.23, 5;
    %pushi/vec4 0, 0, 1;
    %assign/vec4 v0x972d16e40_0, 0;
    %pushi/vec4 0, 0, 16;
    %assign/vec4 v0x972d16da0_0, 0;
    %pushi/vec4 0, 0, 16;
    %assign/vec4 v0x972d16d00_0, 0;
    %pushi/vec4 65535, 0, 16;
    %assign/vec4 v0x972d17700_0, 0;
    %pushi/vec4 0, 0, 32;
    %assign/vec4 v0x972d17200_0, 0;
    %pushi/vec4 0, 0, 1;
    %assign/vec4 v0x972d17840_0, 0;
    %jmp T_37.24;
T_37.23 ;
    %pushi/vec4 0, 0, 1;
    %assign/vec4 v0x972d16e40_0, 0;
    %pushi/vec4 0, 0, 16;
    %assign/vec4 v0x972d16da0_0, 0;
    %pushi/vec4 0, 0, 16;
    %assign/vec4 v0x972d16d00_0, 0;
    %pushi/vec4 0, 0, 16;
    %assign/vec4 v0x972d17700_0, 0;
    %pushi/vec4 0, 0, 32;
    %assign/vec4 v0x972d17200_0, 0;
    %pushi/vec4 0, 0, 1;
    %assign/vec4 v0x972d17840_0, 0;
T_37.24 ;
T_37.14 ;
T_37.3 ;
T_37.1 ;
    %jmp T_37;
    .thread T_37;
    .scope S_0x97316b000;
T_38 ;
    %wait E_0x972cf8d00;
    %load/vec4 v0x972d1b700_0;
    %nor/r;
    %flag_set/vec4 8;
    %jmp/0xz  T_38.0, 8;
    %pushi/vec4 1, 0, 1;
    %assign/vec4 v0x972d1b660_0, 0;
    %pushi/vec4 0, 0, 1;
    %assign/vec4 v0x972d1b7a0_0, 0;
    %jmp T_38.1;
T_38.0 ;
    %load/vec4 v0x972d1b520_0;
    %inv;
    %load/vec4 v0x972d1b5c0_0;
    %inv;
    %and;
    %load/vec4 v0x972d1b3e0_0;
    %inv;
    %and;
    %assign/vec4 v0x972d1b7a0_0, 0;
    %load/vec4 v0x972d1b520_0;
    %load/vec4 v0x972d1b5c0_0;
    %or;
    %load/vec4 v0x972d1b3e0_0;
    %or;
    %assign/vec4 v0x972d1b660_0, 0;
T_38.1 ;
    %jmp T_38;
    .thread T_38;
    .scope S_0x97316a880;
T_39 ;
    %wait E_0x972cf8d00;
    %load/vec4 v0x972d188c0_0;
    %nor/r;
    %flag_set/vec4 8;
    %jmp/0xz  T_39.0, 8;
    %pushi/vec4 0, 0, 2;
    %assign/vec4 v0x972d18a00_0, 0;
    %pushi/vec4 0, 0, 4;
    %assign/vec4 v0x972d186e0_0, 0;
    %pushi/vec4 0, 0, 8;
    %assign/vec4 v0x972d18960_0, 0;
    %pushi/vec4 0, 0, 16;
    %assign/vec4 v0x972d18640_0, 0;
    %pushi/vec4 1, 0, 1;
    %assign/vec4 v0x972d18b40_0, 0;
    %pushi/vec4 1, 0, 1;
    %assign/vec4 v0x972d18c80_0, 0;
    %pushi/vec4 0, 0, 1;
    %assign/vec4 v0x972d18780_0, 0;
    %jmp T_39.1;
T_39.0 ;
    %load/vec4 v0x972d18a00_0;
    %dup/vec4;
    %pushi/vec4 0, 0, 2;
    %cmp/u;
    %jmp/1 T_39.2, 6;
    %dup/vec4;
    %pushi/vec4 1, 0, 2;
    %cmp/u;
    %jmp/1 T_39.3, 6;
    %dup/vec4;
    %pushi/vec4 2, 0, 2;
    %cmp/u;
    %jmp/1 T_39.4, 6;
    %pushi/vec4 1, 0, 1;
    %assign/vec4 v0x972d18c80_0, 0;
    %load/vec4 v0x972d18640_0;
    %cmpi/e 15, 0, 16;
    %jmp/0xz  T_39.7, 4;
    %pushi/vec4 0, 0, 16;
    %assign/vec4 v0x972d18640_0, 0;
    %pushi/vec4 0, 0, 2;
    %assign/vec4 v0x972d18a00_0, 0;
    %jmp T_39.8;
T_39.7 ;
    %load/vec4 v0x972d18640_0;
    %addi 1, 0, 16;
    %assign/vec4 v0x972d18640_0, 0;
T_39.8 ;
    %jmp T_39.6;
T_39.2 ;
    %pushi/vec4 1, 0, 1;
    %assign/vec4 v0x972d18c80_0, 0;
    %pushi/vec4 1, 0, 1;
    %assign/vec4 v0x972d18b40_0, 0;
    %pushi/vec4 0, 0, 1;
    %assign/vec4 v0x972d18780_0, 0;
    %pushi/vec4 0, 0, 4;
    %assign/vec4 v0x972d186e0_0, 0;
    %pushi/vec4 0, 0, 16;
    %assign/vec4 v0x972d18640_0, 0;
    %load/vec4 v0x972d18be0_0;
    %flag_set/vec4 8;
    %jmp/0xz  T_39.9, 8;
    %load/vec4 v0x972d18aa0_0;
    %assign/vec4 v0x972d18960_0, 0;
    %pushi/vec4 0, 0, 1;
    %assign/vec4 v0x972d18b40_0, 0;
    %pushi/vec4 1, 0, 1;
    %assign/vec4 v0x972d18780_0, 0;
    %pushi/vec4 1, 0, 2;
    %assign/vec4 v0x972d18a00_0, 0;
T_39.9 ;
    %jmp T_39.6;
T_39.3 ;
    %pushi/vec4 0, 0, 1;
    %assign/vec4 v0x972d18c80_0, 0;
    %load/vec4 v0x972d18640_0;
    %cmpi/e 15, 0, 16;
    %jmp/0xz  T_39.11, 4;
    %pushi/vec4 0, 0, 16;
    %assign/vec4 v0x972d18640_0, 0;
    %pushi/vec4 2, 0, 2;
    %assign/vec4 v0x972d18a00_0, 0;
    %jmp T_39.12;
T_39.11 ;
    %load/vec4 v0x972d18640_0;
    %addi 1, 0, 16;
    %assign/vec4 v0x972d18640_0, 0;
T_39.12 ;
    %jmp T_39.6;
T_39.4 ;
    %load/vec4 v0x972d18960_0;
    %parti/s 1, 0, 2;
    %assign/vec4 v0x972d18c80_0, 0;
    %load/vec4 v0x972d18640_0;
    %cmpi/e 15, 0, 16;
    %jmp/0xz  T_39.13, 4;
    %pushi/vec4 0, 0, 16;
    %assign/vec4 v0x972d18640_0, 0;
    %pushi/vec4 0, 0, 1;
    %load/vec4 v0x972d18960_0;
    %parti/s 7, 1, 2;
    %concat/vec4; draw_concat_vec4
    %assign/vec4 v0x972d18960_0, 0;
    %load/vec4 v0x972d186e0_0;
    %cmpi/e 7, 0, 4;
    %jmp/0xz  T_39.15, 4;
    %pushi/vec4 3, 0, 2;
    %assign/vec4 v0x972d18a00_0, 0;
    %jmp T_39.16;
T_39.15 ;
    %load/vec4 v0x972d186e0_0;
    %addi 1, 0, 4;
    %assign/vec4 v0x972d186e0_0, 0;
T_39.16 ;
    %jmp T_39.14;
T_39.13 ;
    %load/vec4 v0x972d18640_0;
    %addi 1, 0, 16;
    %assign/vec4 v0x972d18640_0, 0;
T_39.14 ;
    %jmp T_39.6;
T_39.6 ;
    %pop/vec4 1;
T_39.1 ;
    %jmp T_39;
    .thread T_39;
    .scope S_0x97316a700;
T_40 ;
    %wait E_0x972cf8f40;
    %load/vec4 v0x972d18140_0;
    %nor/r;
    %flag_set/vec4 8;
    %jmp/0xz  T_40.0, 8;
    %pushi/vec4 0, 0, 8;
    %assign/vec4 v0x972d185a0_0, 0;
    %jmp T_40.1;
T_40.0 ;
    %load/vec4 v0x972d18500_0;
    %assign/vec4 v0x972d185a0_0, 0;
T_40.1 ;
    %jmp T_40;
    .thread T_40;
    .scope S_0x97316a700;
T_41 ;
    %wait E_0x972cf8f00;
    %load/vec4 v0x972d18140_0;
    %nor/r;
    %flag_set/vec4 8;
    %jmp/0xz  T_41.0, 8;
    %pushi/vec4 0, 0, 3;
    %assign/vec4 v0x972d17f20_0, 0;
    %pushi/vec4 0, 0, 8;
    %assign/vec4 v0x972d18280_0, 0;
    %pushi/vec4 0, 0, 8;
    %assign/vec4 v0x972d181e0_0, 0;
    %pushi/vec4 0, 0, 1;
    %assign/vec4 v0x972d18320_0, 0;
    %jmp T_41.1;
T_41.0 ;
    %load/vec4 v0x972d18460_0;
    %nor/r;
    %flag_set/vec4 8;
    %jmp/0xz  T_41.2, 8;
    %load/vec4 v0x972d18280_0;
    %parti/s 7, 0, 2;
    %load/vec4 v0x972d180a0_0;
    %concat/vec4; draw_concat_vec4
    %assign/vec4 v0x972d18280_0, 0;
    %pushi/vec4 0, 0, 1;
    %assign/vec4 v0x972d18320_0, 0;
    %load/vec4 v0x972d17f20_0;
    %cmpi/e 7, 0, 3;
    %jmp/0xz  T_41.4, 4;
    %pushi/vec4 0, 0, 3;
    %assign/vec4 v0x972d17f20_0, 0;
    %load/vec4 v0x972d18280_0;
    %parti/s 7, 0, 2;
    %load/vec4 v0x972d180a0_0;
    %concat/vec4; draw_concat_vec4
    %assign/vec4 v0x972d181e0_0, 0;
    %pushi/vec4 1, 0, 1;
    %assign/vec4 v0x972d18320_0, 0;
    %jmp T_41.5;
T_41.4 ;
    %load/vec4 v0x972d17f20_0;
    %addi 1, 0, 3;
    %assign/vec4 v0x972d17f20_0, 0;
T_41.5 ;
    %jmp T_41.3;
T_41.2 ;
    %pushi/vec4 0, 0, 3;
    %assign/vec4 v0x972d17f20_0, 0;
    %pushi/vec4 0, 0, 1;
    %assign/vec4 v0x972d18320_0, 0;
T_41.3 ;
T_41.1 ;
    %jmp T_41;
    .thread T_41;
    .scope S_0x97316a700;
T_42 ;
    %wait E_0x972cf8ec0;
    %load/vec4 v0x972d18140_0;
    %nor/r;
    %flag_set/vec4 8;
    %jmp/0xz  T_42.0, 8;
    %pushi/vec4 0, 0, 1;
    %assign/vec4 v0x972d18000_0, 0;
    %pushi/vec4 0, 0, 8;
    %assign/vec4 v0x972d185a0_0, 0;
    %jmp T_42.1;
T_42.0 ;
    %load/vec4 v0x972d18460_0;
    %nor/r;
    %flag_set/vec4 8;
    %jmp/0xz  T_42.2, 8;
    %load/vec4 v0x972d185a0_0;
    %parti/s 1, 7, 4;
    %assign/vec4 v0x972d18000_0, 0;
    %load/vec4 v0x972d185a0_0;
    %parti/s 7, 0, 2;
    %concati/vec4 0, 0, 1;
    %assign/vec4 v0x972d185a0_0, 0;
    %jmp T_42.3;
T_42.2 ;
    %pushi/vec4 0, 0, 1;
    %assign/vec4 v0x972d18000_0, 0;
T_42.3 ;
T_42.1 ;
    %jmp T_42;
    .thread T_42;
    .scope S_0x97316a580;
T_43 ;
    %wait E_0x972cf8d00;
    %load/vec4 v0x972d17e80_0;
    %nor/r;
    %flag_set/vec4 8;
    %jmp/0xz  T_43.0, 8;
    %pushi/vec4 0, 0, 1;
    %assign/vec4 v0x972d17ca0_0, 0;
    %pushi/vec4 0, 0, 64;
    %assign/vec4 v0x972d17c00_0, 0;
    %jmp T_43.1;
T_43.0 ;
    %load/vec4 v0x972d17de0_0;
    %assign/vec4 v0x972d17ca0_0, 0;
    %load/vec4 v0x972d17de0_0;
    %flag_set/vec4 8;
    %jmp/0xz  T_43.2, 8;
    %load/vec4 v0x972d17d40_0;
    %assign/vec4 v0x972d17c00_0, 0;
T_43.2 ;
T_43.1 ;
    %jmp T_43;
    .thread T_43;
    .scope S_0x97316ae80;
T_44 ;
    %wait E_0x972cf8d00;
    %load/vec4 v0x972d1b200_0;
    %nor/r;
    %flag_set/vec4 8;
    %jmp/0xz  T_44.0, 8;
    %pushi/vec4 0, 0, 4;
    %assign/vec4 v0x972d1b340_0, 0;
    %pushi/vec4 0, 0, 1;
    %assign/vec4 v0x972d1b160_0, 0;
    %jmp T_44.1;
T_44.0 ;
    %load/vec4 v0x972d1b0c0_0;
    %flag_set/vec4 8;
    %jmp/0xz  T_44.2, 8;
    %load/vec4 v0x972d1b2a0_0;
    %load/vec4 v0x972d1af80_0;
    %concat/vec4; draw_concat_vec4
    %load/vec4 v0x972d1b340_0;
    %pad/u 6;
    %ix/vec4 3;
    %ix/load 4, 0, 0; Constant delay
    %assign/vec4/a/d v0x972d1b020, 0, 4;
    %load/vec4 v0x972d1b340_0;
    %pad/u 32;
    %cmpi/e 15, 0, 32;
    %jmp/0xz  T_44.4, 4;
    %pushi/vec4 0, 0, 4;
    %assign/vec4 v0x972d1b340_0, 0;
    %pushi/vec4 1, 0, 1;
    %assign/vec4 v0x972d1b160_0, 0;
    %jmp T_44.5;
T_44.4 ;
    %load/vec4 v0x972d1b340_0;
    %addi 1, 0, 4;
    %assign/vec4 v0x972d1b340_0, 0;
T_44.5 ;
T_44.2 ;
T_44.1 ;
    %jmp T_44;
    .thread T_44;
    .scope S_0x973169f80;
T_45 ;
    %wait E_0x972cf8d00;
    %load/vec4 v0x972d1d680_0;
    %nor/r;
    %flag_set/vec4 8;
    %jmp/0xz  T_45.0, 8;
    %pushi/vec4 0, 0, 16;
    %assign/vec4 v0x972d1dd60_0, 0;
    %jmp T_45.1;
T_45.0 ;
    %load/vec4 v0x972d1dd60_0;
    %addi 1, 0, 16;
    %assign/vec4 v0x972d1dd60_0, 0;
T_45.1 ;
    %jmp T_45;
    .thread T_45;
    .scope S_0x973169f80;
T_46 ;
    %wait E_0x972cf8d00;
    %load/vec4 v0x972d1d680_0;
    %nor/r;
    %flag_set/vec4 8;
    %jmp/0xz  T_46.0, 8;
    %pushi/vec4 0, 0, 1;
    %assign/vec4 v0x972d1cfa0_0, 0;
    %jmp T_46.1;
T_46.0 ;
    %load/vec4 v0x972d1cf00_0;
    %assign/vec4 v0x972d1cfa0_0, 0;
T_46.1 ;
    %jmp T_46;
    .thread T_46;
    .scope S_0x97316b600;
T_47 ;
    %wait E_0x972cf8d00;
    %load/vec4 v0x972d1fd40_0;
    %nor/r;
    %flag_set/vec4 8;
    %jmp/0xz  T_47.0, 8;
    %pushi/vec4 0, 0, 8;
    %assign/vec4 v0x972d1fa20_0, 0;
    %pushi/vec4 0, 0, 4;
    %assign/vec4 v0x972d1f840_0, 0;
    %pushi/vec4 0, 0, 8;
    %assign/vec4 v0x972d20280_0, 0;
    %pushi/vec4 0, 0, 8;
    %assign/vec4 v0x972d1fe80_0, 0;
    %pushi/vec4 0, 0, 2;
    %assign/vec4 v0x972d20140_0, 0;
    %pushi/vec4 0, 0, 1;
    %assign/vec4 v0x972d1f8e0_0, 0;
    %pushi/vec4 0, 0, 1;
    %assign/vec4 v0x972d1fb60_0, 0;
    %pushi/vec4 0, 0, 8;
    %assign/vec4 v0x972d1fde0_0, 0;
    %pushi/vec4 0, 0, 1;
    %assign/vec4 v0x972d1ff20_0, 0;
    %pushi/vec4 0, 0, 1;
    %assign/vec4 v0x972d1fca0_0, 0;
    %pushi/vec4 7, 0, 3;
    %assign/vec4 v0x972d1fac0_0, 0;
    %jmp T_47.1;
T_47.0 ;
    %load/vec4 v0x972d20140_0;
    %dup/vec4;
    %pushi/vec4 0, 0, 2;
    %cmp/u;
    %jmp/1 T_47.2, 6;
    %dup/vec4;
    %pushi/vec4 1, 0, 2;
    %cmp/u;
    %jmp/1 T_47.3, 6;
    %pushi/vec4 7, 0, 3;
    %assign/vec4 v0x972d1fac0_0, 0;
    %pushi/vec4 0, 0, 1;
    %assign/vec4 v0x972d1ff20_0, 0;
    %pushi/vec4 0, 0, 1;
    %assign/vec4 v0x972d1f8e0_0, 0;
    %pushi/vec4 1, 0, 1;
    %assign/vec4 v0x972d1fb60_0, 0;
    %pushi/vec4 0, 0, 2;
    %assign/vec4 v0x972d20140_0, 0;
    %jmp T_47.5;
T_47.2 ;
    %pushi/vec4 0, 0, 8;
    %assign/vec4 v0x972d1fa20_0, 0;
    %pushi/vec4 0, 0, 4;
    %assign/vec4 v0x972d1f840_0, 0;
    %pushi/vec4 0, 0, 1;
    %assign/vec4 v0x972d1fb60_0, 0;
    %pushi/vec4 0, 0, 1;
    %assign/vec4 v0x972d1f8e0_0, 0;
    %pushi/vec4 0, 0, 1;
    %assign/vec4 v0x972d1ff20_0, 0;
    %pushi/vec4 7, 0, 3;
    %assign/vec4 v0x972d1fac0_0, 0;
    %load/vec4 v0x972d200a0_0;
    %flag_set/vec4 8;
    %jmp/0xz  T_47.6, 8;
    %pushi/vec4 1, 0, 1;
    %assign/vec4 v0x972d1f8e0_0, 0;
    %load/vec4 v0x972d201e0_0;
    %assign/vec4 v0x972d20280_0, 0;
    %pushi/vec4 0, 0, 8;
    %assign/vec4 v0x972d1fe80_0, 0;
    %load/vec4 v0x972d201e0_0;
    %parti/s 1, 7, 4;
    %assign/vec4 v0x972d1fca0_0, 0;
    %load/vec4 v0x972d20000_0;
    %dup/vec4;
    %pushi/vec4 0, 0, 2;
    %cmp/u;
    %jmp/1 T_47.8, 6;
    %dup/vec4;
    %pushi/vec4 1, 0, 2;
    %cmp/u;
    %jmp/1 T_47.9, 6;
    %dup/vec4;
    %pushi/vec4 2, 0, 2;
    %cmp/u;
    %jmp/1 T_47.10, 6;
    %pushi/vec4 7, 0, 3;
    %assign/vec4 v0x972d1fac0_0, 0;
    %jmp T_47.12;
T_47.8 ;
    %pushi/vec4 6, 0, 3;
    %assign/vec4 v0x972d1fac0_0, 0;
    %jmp T_47.12;
T_47.9 ;
    %pushi/vec4 5, 0, 3;
    %assign/vec4 v0x972d1fac0_0, 0;
    %jmp T_47.12;
T_47.10 ;
    %pushi/vec4 3, 0, 3;
    %assign/vec4 v0x972d1fac0_0, 0;
    %jmp T_47.12;
T_47.12 ;
    %pop/vec4 1;
    %pushi/vec4 1, 0, 2;
    %assign/vec4 v0x972d20140_0, 0;
T_47.6 ;
    %jmp T_47.5;
T_47.3 ;
    %load/vec4 v0x972d1fa20_0;
    %cmpi/e 7, 0, 8;
    %jmp/0xz  T_47.13, 4;
    %pushi/vec4 0, 0, 8;
    %assign/vec4 v0x972d1fa20_0, 0;
    %load/vec4 v0x972d1ff20_0;
    %inv;
    %assign/vec4 v0x972d1ff20_0, 0;
    %load/vec4 v0x972d1ff20_0;
    %cmpi/e 0, 0, 1;
    %jmp/0xz  T_47.15, 4;
    %load/vec4 v0x972d1fe80_0;
    %parti/s 7, 0, 2;
    %load/vec4 v0x972d1fc00_0;
    %concat/vec4; draw_concat_vec4
    %assign/vec4 v0x972d1fe80_0, 0;
    %load/vec4 v0x972d1f840_0;
    %cmpi/e 7, 0, 4;
    %jmp/0xz  T_47.17, 4;
    %load/vec4 v0x972d1fe80_0;
    %parti/s 7, 0, 2;
    %load/vec4 v0x972d1fc00_0;
    %concat/vec4; draw_concat_vec4
    %assign/vec4 v0x972d1fde0_0, 0;
    %pushi/vec4 2, 0, 2;
    %assign/vec4 v0x972d20140_0, 0;
    %jmp T_47.18;
T_47.17 ;
    %load/vec4 v0x972d1f840_0;
    %addi 1, 0, 4;
    %assign/vec4 v0x972d1f840_0, 0;
    %load/vec4 v0x972d20280_0;
    %parti/s 7, 0, 2;
    %concati/vec4 0, 0, 1;
    %assign/vec4 v0x972d20280_0, 0;
    %load/vec4 v0x972d20280_0;
    %parti/s 1, 6, 4;
    %assign/vec4 v0x972d1fca0_0, 0;
T_47.18 ;
T_47.15 ;
    %jmp T_47.14;
T_47.13 ;
    %load/vec4 v0x972d1fa20_0;
    %addi 1, 0, 8;
    %assign/vec4 v0x972d1fa20_0, 0;
T_47.14 ;
    %jmp T_47.5;
T_47.5 ;
    %pop/vec4 1;
T_47.1 ;
    %jmp T_47;
    .thread T_47;
    .scope S_0x97316b480;
T_48 ;
    %wait E_0x972cf8d00;
    %load/vec4 v0x972d1f5c0_0;
    %nor/r;
    %flag_set/vec4 8;
    %jmp/0xz  T_48.0, 8;
    %pushi/vec4 0, 0, 1;
    %assign/vec4 v0x972d1f2a0_0, 0;
    %pushi/vec4 0, 0, 1;
    %assign/vec4 v0x972d1f200_0, 0;
    %pushi/vec4 0, 0, 1;
    %assign/vec4 v0x972d1f7a0_0, 0;
    %pushi/vec4 0, 0, 1;
    %assign/vec4 v0x972d1f700_0, 0;
    %pushi/vec4 0, 0, 1;
    %assign/vec4 v0x972d1f3e0_0, 0;
    %pushi/vec4 300, 0, 16;
    %assign/vec4 v0x972d1f0c0_0, 0;
    %pushi/vec4 0, 0, 8;
    %assign/vec4 v0x972d1f660_0, 0;
    %jmp T_48.1;
T_48.0 ;
    %pushi/vec4 240, 0, 16;
    %load/vec4 v0x972d1f520_0;
    %cmp/u;
    %flag_get/vec4 4;
    %flag_get/vec4 5;
    %or;
    %assign/vec4 v0x972d1f2a0_0, 0;
    %pushi/vec4 300, 0, 16;
    %load/vec4 v0x972d1f520_0;
    %cmp/u;
    %flag_get/vec4 4;
    %flag_get/vec4 5;
    %or;
    %assign/vec4 v0x972d1f200_0, 0;
    %pushi/vec4 65, 0, 12;
    %load/vec4 v0x972d1f480_0;
    %cmp/u;
    %flag_get/vec4 4;
    %flag_get/vec4 5;
    %or;
    %assign/vec4 v0x972d1f7a0_0, 0;
    %pushi/vec4 80, 0, 12;
    %load/vec4 v0x972d1f480_0;
    %cmp/u;
    %flag_get/vec4 4;
    %flag_get/vec4 5;
    %or;
    %assign/vec4 v0x972d1f700_0, 0;
    %pushi/vec4 3, 0, 4;
    %load/vec4 v0x972d1f020_0;
    %cmp/u;
    %flag_get/vec4 5;
    %assign/vec4 v0x972d1f3e0_0, 0;
    %load/vec4 v0x972d1f480_0;
    %cmpi/u 80, 0, 12;
    %flag_inv 5; GE is !LT
    %jmp/0xz  T_48.2, 5;
    %pushi/vec4 75, 0, 16;
    %assign/vec4 v0x972d1f0c0_0, 0;
    %jmp T_48.3;
T_48.2 ;
    %load/vec4 v0x972d1f480_0;
    %cmpi/u 65, 0, 12;
    %flag_inv 5; GE is !LT
    %jmp/0xz  T_48.4, 5;
    %pushi/vec4 150, 0, 16;
    %assign/vec4 v0x972d1f0c0_0, 0;
    %jmp T_48.5;
T_48.4 ;
    %pushi/vec4 300, 0, 16;
    %assign/vec4 v0x972d1f0c0_0, 0;
T_48.5 ;
T_48.3 ;
    %load/vec4 v0x972d1f340_0;
    %flag_set/vec4 8;
    %jmp/0xz  T_48.6, 8;
    %pushi/vec4 225, 0, 8;
    %assign/vec4 v0x972d1f660_0, 0;
    %jmp T_48.7;
T_48.6 ;
    %load/vec4 v0x972d1f020_0;
    %cmpi/u 3, 0, 4;
    %flag_or 5, 4; GT is !LE
    %flag_inv 5;
    %jmp/0xz  T_48.8, 5;
    %pushi/vec4 226, 0, 8;
    %assign/vec4 v0x972d1f660_0, 0;
    %jmp T_48.9;
T_48.8 ;
    %load/vec4 v0x972d1f520_0;
    %cmpi/u 300, 0, 16;
    %flag_inv 5; GE is !LT
    %jmp/0xz  T_48.10, 5;
    %pushi/vec4 227, 0, 8;
    %assign/vec4 v0x972d1f660_0, 0;
    %jmp T_48.11;
T_48.10 ;
    %load/vec4 v0x972d1f480_0;
    %cmpi/u 80, 0, 12;
    %flag_inv 5; GE is !LT
    %jmp/0xz  T_48.12, 5;
    %pushi/vec4 228, 0, 8;
    %assign/vec4 v0x972d1f660_0, 0;
    %jmp T_48.13;
T_48.12 ;
    %load/vec4 v0x972d1f520_0;
    %cmpi/u 240, 0, 16;
    %flag_inv 5; GE is !LT
    %jmp/1 T_48.16, 5;
    %flag_mov 8, 5;
    %load/vec4 v0x972d1f480_0;
    %cmpi/u 65, 0, 12;
    %flag_inv 5; GE is !LT
    %flag_or 5, 8;
T_48.16;
    %jmp/0xz  T_48.14, 5;
    %pushi/vec4 161, 0, 8;
    %assign/vec4 v0x972d1f660_0, 0;
    %jmp T_48.15;
T_48.14 ;
    %pushi/vec4 0, 0, 8;
    %assign/vec4 v0x972d1f660_0, 0;
T_48.15 ;
T_48.13 ;
T_48.11 ;
T_48.9 ;
T_48.7 ;
T_48.1 ;
    %jmp T_48;
    .thread T_48;
    .scope S_0x97316b300;
T_49 ;
    %wait E_0x972cf8d00;
    %load/vec4 v0x972d21540_0;
    %nor/r;
    %flag_set/vec4 8;
    %jmp/0xz  T_49.0, 8;
    %pushi/vec4 0, 0, 1;
    %assign/vec4 v0x972d21ae0_0, 0;
    %pushi/vec4 0, 0, 2;
    %assign/vec4 v0x972d21a40_0, 0;
    %pushi/vec4 0, 0, 8;
    %assign/vec4 v0x972d21b80_0, 0;
    %pushi/vec4 0, 0, 16;
    %assign/vec4 v0x972d21360_0, 0;
    %pushi/vec4 0, 0, 16;
    %assign/vec4 v0x972d21400_0, 0;
    %pushi/vec4 0, 0, 1;
    %assign/vec4 v0x972d206e0_0, 0;
    %pushi/vec4 0, 0, 8;
    %assign/vec4 v0x972d20780_0, 0;
    %pushi/vec4 0, 0, 2;
    %assign/vec4 v0x972d203c0_0, 0;
    %pushi/vec4 0, 0, 1;
    %assign/vec4 v0x972d214a0_0, 0;
    %pushi/vec4 0, 0, 12;
    %assign/vec4 v0x972d21220_0, 0;
    %pushi/vec4 0, 0, 3;
    %assign/vec4 v0x972d21cc0_0, 0;
    %jmp T_49.1;
T_49.0 ;
    %pushi/vec4 0, 0, 1;
    %assign/vec4 v0x972d21ae0_0, 0;
    %load/vec4 v0x972d21cc0_0;
    %dup/vec4;
    %pushi/vec4 0, 0, 3;
    %cmp/u;
    %jmp/1 T_49.2, 6;
    %dup/vec4;
    %pushi/vec4 1, 0, 3;
    %cmp/u;
    %jmp/1 T_49.3, 6;
    %dup/vec4;
    %pushi/vec4 2, 0, 3;
    %cmp/u;
    %jmp/1 T_49.4, 6;
    %dup/vec4;
    %pushi/vec4 3, 0, 3;
    %cmp/u;
    %jmp/1 T_49.5, 6;
    %load/vec4 v0x972d20960_0;
    %load/vec4 v0x972d20c80_0;
    %add;
    %load/vec4 v0x972d20fa0_0;
    %add;
    %pushi/vec4 3, 0, 16;
    %div;
    %assign/vec4 v0x972d21360_0, 0;
    %load/vec4 v0x972d20a00_0;
    %load/vec4 v0x972d20d20_0;
    %add;
    %load/vec4 v0x972d21040_0;
    %add;
    %pushi/vec4 3, 0, 16;
    %div;
    %assign/vec4 v0x972d21400_0, 0;
    %load/vec4 v0x972d20dc0_0;
    %load/vec4 v0x972d20aa0_0;
    %cmp/u;
    %flag_or 5, 4;
    %flag_get/vec4 5;
    %jmp/0 T_49.10, 5;
    %load/vec4 v0x972d210e0_0;
    %load/vec4 v0x972d20aa0_0;
    %cmp/u;
    %flag_get/vec4 4;
    %flag_get/vec4 5;
    %or;
    %and;
T_49.10;
    %flag_set/vec4 8;
    %jmp/0xz  T_49.8, 8;
    %load/vec4 v0x972d20aa0_0;
    %assign/vec4 v0x972d21220_0, 0;
    %jmp T_49.9;
T_49.8 ;
    %load/vec4 v0x972d210e0_0;
    %load/vec4 v0x972d20dc0_0;
    %cmp/u;
    %flag_or 5, 4;
    %jmp/0xz  T_49.11, 5;
    %load/vec4 v0x972d20dc0_0;
    %assign/vec4 v0x972d21220_0, 0;
    %jmp T_49.12;
T_49.11 ;
    %load/vec4 v0x972d210e0_0;
    %assign/vec4 v0x972d21220_0, 0;
T_49.12 ;
T_49.9 ;
    %load/vec4 v0x972d20820_0;
    %load/vec4 v0x972d20b40_0;
    %or;
    %load/vec4 v0x972d20e60_0;
    %or;
    %assign/vec4 v0x972d206e0_0, 0;
    %load/vec4 v0x972d20820_0;
    %flag_set/vec4 8;
    %jmp/0xz  T_49.13, 8;
    %load/vec4 v0x972d208c0_0;
    %assign/vec4 v0x972d20780_0, 0;
    %jmp T_49.14;
T_49.13 ;
    %load/vec4 v0x972d20b40_0;
    %flag_set/vec4 8;
    %jmp/0xz  T_49.15, 8;
    %load/vec4 v0x972d20be0_0;
    %assign/vec4 v0x972d20780_0, 0;
    %jmp T_49.16;
T_49.15 ;
    %load/vec4 v0x972d20e60_0;
    %flag_set/vec4 8;
    %jmp/0xz  T_49.17, 8;
    %load/vec4 v0x972d20f00_0;
    %assign/vec4 v0x972d20780_0, 0;
    %jmp T_49.18;
T_49.17 ;
    %pushi/vec4 0, 0, 8;
    %assign/vec4 v0x972d20780_0, 0;
T_49.18 ;
T_49.16 ;
T_49.14 ;
    %pushi/vec4 0, 0, 1;
    %assign/vec4 v0x972d214a0_0, 0;
    %pushi/vec4 0, 0, 3;
    %assign/vec4 v0x972d21cc0_0, 0;
    %jmp T_49.7;
T_49.2 ;
    %pushi/vec4 0, 0, 1;
    %assign/vec4 v0x972d214a0_0, 0;
    %load/vec4 v0x972d21c20_0;
    %flag_set/vec4 8;
    %jmp/0xz  T_49.19, 8;
    %pushi/vec4 1, 0, 1;
    %assign/vec4 v0x972d214a0_0, 0;
    %pushi/vec4 0, 0, 2;
    %assign/vec4 v0x972d203c0_0, 0;
    %pushi/vec4 0, 0, 2;
    %assign/vec4 v0x972d21a40_0, 0;
    %pushi/vec4 176, 0, 8;
    %assign/vec4 v0x972d21b80_0, 0;
    %pushi/vec4 1, 0, 1;
    %assign/vec4 v0x972d21ae0_0, 0;
    %pushi/vec4 1, 0, 3;
    %assign/vec4 v0x972d21cc0_0, 0;
T_49.19 ;
    %jmp T_49.7;
T_49.3 ;
    %load/vec4 v0x972d21720_0;
    %flag_set/vec4 8;
    %jmp/0xz  T_49.21, 8;
    %pushi/vec4 1, 0, 2;
    %assign/vec4 v0x972d203c0_0, 0;
    %pushi/vec4 1, 0, 2;
    %assign/vec4 v0x972d21a40_0, 0;
    %pushi/vec4 177, 0, 8;
    %assign/vec4 v0x972d21b80_0, 0;
    %pushi/vec4 1, 0, 1;
    %assign/vec4 v0x972d21ae0_0, 0;
    %pushi/vec4 2, 0, 3;
    %assign/vec4 v0x972d21cc0_0, 0;
T_49.21 ;
    %jmp T_49.7;
T_49.4 ;
    %load/vec4 v0x972d21720_0;
    %flag_set/vec4 8;
    %jmp/0xz  T_49.23, 8;
    %pushi/vec4 2, 0, 2;
    %assign/vec4 v0x972d203c0_0, 0;
    %pushi/vec4 2, 0, 2;
    %assign/vec4 v0x972d21a40_0, 0;
    %pushi/vec4 178, 0, 8;
    %assign/vec4 v0x972d21b80_0, 0;
    %pushi/vec4 1, 0, 1;
    %assign/vec4 v0x972d21ae0_0, 0;
    %pushi/vec4 3, 0, 3;
    %assign/vec4 v0x972d21cc0_0, 0;
T_49.23 ;
    %jmp T_49.7;
T_49.5 ;
    %load/vec4 v0x972d21720_0;
    %flag_set/vec4 8;
    %jmp/0xz  T_49.25, 8;
    %pushi/vec4 4, 0, 3;
    %assign/vec4 v0x972d21cc0_0, 0;
T_49.25 ;
    %jmp T_49.7;
T_49.7 ;
    %pop/vec4 1;
T_49.1 ;
    %jmp T_49;
    .thread T_49;
    .scope S_0x1051ec970;
T_50 ;
    %pushi/vec4 0, 0, 1;
    %store/vec4 v0x972d254a0_0, 0, 1;
T_50.0 ;
    %delay 5, 0;
    %load/vec4 v0x972d254a0_0;
    %inv;
    %store/vec4 v0x972d254a0_0, 0, 1;
    %jmp T_50.0;
T_50.1 ;
    %end;
    .thread T_50;
    .scope S_0x1051ec970;
T_51 ;
    %vpi_call/w 3 66 "$dumpfile", "sim/tb_bms_system_3lmu_top_enhanced.vcd" {0 0 0};
    %vpi_call/w 3 67 "$dumpvars", 32'sb00000000000000000000000000000000, S_0x1051ec970 {0 0 0};
    %pushi/vec4 0, 0, 32;
    %store/vec4 v0x972d26bc0_0, 0, 32;
    %pushi/vec4 0, 0, 32;
    %store/vec4 v0x972d25540_0, 0, 32;
    %pushi/vec4 0, 0, 1;
    %store/vec4 v0x972d26c60_0, 0, 1;
    %pushi/vec4 0, 0, 1;
    %store/vec4 v0x972d26f80_0, 0, 1;
    %pushi/vec4 120, 0, 16;
    %store/vec4 v0x972d269e0_0, 0, 16;
    %pushi/vec4 0, 0, 1;
    %store/vec4 v0x972d26da0_0, 0, 1;
    %pushi/vec4 0, 0, 1;
    %store/vec4 v0x972d257c0_0, 0, 1;
    %pushi/vec4 0, 0, 1;
    %store/vec4 v0x972d25e00_0, 0, 1;
    %pushi/vec4 0, 0, 1;
    %store/vec4 v0x972d26440_0, 0, 1;
    %pushi/vec4 0, 0, 1;
    %store/vec4 v0x972d25860_0, 0, 1;
    %pushi/vec4 0, 0, 1;
    %store/vec4 v0x972d25ea0_0, 0, 1;
    %pushi/vec4 0, 0, 1;
    %store/vec4 v0x972d264e0_0, 0, 1;
    %pushi/vec4 3900, 0, 16;
    %store/vec4 v0x972d25720_0, 0, 16;
    %pushi/vec4 3850, 0, 16;
    %store/vec4 v0x972d25d60_0, 0, 16;
    %pushi/vec4 3800, 0, 16;
    %store/vec4 v0x972d263a0_0, 0, 16;
    %pushi/vec4 100, 0, 16;
    %store/vec4 v0x972d25b80_0, 0, 16;
    %pushi/vec4 105, 0, 16;
    %store/vec4 v0x972d261c0_0, 0, 16;
    %pushi/vec4 110, 0, 16;
    %store/vec4 v0x972d26800_0, 0, 16;
    %pushi/vec4 3800, 0, 16;
    %store/vec4 v0x972d25c20_0, 0, 16;
    %pushi/vec4 3790, 0, 16;
    %store/vec4 v0x972d26260_0, 0, 16;
    %pushi/vec4 3780, 0, 16;
    %store/vec4 v0x972d268a0_0, 0, 16;
    %pushi/vec4 100, 0, 16;
    %store/vec4 v0x972d259a0_0, 0, 16;
    %pushi/vec4 120, 0, 16;
    %store/vec4 v0x972d25fe0_0, 0, 16;
    %pushi/vec4 140, 0, 16;
    %store/vec4 v0x972d26620_0, 0, 16;
    %pushi/vec4 35, 0, 12;
    %store/vec4 v0x972d25cc0_0, 0, 12;
    %pushi/vec4 37, 0, 12;
    %store/vec4 v0x972d26300_0, 0, 12;
    %pushi/vec4 39, 0, 12;
    %store/vec4 v0x972d26940_0, 0, 12;
    %pushi/vec4 2349383820, 0, 38;
    %concati/vec4 2349383820, 0, 36;
    %concati/vec4 2349383820, 0, 36;
    %concati/vec4 2349383820, 0, 36;
    %concati/vec4 2349383820, 0, 36;
    %concati/vec4 35, 0, 10;
    %store/vec4 v0x972d25900_0, 0, 192;
    %pushi/vec4 2416509072, 0, 38;
    %concati/vec4 2416509072, 0, 36;
    %concati/vec4 2416509072, 0, 36;
    %concati/vec4 2416509072, 0, 36;
    %concati/vec4 2416509072, 0, 36;
    %concati/vec4 36, 0, 10;
    %store/vec4 v0x972d25f40_0, 0, 192;
    %pushi/vec4 2483634324, 0, 38;
    %concati/vec4 2483634324, 0, 36;
    %concati/vec4 2483634324, 0, 36;
    %concati/vec4 2483634324, 0, 36;
    %concati/vec4 2483634324, 0, 36;
    %concati/vec4 37, 0, 10;
    %store/vec4 v0x972d26580_0, 0, 192;
    %pushi/vec4 5000, 0, 16;
    %store/vec4 v0x972d25ae0_0, 0, 16;
    %pushi/vec4 5000, 0, 16;
    %store/vec4 v0x972d26120_0, 0, 16;
    %pushi/vec4 5000, 0, 16;
    %store/vec4 v0x972d26760_0, 0, 16;
    %pushi/vec4 0, 0, 1;
    %store/vec4 v0x972d25a40_0, 0, 1;
    %pushi/vec4 0, 0, 1;
    %store/vec4 v0x972d26080_0, 0, 1;
    %pushi/vec4 0, 0, 1;
    %store/vec4 v0x972d266c0_0, 0, 1;
    %pushi/vec4 8, 0, 32;
T_51.0 %dup/vec4;
    %cmpi/s 0, 0, 32;
    %jmp/1xz T_51.1, 5;
    %jmp/1 T_51.1, 4;
    %subi 1, 0, 32;
    %wait E_0x972cf8f80;
    %jmp T_51.0;
T_51.1 ;
    %pop/vec4 1;
    %pushi/vec4 1, 0, 1;
    %store/vec4 v0x972d26c60_0, 0, 1;
    %pushi/vec4 10, 0, 32;
T_51.2 %dup/vec4;
    %cmpi/s 0, 0, 32;
    %jmp/1xz T_51.3, 5;
    %jmp/1 T_51.3, 4;
    %subi 1, 0, 32;
    %wait E_0x972cf8f80;
    %jmp T_51.2;
T_51.3 ;
    %pop/vec4 1;
    %fork TD_tb_bms_system_3lmu_top_enhanced.pulse_lmu_adc, S_0x97316b780;
    %join;
    %load/vec4 v0x972d25360_0;
    %store/vec4 v0x972d257c0_0, 0, 1;
    %load/vec4 v0x972d25400_0;
    %store/vec4 v0x972d25860_0, 0, 1;
    %fork TD_tb_bms_system_3lmu_top_enhanced.pulse_lmu_adc, S_0x97316b780;
    %join;
    %load/vec4 v0x972d25360_0;
    %store/vec4 v0x972d25e00_0, 0, 1;
    %load/vec4 v0x972d25400_0;
    %store/vec4 v0x972d25ea0_0, 0, 1;
    %fork TD_tb_bms_system_3lmu_top_enhanced.pulse_lmu_adc, S_0x97316b780;
    %join;
    %load/vec4 v0x972d25360_0;
    %store/vec4 v0x972d26440_0, 0, 1;
    %load/vec4 v0x972d25400_0;
    %store/vec4 v0x972d264e0_0, 0, 1;
    %pushi/vec4 1, 0, 1;
    %store/vec4 v0x972d26f80_0, 0, 1;
    %wait E_0x972cf8f80;
    %pushi/vec4 0, 0, 1;
    %store/vec4 v0x972d26f80_0, 0, 1;
    %pushi/vec4 80, 0, 32;
T_51.4 %dup/vec4;
    %cmpi/s 0, 0, 32;
    %jmp/1xz T_51.5, 5;
    %jmp/1 T_51.5, 4;
    %subi 1, 0, 32;
    %wait E_0x972cf8f80;
    %jmp T_51.4;
T_51.5 ;
    %pop/vec4 1;
    %vpi_call/w 3 99 "$display", "INFO TOP nominal: avg_soc=%0d avg_soh=%0d global_fault=%b code=0x%0h", v0x972d26a80_0, v0x972d26b20_0, v0x972d255e0_0, v0x972d25680_0 {0 0 0};
    %load/vec4 v0x972d26a80_0;
    %pushi/vec4 65535, 65535, 16;
    %cmp/ne;
    %flag_get/vec4 6;
    %store/vec4 v0x972ccfac0_0, 0, 1;
    %pushi/vec4 3048314329, 0, 34;
    %concati/vec4 2511372737, 0, 32;
    %concati/vec4 2240654465, 0, 32;
    %concati/vec4 2591693059, 0, 33;
    %concati/vec4 4149692167, 0, 33;
    %concati/vec4 2927889710, 0, 33;
    %concati/vec4 3357088922, 0, 33;
    %concati/vec4 24536430, 0, 26;
    %store/vec4 v0x972ccfb60_0, 0, 256;
    %fork TD_tb_bms_system_3lmu_top_enhanced.check, S_0x1051f2040;
    %join;
    %load/vec4 v0x972d26b20_0;
    %pushi/vec4 65535, 65535, 16;
    %cmp/ne;
    %flag_get/vec4 6;
    %store/vec4 v0x972ccfac0_0, 0, 1;
    %pushi/vec4 3048314329, 0, 34;
    %concati/vec4 2511372737, 0, 32;
    %concati/vec4 2240654465, 0, 32;
    %concati/vec4 2591703299, 0, 33;
    %concati/vec4 4149692167, 0, 33;
    %concati/vec4 2927889710, 0, 33;
    %concati/vec4 3357088922, 0, 33;
    %concati/vec4 24536430, 0, 26;
    %store/vec4 v0x972ccfb60_0, 0, 256;
    %fork TD_tb_bms_system_3lmu_top_enhanced.check, S_0x1051f2040;
    %join;
    %load/vec4 v0x972d255e0_0;
    %pushi/vec4 1, 1, 1;
    %cmp/ne;
    %flag_get/vec4 6;
    %store/vec4 v0x972ccfac0_0, 0, 1;
    %pushi/vec4 3403169998, 0, 33;
    %concati/vec4 3638478018, 0, 32;
    %concati/vec4 3628125378, 0, 32;
    %concati/vec4 3940083776, 0, 32;
    %concati/vec4 3739936992, 0, 32;
    %concati/vec4 3941089490, 0, 32;
    %concati/vec4 3863005412, 0, 32;
    %concati/vec4 1769366894, 0, 31;
    %store/vec4 v0x972ccfb60_0, 0, 256;
    %fork TD_tb_bms_system_3lmu_top_enhanced.check, S_0x1051f2040;
    %join;
    %pushi/vec4 50, 0, 16;
    %store/vec4 v0x972d26120_0, 0, 16;
    %pushi/vec4 40, 0, 32;
T_51.6 %dup/vec4;
    %cmpi/s 0, 0, 32;
    %jmp/1xz T_51.7, 5;
    %jmp/1 T_51.7, 4;
    %subi 1, 0, 32;
    %wait E_0x972cf8f80;
    %jmp T_51.6;
T_51.7 ;
    %pop/vec4 1;
    %load/vec4 v0x972d255e0_0;
    %pushi/vec4 1, 1, 1;
    %cmp/ne;
    %flag_get/vec4 6;
    %store/vec4 v0x972ccfac0_0, 0, 1;
    %pushi/vec4 3706077384, 0, 33;
    %concati/vec4 3839028426, 0, 32;
    %concati/vec4 3695238876, 0, 32;
    %concati/vec4 2167485780, 0, 33;
    %concati/vec4 3296827781, 0, 32;
    %concati/vec4 3585200257, 0, 32;
    %concati/vec4 3453068725, 0, 32;
    %concati/vec4 896300403, 0, 30;
    %store/vec4 v0x972ccfb60_0, 0, 256;
    %fork TD_tb_bms_system_3lmu_top_enhanced.check, S_0x1051f2040;
    %join;
    %load/vec4 v0x972d25680_0;
    %pushi/vec4 255, 255, 8;
    %cmp/ne;
    %flag_get/vec4 6;
    %store/vec4 v0x972ccfac0_0, 0, 1;
    %pushi/vec4 3706077384, 0, 33;
    %concati/vec4 3839028426, 0, 32;
    %concati/vec4 3695238876, 0, 32;
    %concati/vec4 2167485780, 0, 33;
    %concati/vec4 3296827781, 0, 32;
    %concati/vec4 3585200257, 0, 32;
    %concati/vec4 3453068725, 0, 32;
    %concati/vec4 896300403, 0, 30;
    %store/vec4 v0x972ccfb60_0, 0, 256;
    %fork TD_tb_bms_system_3lmu_top_enhanced.check, S_0x1051f2040;
    %join;
    %pushi/vec4 5000, 0, 16;
    %store/vec4 v0x972d26120_0, 0, 16;
    %pushi/vec4 90, 0, 12;
    %store/vec4 v0x972d26940_0, 0, 12;
    %pushi/vec4 320, 0, 16;
    %store/vec4 v0x972d269e0_0, 0, 16;
    %pushi/vec4 1, 0, 1;
    %store/vec4 v0x972d26f80_0, 0, 1;
    %wait E_0x972cf8f80;
    %pushi/vec4 0, 0, 1;
    %store/vec4 v0x972d26f80_0, 0, 1;
    %pushi/vec4 80, 0, 32;
T_51.8 %dup/vec4;
    %cmpi/s 0, 0, 32;
    %jmp/1xz T_51.9, 5;
    %jmp/1 T_51.9, 4;
    %subi 1, 0, 32;
    %wait E_0x972cf8f80;
    %jmp T_51.8;
T_51.9 ;
    %pop/vec4 1;
    %load/vec4 v0x972d26a80_0;
    %pushi/vec4 65535, 65535, 16;
    %cmp/ne;
    %flag_get/vec4 6;
    %store/vec4 v0x972ccfac0_0, 0, 1;
    %pushi/vec4 3403432136, 0, 33;
    %concati/vec4 3940864732, 0, 32;
    %concati/vec4 3460360400, 0, 32;
    %concati/vec4 3403995842, 0, 32;
    %concati/vec4 3630089962, 0, 32;
    %concati/vec4 3840199388, 0, 32;
    %concati/vec4 3896567528, 0, 32;
    %concati/vec4 1919251315, 0, 31;
    %store/vec4 v0x972ccfb60_0, 0, 256;
    %fork TD_tb_bms_system_3lmu_top_enhanced.check, S_0x1051f2040;
    %join;
    %vpi_call/w 3 119 "$display", "TOP TB SUMMARY: PASS=%0d FAIL=%0d", v0x972d26bc0_0, v0x972d25540_0 {0 0 0};
    %load/vec4 v0x972d25540_0;
    %cmpi/e 0, 0, 32;
    %jmp/0xz  T_51.10, 4;
    %vpi_call/w 3 120 "$display", "TB_RESULT: PASS" {0 0 0};
    %jmp T_51.11;
T_51.10 ;
    %vpi_call/w 3 120 "$display", "TB_RESULT: FAIL" {0 0 0};
T_51.11 ;
    %delay 50, 0;
    %vpi_call/w 3 122 "$finish" {0 0 0};
    %end;
    .thread T_51;
# The file index is used to find the file name in the following table.
:file_names 22;
    "N/A";
    "<interactive>";
    "-";
    "tb/top/tb_bms_system_3lmu_top_enhanced.v";
    "rtl/top/bms_system_3lmu_top_enhanced.v";
    "rtl/lmu/bms_lmu_wrapper.v";
    "rtl/lmu/bms_satellite_top.v";
    "rtl/lmu/bms_adc_if.v";
    "rtl/lmu/bms_active_balancer.v";
    "rtl/common/bms_comm_hub.v";
    "rtl/common/bms_can_status_if.v";
    "rtl/common/bms_spi_slave.v";
    "rtl/common/bms_uart_tx.v";
    "rtl/lmu/bms_emi_guard.v";
    "rtl/lmu/bms_fault_processor.v";
    "rtl/lmu/bms_isolation_monitor.v";
    "rtl/lmu/bms_fault_logger.v";
    "rtl/lmu/bms_power_mgmt.v";
    "rtl/lmu/bms_soc_soh_engine.v";
    "rtl/mcu/bms_master_control_unit_enhanced.v";
    "rtl/mcu/bms_current_limit_supervisor.v";
    "rtl/mcu/bms_spi_master.v";
